condition,condition_name,strategy,n_seeds,all_recomputed_checks_passed,nominal_capacity_passed_count,seeds,device_utilization_percent_n,device_utilization_percent_mean,device_utilization_percent_sample_sd,device_utilization_percent_min,device_utilization_percent_max,warm_admission_slo_percent_n,warm_admission_slo_percent_mean,warm_admission_slo_percent_sample_sd,warm_admission_slo_percent_min,warm_admission_slo_percent_max,warm_count_n,warm_count_mean,warm_count_sample_sd,warm_count_min,warm_count_max,full_admission_slo_percent_n,full_admission_slo_percent_mean,full_admission_slo_percent_sample_sd,full_admission_slo_percent_min,full_admission_slo_percent_max
mixed_random,每卡长短混合 / Random,baseline,5,True,5,7;19;43;67;101,5,92.10990766199866,0.7443338371025197,91.29698473632209,92.92286610971522,5,94.80166519660054,1.490692822890529,93.19245497092611,96.60092320604281,5,7042.2,119.23799729951858,6850,7149,5,95.17166940789474,0.6160434585217998,94.66488486842105,95.98581414473684
mixed_random,每卡长短混合 / Random,once,5,True,5,7;19;43;67;101,5,98.46964865164445,0.19550741950458161,98.24823962667439,98.73930117404882,5,99.59738635055342,0.24341628599634188,99.36204146730462,99.8896551724138,5,7478,147.14108875497695,7250,7611,5,99.71114309210526,0.09382075829855818,99.62479440789474,99.84066611842105
mixed_ordered,每卡长短混合 / Ordered,baseline,5,True,5,7;19;43;67;101,5,85.25255358869404,1.402568484344866,83.59625215316386,87.30957690289014,5,81.35567622633663,2.972240796152411,76.7499611981996,84.97988377291014,5,6580.4,104.78692666549583,6443,6711,5,79.56003289473684,1.2515994588196084,77.95024671052632,81.36307565789474
mixed_ordered,每卡长短混合 / Ordered,once,5,True,5,7;19;43;67;101,5,98.71258634787463,0.15101590886254068,98.50978699188103,98.91452108092781,5,99.82194160726849,0.20842554010460815,99.462717861355,99.98695708882222,5,7649.4,13.831124321616086,7631,7667,5,99.72245065789474,0.14052449747627677,99.58367598684211,99.87664473684211
fixed_11_random,11 长卡 / 21 短卡 / Random,baseline,5,True,5,7;19;43;67;101,5,72.88372577973634,0.02460868641239629,72.84451386940083,72.91038427956008,5,62.90300252370753,0.1441763598839141,62.735849056603776,63.12136139722347,5,4458.6,6.308724118235001,4452,4466,5,79.84580592105263,0.055879843441311715,79.77487664473684,79.90851151315789
fixed_11_random,11 长卡 / 21 短卡 / Random,once,5,True,5,7;19;43;67;101,5,98.98328555856011,0.19677975576576207,98.81333204695213,99.30712379910156,5,98.85273771525699,0.3590598766045397,98.49959448499594,99.35587761674718,5,7416.6,33.09531688925187,7371,7452,5,98.89083059210526,0.46458243545411393,98.49917763157895,99.62993421052632
fixed_11_round_robin,11 长卡 / 21 短卡 / 轮转,baseline,5,True,5,7;19;43;67;101,5,72.84276555109855,0.00019695792671420355,72.84242740364525,72.84291043159935,5,62.158402512901056,0.0720072090459108,62.05968140004487,62.26161094906888,5,4457,0.0,4457,4457,5,79.44387335526316,0.041850746270198816,79.38425164473684,79.50246710526316
fixed_11_round_robin,11 长卡 / 21 短卡 / 轮转,once,5,True,5,7;19;43;67;101,5,98.91227090237739,0.31878828220152206,98.38116436571968,99.13234628656299,5,98.54372037084227,0.5254106095799324,97.64208804688565,98.89562289562289,5,7399.4,37.21961848273031,7337,7425,5,98.68112664473684,0.3842084118620561,98.36554276315789,99.25986842105263
fixed_6_random,6 长卡 / 26 短卡 / Random,baseline,5,True,5,7;19;43;67;101,5,83.36932033387188,0.02206848206926762,83.33778962313735,83.39163055595166,5,72.38167201204446,0.04862934091461192,72.30475671255282,72.42411868789982,5,7356,16.55294535724685,7337,7379,5,72.54317434210526,0.0195717853255135,72.52261513157895,72.56373355263158
fixed_6_random,6 长卡 / 26 短卡 / Random,once,5,True,5,7;19;43;67;101,5,98.11907110736769,0.4962053425907336,97.50976710515617,98.79225638178232,5,98.1361675371694,0.6316607846565382,97.37927958068474,99.01033648559489,5,9016.4,50.43114117289039,8967,9094,5,98.13836348684211,0.6175510827391923,97.47121710526316,99.04399671052632
fixed_6_round_robin,6 长卡 / 26 短卡 / 轮转,baseline,5,True,5,7;19;43;67;101,5,83.48161199945017,0.00013114760693383687,83.48142499190216,83.48174070322874,5,72.31876187890308,0.023514129888253025,72.30518598968233,72.3594895465653,5,7366,0.0,7366,7366,5,72.51130756578948,0.041182618470412914,72.48663651315789,72.58429276315789
fixed_6_round_robin,6 长卡 / 26 短卡 / 轮转,once,5,True,5,7;19;43;67;101,5,98.05302173195848,0.5298815199139855,97.54717019797863,98.80915905187855,5,98.09775239850627,0.7309449161135496,97.34375,99.23119165293795,5,9018.2,60.578048829588425,8960,9105,5,97.97080592105263,0.19589998857770746,97.83100328947368,98.30900493421052
raw84,原始完整 84 行 / 独立均匀抽样,baseline,5,True,0,7;19;43;67;101,5,97.42585900498183,1.0281346596326193,96.14721381479393,98.57147578989807,5,80.67824762129614,4.785414578372897,74.92354740061162,86.4963503649635,5,303.2,21.58008341040414,274,327,5,77.92557595256046,2.384164850832056,75.22477522477523,80.50930460333007
raw84,原始完整 84 行 / 独立均匀抽样,once,5,True,0,7;19;43;67;101,5,97.56374163146224,1.2106038409464064,96.20542884608557,98.9679447179856,5,87.19509730593998,3.6126978391835287,83.13253012048193,91.60583941605839,5,305.6,24.027068069159,274,332,5,83.82945627751002,1.5958261098625761,81.51848151848152,85.27214514407684
underload33,原始欠载 33 行子集 / 独立均匀抽样,baseline,5,True,5,7;19;43;67;101,5,100.0,0.0,100.0,100.0,5,100.0,0.0,100.0,100.0,5,149,6.164414002968976,142,156,5,100.0,0.0,100.0,100.0
underload33,原始欠载 33 行子集 / 独立均匀抽样,once,5,True,5,7;19;43;67;101,5,100.0,0.0,100.0,100.0,5,100.0,0.0,100.0,100.0,5,148,6.442049363362563,140,156,5,100.0,0.0,100.0,100.0
raw_quartet_random,原始欠载四画像 / Random,baseline,5,True,5,7;19;43;67;101,5,99.99927893011858,0.0005501339283851345,99.99880405137054,100.0,5,100.0,0.0,100.0,100.0,5,635.6,4.8270073544588685,629,640,5,100.0,0.0,100.0,100.0
raw_quartet_random,原始欠载四画像 / Random,once,5,True,5,7;19;43;67;101,5,99.90214153634678,0.05553654623149386,99.85005282513609,99.97456028178065,5,100.0,0.0,100.0,100.0,5,635.8,5.06951674225463,630,641,5,100.0,0.0,100.0,100.0
raw_quartet_ordered,原始欠载四画像 / Ordered,baseline,5,True,5,7;19;43;67;101,5,99.8116494576765,0.01730989326667834,99.79047143734302,99.82931528497687,5,100.0,0.0,100.0,100.0,5,625,0.0,625,625,5,100.0,0.0,100.0,100.0
raw_quartet_ordered,原始欠载四画像 / Ordered,once,5,True,5,7;19;43;67;101,5,99.64219243391736,0.1560452060225638,99.41017391185028,99.83195764493247,5,100.0,0.0,100.0,100.0,5,635,0.0,635,635,5,100.0,0.0,100.0,100.0
raw_nearest_ordered,最接近原图的原始四画像 / Ordered（过载诊断）,baseline,1,True,0,7,1,46.66444169142673,,46.66444169142673,46.66444169142673,1,7.987470634299139,,7.987470634299139,7.987470634299139,1,1277,,1277,1277,1,5.4139254385964914,,5.4139254385964914,5.4139254385964914
raw_nearest_ordered,最接近原图的原始四画像 / Ordered（过载诊断）,once,1,True,0,7,1,45.74281620721051,,45.74281620721051,45.74281620721051,1,14.705882352941176,,14.705882352941176,14.705882352941176,1,1292,,1292,1292,1,14.569627192982455,,14.569627192982455,14.569627192982455
