label,family,seed,strategy,input_fingerprint,window_start_ms,window_end_ms,seq_len_k,nql,compute_ms,active_ms,fleet_time_compute_share,fleet_time_active_share,profile_active_compute_fraction,all_active
aligned_short080_ssu6_seed7,aligned,7,baseline,4d2fc8f78a881b92ecca84b6bf0764276f986c9bf1727a1309774176f9f5089a,1000,2000,1,128,4610.893892811925,7513.1408824132495,0.14409043415037265,0.23478565257541406,0.613710559268907,True
aligned_short080_ssu6_seed7,aligned,7,baseline,4d2fc8f78a881b92ecca84b6bf0764276f986c9bf1727a1309774176f9f5089a,1000,2000,1,256,6260.138769262153,8844.084805263252,0.19562933653944228,0.27637765016447663,0.707833417148674,True
aligned_short080_ssu6_seed7,aligned,7,baseline,4d2fc8f78a881b92ecca84b6bf0764276f986c9bf1727a1309774176f9f5089a,1000,2000,1,384,7696.997133479521,9971.92495148947,0.24053116042123504,0.31162265473404593,0.7718667329450618,True
aligned_short080_ssu6_seed7,aligned,7,baseline,4d2fc8f78a881b92ecca84b6bf0764276f986c9bf1727a1309774176f9f5089a,1000,2000,192,256,5281.599072352616,5670.8493608340395,0.16504997101101923,0.17721404252606374,0.9313594377643325,True
aligned_short080_ssu6_seed7,aligned,7,baseline,4d2fc8f78a881b92ecca84b6bf0764276f986c9bf1727a1309774176f9f5089a,2000,3000,1,128,5138.607400281704,7475.837962032878,0.16058148125880325,0.23361993631352743,0.6873620624709716,True
aligned_short080_ssu6_seed7,aligned,7,baseline,4d2fc8f78a881b92ecca84b6bf0764276f986c9bf1727a1309774176f9f5089a,2000,3000,1,256,6767.757065940845,8750.168339262922,0.2114924083106514,0.2734427606019663,0.7734430702976547,True
aligned_short080_ssu6_seed7,aligned,7,baseline,4d2fc8f78a881b92ecca84b6bf0764276f986c9bf1727a1309774176f9f5089a,2000,3000,1,384,8713.189061129153,10393.936384859979,0.27228715816028604,0.32481051202687433,0.8382954001739863,True
aligned_short080_ssu6_seed7,aligned,7,baseline,4d2fc8f78a881b92ecca84b6bf0764276f986c9bf1727a1309774176f9f5089a,2000,3000,192,256,5016.383427026725,5380.057313844217,0.15676198209458517,0.16812679105763179,0.9324033433841552,True
aligned_short080_ssu6_seed7,aligned,7,new_once,4d2fc8f78a881b92ecca84b6bf0764276f986c9bf1727a1309774176f9f5089a,1000,2000,1,128,5691.108971604134,5691.108971604134,0.17784715536262918,0.17784715536262918,1.0,True
aligned_short080_ssu6_seed7,aligned,7,new_once,4d2fc8f78a881b92ecca84b6bf0764276f986c9bf1727a1309774176f9f5089a,1000,2000,1,256,7485.983088336204,7485.983088336204,0.23393697151050638,0.23393697151050638,1.0,True
aligned_short080_ssu6_seed7,aligned,7,new_once,4d2fc8f78a881b92ecca84b6bf0764276f986c9bf1727a1309774176f9f5089a,1000,2000,1,384,9510.641529124341,9510.641529124341,0.29720754778513564,0.29720754778513564,1.0,True
aligned_short080_ssu6_seed7,aligned,7,new_once,4d2fc8f78a881b92ecca84b6bf0764276f986c9bf1727a1309774176f9f5089a,1000,2000,192,256,6715.505745283012,9312.266410935315,0.20985955454009414,0.2910083253417286,0.7211462225132489,True
aligned_short080_ssu6_seed7,aligned,7,new_once,4d2fc8f78a881b92ecca84b6bf0764276f986c9bf1727a1309774176f9f5089a,2000,3000,1,128,6255.7816373324695,6255.7816373324695,0.19549317616663967,0.19549317616663967,1.0,True
aligned_short080_ssu6_seed7,aligned,7,new_once,4d2fc8f78a881b92ecca84b6bf0764276f986c9bf1727a1309774176f9f5089a,2000,3000,1,256,8482.374313705597,8482.374313705597,0.2650741973032999,0.2650741973032999,1.0,True
aligned_short080_ssu6_seed7,aligned,7,new_once,4d2fc8f78a881b92ecca84b6bf0764276f986c9bf1727a1309774176f9f5089a,2000,3000,1,384,10836.329798062687,10836.329798062687,0.338635306189459,0.338635306189459,1.0,True
aligned_short080_ssu6_seed7,aligned,7,new_once,4d2fc8f78a881b92ecca84b6bf0764276f986c9bf1727a1309774176f9f5089a,2000,3000,192,256,5660.603113169289,6425.514250899245,0.17689384728654028,0.2007973203406014,0.8809572109153898,True
raw_size_varied_ssu6_seed7,raw,7,baseline,d5653af784d581fb61c67501f5b105a93d790fb506a1fa88ecbc51aad1b84195,1000,2000,32,128,656.653507204712,1400.820008689739,0.02052042210014725,0.04377562527155435,0.4687636549530119,True
raw_size_varied_ssu6_seed7,raw,7,baseline,d5653af784d581fb61c67501f5b105a93d790fb506a1fa88ecbc51aad1b84195,1000,2000,48,256,1593.8130516705264,2001.008588358978,0.04980665786470395,0.06253151838621807,0.7965048530739233,True
raw_size_varied_ssu6_seed7,raw,7,baseline,d5653af784d581fb61c67501f5b105a93d790fb506a1fa88ecbc51aad1b84195,1000,2000,64,512,3205.1183286666464,3261.0214185645764,0.1001599477708327,0.10190691933014301,0.9828571840774547,True
raw_size_varied_ssu6_seed7,raw,7,baseline,d5653af784d581fb61c67501f5b105a93d790fb506a1fa88ecbc51aad1b84195,1000,2000,192,1024,2957.3556380165473,3014.6047387408903,0.0924173636880171,0.09420639808565281,0.9810094172583785,True
raw_size_varied_ssu6_seed7,raw,7,baseline,d5653af784d581fb61c67501f5b105a93d790fb506a1fa88ecbc51aad1b84195,1000,2000,192,2048,22216.54640719062,22322.54524564582,0.6942670752247069,0.6975795389264319,0.9952514895909608,True
raw_size_varied_ssu6_seed7,raw,7,baseline,d5653af784d581fb61c67501f5b105a93d790fb506a1fa88ecbc51aad1b84195,2000,3000,32,128,804.002636929122,1485.7786868707549,0.025125082404035062,0.04643058396471109,0.5411321645907152,True
raw_size_varied_ssu6_seed7,raw,7,baseline,d5653af784d581fb61c67501f5b105a93d790fb506a1fa88ecbc51aad1b84195,2000,3000,48,256,1620.4604003500172,1914.5732697593535,0.050639387510938036,0.05983041467997979,0.8463820246240542,True
raw_size_varied_ssu6_seed7,raw,7,baseline,d5653af784d581fb61c67501f5b105a93d790fb506a1fa88ecbc51aad1b84195,2000,3000,64,512,4181.086888604064,4281.508756383809,0.13065896526887702,0.13379714863699402,0.9765452149011692,True
raw_size_varied_ssu6_seed7,raw,7,baseline,d5653af784d581fb61c67501f5b105a93d790fb506a1fa88ecbc51aad1b84195,2000,3000,192,1024,3059.266039471833,3090.678632251689,0.0956020637334948,0.09658370725786529,0.9898363445322135,True
raw_size_varied_ssu6_seed7,raw,7,baseline,d5653af784d581fb61c67501f5b105a93d790fb506a1fa88ecbc51aad1b84195,2000,3000,192,2048,21136.269541601912,21227.460654734394,0.6605084231750598,0.6633581454604498,0.9957040969423658,True
raw_size_varied_ssu6_seed7,raw,7,new_once,d5653af784d581fb61c67501f5b105a93d790fb506a1fa88ecbc51aad1b84195,1000,2000,32,128,669.1187446637123,696.8808953485913,0.020909960770741007,0.021777527979643475,0.9601622732518849,True
raw_size_varied_ssu6_seed7,raw,7,new_once,d5653af784d581fb61c67501f5b105a93d790fb506a1fa88ecbc51aad1b84195,1000,2000,48,256,1619.842789342847,1623.5233760979543,0.05062008716696397,0.05073510550306107,0.9977329634982199,True
raw_size_varied_ssu6_seed7,raw,7,new_once,d5653af784d581fb61c67501f5b105a93d790fb506a1fa88ecbc51aad1b84195,1000,2000,64,512,3264.8284247915362,3304.3413382368635,0.10202588827473551,0.10326066681990198,0.9880421211367919,True
raw_size_varied_ssu6_seed7,raw,7,new_once,d5653af784d581fb61c67501f5b105a93d790fb506a1fa88ecbc51aad1b84195,1000,2000,192,1024,2999.0699958165415,3081.6854333107594,0.09372093736926693,0.09630266979096123,0.9731914761314683,True
raw_size_varied_ssu6_seed7,raw,7,new_once,d5653af784d581fb61c67501f5b105a93d790fb506a1fa88ecbc51aad1b84195,1000,2000,192,2048,22939.27763540657,23293.56895700584,0.7168524261064554,0.7279240299064325,0.9847901658070002,True
raw_size_varied_ssu6_seed7,raw,7,new_once,d5653af784d581fb61c67501f5b105a93d790fb506a1fa88ecbc51aad1b84195,2000,3000,32,128,810.4818597335109,842.6030352648825,0.025327558116672214,0.026331344852027577,0.961878637760575,True
raw_size_varied_ssu6_seed7,raw,7,new_once,d5653af784d581fb61c67501f5b105a93d790fb506a1fa88ecbc51aad1b84195,2000,3000,48,256,1606.930231350048,1611.0821054109015,0.050216569729689,0.05034631579409067,0.9974229283244416,True
raw_size_varied_ssu6_seed7,raw,7,new_once,d5653af784d581fb61c67501f5b105a93d790fb506a1fa88ecbc51aad1b84195,2000,3000,64,512,4152.402674588226,4308.653798143594,0.12976258358088205,0.13464543119198732,0.9637355120936637,True
raw_size_varied_ssu6_seed7,raw,7,new_once,d5653af784d581fb61c67501f5b105a93d790fb506a1fa88ecbc51aad1b84195,2000,3000,192,1024,3068.3683437075424,3383.340051629657,0.0958865107408607,0.10572937661342678,0.9069050987735029,True
raw_size_varied_ssu6_seed7,raw,7,new_once,d5653af784d581fb61c67501f5b105a93d790fb506a1fa88ecbc51aad1b84195,2000,3000,192,2048,21299.780968949442,21854.321009550946,0.66561815527967,0.6829475315484671,0.9746256110926917,True
