case,num_ssu,bin,relative_start_ms,relative_end_ms,absolute_start_ms,absolute_end_ms,duration_ms,mean_npu_compute_utilization,mean_npu_compute_utilization_pct,min_npu_compute_utilization_pct,max_npu_compute_utilization_pct,mean_npu_link_utilization,mean_npu_link_utilization_pct,fleet_npu_link_served_gb,fleet_npu_link_bandwidth_gbps,mean_ssd_utilization,mean_ssd_utilization_pct,fleet_ssd_served_gb,fleet_ssd_bandwidth_gbps,max_single_ssu_bandwidth_gbps
baseline,4,0,0.0,0.5,10136.618340562687,10137.118340562687,0.5,0.875,87.5,0.0,100.0,0.10492842780877254,10.492842780877254,0.08394274224701803,167.88548449403606,1.0,100.0,0.08,160.0,40.0
baseline,4,1,0.5,1.0,10137.118340562687,10137.618340562687,0.5,0.875,87.5,0.0,100.0,0.08678885060282937,8.678885060282937,0.0694310804822635,138.862160964527,1.0,100.0,0.08,160.0,40.0
baseline,4,2,1.0,1.5,10137.618340562687,10138.118340562687,0.5,0.9000564543712244,90.00564543712244,0.0,100.0,0.09498000522739858,9.498000522739858,0.07598400418191886,151.96800836383773,1.0,100.0,0.08,160.0,40.0
baseline,4,3,1.5,2.0,10138.118340562687,10138.618340562687,0.5,0.8996851649050086,89.96851649050086,0.0,100.0,0.11003656941386453,11.003656941386453,0.08802925553109163,176.05851106218327,1.0,100.0,0.08,160.0,40.00000000000001
baseline,4,4,2.0,2.5,10138.618340562687,10139.118340562687,0.5,0.90625,90.625,0.0,100.0,0.09128789347676047,9.128789347676047,0.07303031478140838,146.06062956281676,1.0,100.0,0.08,160.0,40.00000000000001
baseline,4,5,2.5,3.0,10139.118340562687,10139.618340562687,0.5,0.90625,90.625,0.0,100.0,0.1182332568273523,11.82332568273523,0.09458660546188184,189.1732109237637,1.0,100.0,0.07999999999999999,159.99999999999997,40.0
baseline,4,6,3.0,3.5,10139.618340562687,10140.118340562687,0.5,0.90625,90.625,0.0,100.0,0.09405016001733202,9.405016001733202,0.0752401280138656,150.4802560277312,1.0,100.0,0.08,160.0,40.0
baseline,4,7,3.5,4.0,10140.118340562687,10140.618340562687,0.5,0.922856899927865,92.2856899927865,0.0,100.0,0.09640826829661364,9.640826829661364,0.07712661463729091,154.25322927458183,1.0,100.0,0.08,160.0,40.0
baseline,4,8,4.0,4.5,10140.618340562687,10141.118340562687,0.5,0.9375,93.75,0.0,100.0,0.08124776818374357,8.124776818374357,0.06499821454699486,129.99642909398972,1.0,100.0,0.08,160.0,40.0
baseline,4,9,4.5,5.0,10141.118340562687,10141.618340562687,0.5,0.9375,93.75,0.0,100.0,0.09660701197651633,9.660701197651633,0.07728560958121307,154.57121916242613,1.0,100.0,0.08,160.0,40.0
baseline,4,10,5.0,5.5,10141.618340562687,10142.118340562687,0.5,0.9371296240833544,93.71296240833544,0.0,100.0,0.11251640319824219,11.251640319824219,0.09001312255859376,180.0262451171875,1.0,100.0,0.08,160.0,40.0
baseline,4,11,5.5,6.0,10142.118340562687,10142.618340562687,0.5,0.90625,90.625,0.0,100.0,0.08464265767065626,8.464265767065626,0.06771412613652503,135.42825227305005,1.0,100.0,0.08,160.0,40.0
baseline,4,12,6.0,6.5,10142.618340562687,10143.118340562687,0.5,0.90625,90.625,0.0,100.0,0.08691419972569747,8.691419972569747,0.06953135978055798,139.06271956111596,1.0,100.0,0.08,160.0,40.0
baseline,4,13,6.5,7.0,10143.118340562687,10143.618340562687,0.5,0.8856573950032498,88.56573950032498,0.0,100.0,0.11247361843845738,11.247361843845738,0.0899788947507659,179.9577895015318,1.0,100.0,0.07999999999999999,159.99999999999997,40.0
baseline,4,14,7.0,7.5,10143.618340562687,10144.118340562687,0.5,0.875,87.5,0.0,100.0,0.11035099618061395,11.035099618061395,0.08828079694449116,176.56159388898232,1.0,100.0,0.07999999999999999,159.99999999999997,40.0
baseline,4,15,7.5,8.0,10144.118340562687,10144.618340562687,0.5,0.902949902247201,90.2949902247201,0.0,100.0,0.11251640319824219,11.251640319824219,0.09001312255859374,180.02624511718747,1.0,100.0,0.08,160.0,40.0
baseline,4,16,8.0,8.5,10144.618340562687,10145.118340562687,0.5,0.8917349193343398,89.17349193343398,0.0,100.0,0.08443761769262892,8.443761769262892,0.06755009415410312,135.10018830820624,1.0,100.0,0.08,160.0,40.0
baseline,4,17,8.5,9.0,10145.118340562687,10145.618340562687,0.5,0.865197292834182,86.5197292834182,0.0,100.0,0.10151838358910936,10.151838358910936,0.0812147068712875,162.429413742575,1.0,100.0,0.08000000000000002,160.00000000000003,40.00000000000001
baseline,4,18,9.0,9.5,10145.618340562687,10146.118340562687,0.5,0.84375,84.375,0.0,100.0,0.11009851714220531,11.009851714220531,0.08807881371376423,176.15762742752847,1.0,100.0,0.08,160.0,40.0
baseline,4,19,9.5,10.0,10146.118340562687,10146.618340562687,0.5,0.84375,84.375,0.0,100.0,0.0812240030564908,8.12240030564908,0.06497920244519265,129.95840489038528,1.0,100.0,0.08,160.0,40.0
baseline,4,20,10.0,10.5,10146.618340562687,10147.118340562687,0.5,0.84531173391224,84.531173391224,0.0,100.0,0.0995281575098943,9.95281575098943,0.07962252600791545,159.24505201583088,1.0,100.0,0.08000000000000002,160.00000000000003,40.00000000000001
baseline,4,21,10.5,11.0,10147.118340562687,10147.618340562687,0.5,0.851980838862346,85.1980838862346,0.0,100.0,0.13124094358693128,13.124094358693128,0.10499275486954503,209.98550973909005,1.0,100.0,0.07999999999999999,159.99999999999997,40.0
baseline,4,22,11.0,11.5,10147.618340562687,10148.118340562687,0.5,0.84375,84.375,0.0,100.0,0.11616736699068042,11.616736699068042,0.09293389359254434,185.86778718508867,1.0,100.0,0.07999999999999999,159.99999999999997,40.0
baseline,4,23,11.5,12.0,10148.118340562687,10148.618340562687,0.5,0.8753911909079761,87.53911909079761,0.0,100.0,0.08159189463469829,8.15918946346983,0.06527351570775863,130.54703141551727,1.0,100.0,0.08,160.0,40.0
baseline,4,24,12.0,12.5,10148.618340562687,10149.118340562687,0.5,0.9021229628017409,90.21229628017409,0.0,100.0,0.08126640319824219,8.126640319824219,0.06501312255859376,130.02624511718753,1.0,100.0,0.08,160.0,40.0
baseline,4,25,12.5,13.0,10149.118340562687,10149.618340562687,0.5,0.8684351649050086,86.84351649050086,0.0,100.0,0.08262900752094993,8.262900752094993,0.06610320601675994,132.20641203351988,1.0,100.0,0.08,160.0,40.0
baseline,4,26,13.0,13.5,10149.618340562687,10150.118340562687,0.5,0.875,87.5,0.0,100.0,0.11249021551986971,11.24902155198697,0.08999217241589577,179.98434483179153,1.0,100.0,0.08,160.0,40.0
baseline,4,27,13.5,14.0,10150.118340562687,10150.618340562687,0.5,0.875,87.5,0.0,100.0,0.10378715437002484,10.378715437002484,0.08302972349601986,166.05944699203974,1.0,100.0,0.08,160.0,40.0
baseline,4,28,14.0,14.5,10150.618340562687,10151.118340562687,0.5,0.875,87.5,0.0,100.0,0.10867255981622748,10.867255981622748,0.08693804785298198,173.87609570596396,1.0,100.0,0.08,160.0,40.00000000000001
baseline,4,29,14.5,15.0,10151.118340562687,10151.618340562687,0.5,0.875,87.5,0.0,100.0,0.11037112075632649,11.037112075632649,0.0882968966050612,176.59379321012239,1.0,100.0,0.08,160.0,40.00000000000001
baseline,4,30,15.0,15.5,10151.618340562687,10152.118340562687,0.5,0.875,87.5,0.0,100.0,0.08354806900024414,8.354806900024414,0.06683845520019531,133.67691040039062,1.0,100.0,0.07999999999999999,159.99999999999997,40.0
baseline,4,31,15.5,16.0,10152.118340562687,10152.618340562687,0.5,0.887214752863656,88.7214752863656,0.0,100.0,0.12919024867085227,12.919024867085227,0.10335219893668181,206.7043978733636,1.0,100.0,0.08,160.0,40.0
baseline,4,32,16.0,16.5,10152.618340562687,10153.118340562687,0.5,0.90625,90.625,0.0,100.0,0.08990955352783203,8.990955352783203,0.07192764282226562,143.85528564453122,1.0,100.0,0.08,160.0,40.0
baseline,4,33,16.5,17.0,10153.118340562687,10153.618340562687,0.5,0.90625,90.625,0.0,100.0,0.0986106485459004,9.86106485459004,0.07888851883672032,157.77703767344065,1.0,100.0,0.08,160.0,40.0
baseline,4,34,17.0,17.5,10153.618340562687,10154.118340562687,0.5,0.904334629652908,90.4334629652908,0.0,100.0,0.08125486688732053,8.125486688732053,0.06500389350985641,130.00778701971282,1.0,100.0,0.08,160.0,40.0
baseline,4,35,17.5,18.0,10154.118340562687,10154.618340562687,0.5,0.875,87.5,0.0,100.0,0.09660761939812801,9.6607619398128,0.0772860955185024,154.5721910370048,1.0,100.0,0.08,160.0,40.0
baseline,4,36,18.0,18.5,10154.618340562687,10155.118340562687,0.5,0.875,87.5,0.0,100.0,0.11509584483178514,11.509584483178514,0.09207667586542811,184.15335173085623,1.0,100.0,0.08,160.0,40.0
baseline,4,37,18.5,19.0,10155.118340562687,10155.618340562687,0.5,0.875,87.5,0.0,100.0,0.11099522112886007,11.099522112886007,0.08879617690308805,177.5923538061761,1.0,100.0,0.08,160.0,40.0
baseline,4,38,19.0,19.5,10155.618340562687,10156.118340562687,0.5,0.875,87.5,0.0,100.0,0.08126640319824219,8.126640319824219,0.06501312255859375,130.0262451171875,1.0,100.0,0.07999999999999999,159.99999999999997,40.0
baseline,4,39,19.5,20.0,10156.118340562687,10156.618340562687,0.5,0.875,87.5,0.0,100.0,0.08126640319824219,8.126640319824219,0.06501312255859375,130.0262451171875,1.0,100.0,0.07999999999999999,159.99999999999997,40.0
baseline,4,40,20.0,20.5,10156.618340562687,10157.118340562687,0.5,0.8447984616778967,84.47984616778967,0.0,100.0,0.1040938321974636,10.40938321974636,0.08327506575797088,166.55013151594176,1.0,100.0,0.08,160.0,40.0
baseline,4,41,20.5,21.0,10157.118340562687,10157.618340562687,0.5,0.8167324988353357,81.67324988353357,0.0,100.0,0.11248007135509397,11.248007135509397,0.08998405708407517,179.96811416815035,1.0,100.0,0.08,160.0,40.0
baseline,4,42,21.0,21.5,10157.618340562687,10158.118340562687,0.5,0.8645459143626795,86.45459143626795,0.0,100.0,0.11373246853611363,11.373246853611363,0.0909859748288909,181.9719496577818,1.0,100.0,0.08000000000000002,160.00000000000003,40.00000000000001
baseline,4,43,21.5,22.0,10158.118340562687,10158.618340562687,0.5,0.875,87.5,0.0,100.0,0.09599176939082099,9.5991769390821,0.0767934155126568,153.5868310253136,1.0,100.0,0.08,160.0,40.0
baseline,4,44,22.0,22.5,10158.618340562687,10159.118340562687,0.5,0.8721957436027878,87.21957436027878,0.0,100.0,0.08126640319824219,8.126640319824219,0.06501312255859375,130.0262451171875,1.0,100.0,0.08,160.0,40.0
baseline,4,45,22.5,23.0,10159.118340562687,10159.618340562687,0.5,0.84375,84.375,0.0,100.0,0.107970518293655,10.7970518293655,0.08637641463492401,172.75282926984804,1.0,100.0,0.08000000000000002,160.00000000000003,40.00000000000001
baseline,4,46,23.0,23.5,10159.618340562687,10160.118340562687,0.5,0.8344378365495686,83.44378365495686,0.0,100.0,0.10428686696025125,10.428686696025125,0.08342949356820101,166.85898713640202,1.0,100.0,0.07999999999999999,159.99999999999997,40.0
baseline,4,47,23.5,24.0,10160.118340562687,10160.618340562687,0.5,0.8125,81.25,0.0,100.0,0.08124628381847288,8.124628381847288,0.06499702705477829,129.99405410955657,1.0,100.0,0.07999999999999999,159.99999999999997,40.0
baseline,4,48,24.0,24.5,10160.618340562687,10161.118340562687,0.5,0.8373709647166834,83.73709647166834,0.0,100.0,0.10582154380608699,10.5821543806087,0.0846572350448696,169.31447008973922,1.0,100.0,0.08,160.0,40.0
baseline,4,49,24.5,25.0,10161.118340562687,10161.618340562687,0.5,0.84375,84.375,0.0,100.0,0.1319875717163086,13.19875717163086,0.10559005737304687,211.18011474609375,1.0,100.0,0.08,160.0,40.0
baseline,4,50,25.0,25.5,10161.618340562687,10162.118340562687,0.5,0.84375,84.375,0.0,100.0,0.09897075946071254,9.897075946071254,0.07917660756857003,158.35321513714007,1.0,100.0,0.08,160.0,40.0
baseline,4,51,25.5,26.0,10162.118340562687,10162.618340562687,0.5,0.8679309813487635,86.79309813487635,0.0,100.0,0.08793859721038189,8.793859721038189,0.07035087776830551,140.70175553661102,1.0,100.0,0.08,160.0,40.0
baseline,4,52,26.0,26.5,10162.618340562687,10163.118340562687,0.5,0.8689008565345375,86.89008565345375,0.0,100.0,0.08693122863769531,8.693122863769531,0.06954498291015625,139.0899658203125,1.0,100.0,0.08,160.0,40.0
baseline,4,53,26.5,27.0,10163.118340562687,10163.618340562687,0.5,0.871447253014253,87.1447253014253,0.0,100.0,0.11197022837666282,11.197022837666282,0.08957618270133025,179.1523654026605,1.0,100.0,0.08,160.0,40.00000000000001
baseline,4,54,27.0,27.5,10163.618340562687,10164.118340562687,0.5,0.84375,84.375,0.0,100.0,0.09084578114482156,9.084578114482156,0.07267662491585725,145.3532498317145,1.0,100.0,0.08,160.0,40.00000000000001
baseline,4,55,27.5,28.0,10164.118340562687,10164.618340562687,0.5,0.84375,84.375,0.0,100.0,0.10761102144169854,10.761102144169854,0.08608881715335882,172.17763430671764,1.0,100.0,0.07999999999999999,159.99999999999997,40.0
baseline,4,56,28.0,28.5,10164.618340562687,10165.118340562687,0.5,0.84375,84.375,0.0,100.0,0.09735552366328193,9.735552366328193,0.07788441893062555,155.7688378612511,1.0,100.0,0.08,160.0,40.0
baseline,4,57,28.5,29.0,10165.118340562687,10165.618340562687,0.5,0.84375,84.375,0.0,100.0,0.082875388995717,8.2875388995717,0.06630031119657359,132.60062239314718,1.0,100.0,0.08,160.0,40.0
baseline,4,58,29.0,29.5,10165.618340562687,10166.118340562687,0.5,0.872676464747201,87.2676464747201,0.0,100.0,0.1096745970713755,10.96745970713755,0.08773967765710042,175.47935531420083,1.0,100.0,0.08,160.0,40.0
baseline,4,59,29.5,30.0,10166.118340562687,10166.618340562687,0.5,0.875,87.5,0.0,100.0,0.10923500615092507,10.923500615092507,0.08738800492074006,174.77600984148012,1.0,100.0,0.08,160.0,40.0
baseline,4,60,30.0,30.5,10166.618340562687,10167.118340562687,0.5,0.875,87.5,0.0,100.0,0.11844038065942186,11.844038065942186,0.09475230452753747,189.50460905507492,1.0,100.0,0.08,160.0,40.0
baseline,4,61,30.5,31.0,10167.118340562687,10167.618340562687,0.5,0.8964439360606775,89.64439360606775,0.0,100.0,0.09108324604960671,9.108324604960671,0.07286659683968537,145.73319367937074,1.0,100.0,0.08,160.0,40.0
baseline,4,62,31.0,31.5,10167.618340562687,10168.118340562687,0.5,0.90625,90.625,0.0,100.0,0.10312274435102609,10.312274435102609,0.08249819548082087,164.99639096164174,1.0,100.0,0.08,160.0,40.0
baseline,4,63,31.5,32.0,10168.118340562687,10168.618340562687,0.5,0.90625,90.625,0.0,100.0,0.10917274677331079,10.91727467733108,0.08733819741864864,174.67639483729727,1.0,100.0,0.07999999999999999,159.99999999999997,40.0
baseline,4,64,32.0,32.5,10168.618340562687,10169.118340562687,0.5,0.90625,90.625,0.0,100.0,0.09883964301877768,9.883964301877768,0.07907171441502214,158.1434288300443,1.0,100.0,0.07999999999999999,159.99999999999997,40.0
baseline,4,65,32.5,33.0,10169.118340562687,10169.618340562687,0.5,0.90625,90.625,0.0,100.0,0.0989620775314961,9.89620775314961,0.07916966202519689,158.33932405039377,1.0,100.0,0.08,160.0,40.0
baseline,4,66,33.0,33.5,10169.618340562687,10170.118340562687,0.5,0.90625,90.625,0.0,100.0,0.10319086052993498,10.319086052993498,0.08255268842394797,165.10537684789594,1.0,100.0,0.08,160.0,40.0
baseline,4,67,33.5,34.0,10170.118340562687,10170.618340562687,0.5,0.8610769706720021,86.1076970672002,0.0,100.0,0.08126640319824219,8.126640319824219,0.06501312255859375,130.0262451171875,1.0,100.0,0.08000000000000002,160.00000000000003,40.00000000000001
baseline,4,68,34.0,34.5,10170.618340562687,10171.118340562687,0.5,0.84375,84.375,0.0,100.0,0.08126640319824219,8.126640319824219,0.06501312255859375,130.0262451171875,1.0,100.0,0.08,160.0,40.0
baseline,4,69,34.5,35.0,10171.118340562687,10171.618340562687,0.5,0.84375,84.375,0.0,100.0,0.10627526997711811,10.627526997711811,0.08502021598169449,170.04043196338898,1.0,100.0,0.08,160.0,40.0
baseline,4,70,35.0,35.5,10171.618340562687,10172.118340562687,0.5,0.8243978832015273,82.43978832015273,0.0,100.0,0.11247539520263672,11.247539520263672,0.08998031616210937,179.96063232421875,1.0,100.0,0.08000000000000002,160.00000000000003,40.00000000000001
baseline,4,71,35.5,36.0,10172.118340562687,10172.618340562687,0.5,0.8346162764537439,83.46162764537439,0.0,100.0,0.09131225846999769,9.131225846999769,0.07304980677599815,146.0996135519963,1.0,100.0,0.07999999999999999,159.99999999999997,40.0
baseline,4,72,36.0,36.5,10172.618340562687,10173.118340562687,0.5,0.8509584395396814,85.09584395396814,0.0,100.0,0.1087462939847228,10.87462939847228,0.08699703518777824,173.99407037555648,1.0,100.0,0.07999999999999999,159.99999999999997,40.0
baseline,4,73,36.5,37.0,10173.118340562687,10173.618340562687,0.5,0.875,87.5,0.0,100.0,0.09866877156230203,9.866877156230203,0.07893501724984163,157.87003449968327,1.0,100.0,0.08,160.0,40.0
baseline,4,74,37.0,37.5,10173.618340562687,10174.118340562687,0.5,0.8667688263872151,86.67688263872151,0.0,100.0,0.09205411967309374,9.205411967309374,0.07364329573847499,147.28659147694998,1.0,100.0,0.08,160.0,40.0
baseline,4,75,37.5,38.0,10174.118340562687,10174.618340562687,0.5,0.8232832184257859,82.32832184257859,0.0,100.0,0.11152606353755345,11.152606353755345,0.08922085083004276,178.44170166008553,1.0,100.0,0.08,160.0,40.0
baseline,4,76,38.0,38.5,10174.618340562687,10175.118340562687,0.5,0.8125,81.25,0.0,100.0,0.08818350707144873,8.818350707144873,0.07054680565715898,141.09361131431797,1.0,100.0,0.08,160.0,40.0
baseline,4,77,38.5,39.0,10175.118340562687,10175.618340562687,0.5,0.8258405653941736,82.58405653941736,0.0,100.0,0.11146224682590855,11.146224682590855,0.08916979746072684,178.33959492145368,1.0,100.0,0.08,160.0,40.0
baseline,4,78,39.0,39.5,10175.618340562687,10176.118340562687,0.5,0.84375,84.375,0.0,100.0,0.11412092187026701,11.412092187026701,0.09129673749621361,182.59347499242722,1.0,100.0,0.08,160.0,40.00000000000001
baseline,4,79,39.5,40.0,10176.118340562687,10176.618340562687,0.5,0.84375,84.375,0.0,100.0,0.10233106927989866,10.233106927989866,0.08186485542391891,163.72971084783782,1.0,100.0,0.08,160.0,40.00000000000001
baseline,4,80,40.0,40.5,10176.618340562687,10177.118340562687,0.5,0.84375,84.375,0.0,100.0,0.08592208603772633,8.592208603772633,0.06873766883018106,137.47533766036213,1.0,100.0,0.07999999999999999,159.99999999999997,40.0
baseline,4,81,40.5,41.0,10177.118340562687,10177.618340562687,0.5,0.8278441313198073,82.78441313198073,0.0,100.0,0.10958533630366674,10.958533630366674,0.08766826904293339,175.33653808586678,1.0,100.0,0.08,160.0,40.0
baseline,4,82,41.0,41.5,10177.618340562687,10178.118340562687,0.5,0.8125,81.25,0.0,100.0,0.08240671711894265,8.240671711894265,0.06592537369515412,131.85074739030824,1.0,100.0,0.08,160.0,40.0
baseline,4,83,41.5,42.0,10178.118340562687,10178.618340562687,0.5,0.8390962537741871,83.9096253774187,0.0,100.0,0.09630759660649346,9.630759660649346,0.07704607728519476,154.0921545703895,1.0,100.0,0.08,160.0,40.0
baseline,4,84,42.0,42.5,10178.618340562687,10179.118340562687,0.5,0.875,87.5,0.0,100.0,0.11118479329081765,11.118479329081765,0.08894783463265413,177.89566926530824,1.0,100.0,0.08,160.0,40.0
baseline,4,85,42.5,43.0,10179.118340562687,10179.618340562687,0.5,0.8576776263968213,85.76776263968213,0.0,100.0,0.08125339801051723,8.125339801051723,0.06500271840841379,130.00543681682757,1.0,100.0,0.08,160.0,40.0
baseline,4,86,43.0,43.5,10179.618340562687,10180.118340562687,0.5,0.84375,84.375,0.0,100.0,0.09214429301289329,9.214429301289329,0.07371543441031464,147.43086882062929,1.0,100.0,0.08,160.0,40.0
baseline,4,87,43.5,44.0,10180.118340562687,10180.618340562687,0.5,0.84375,84.375,0.0,100.0,0.11250981969715212,11.250981969715212,0.09000785575772169,180.01571151544337,1.0,100.0,0.08,160.0,40.0
baseline,4,88,44.0,44.5,10180.618340562687,10181.118340562687,0.5,0.8609248129832849,86.0924812983285,0.0,100.0,0.09417219716044656,9.417219716044656,0.07533775772835724,150.6755154567145,1.0,100.0,0.07999999999999999,159.99999999999997,40.0
baseline,4,89,44.5,45.0,10181.118340562687,10181.618340562687,0.5,0.875,87.5,0.0,100.0,0.10431985301045188,10.431985301045188,0.0834558824083615,166.911764816723,1.0,100.0,0.07999999999999999,159.99999999999997,40.0
baseline,4,90,45.0,45.5,10181.618340562687,10182.118340562687,0.5,0.875,87.5,0.0,100.0,0.10916828731410533,10.916828731410533,0.08733462985128426,174.66925970256852,1.0,100.0,0.08,160.0,40.0
baseline,4,91,45.5,46.0,10182.118340562687,10182.618340562687,0.5,0.875,87.5,0.0,100.0,0.10608220478184194,10.608220478184194,0.08486576382547356,169.73152765094713,1.0,100.0,0.08,160.0,40.0
baseline,4,92,46.0,46.5,10182.618340562687,10183.118340562687,0.5,0.875,87.5,0.0,100.0,0.10341363478755738,10.341363478755738,0.08273090783004591,165.46181566009182,1.0,100.0,0.08000000000000002,160.00000000000003,40.00000000000001
baseline,4,93,46.5,47.0,10183.118340562687,10183.618340562687,0.5,0.8910685507762537,89.10685507762537,0.0,100.0,0.09408181297112606,9.408181297112606,0.07526545037690083,150.53090075380166,1.0,100.0,0.08,160.0,40.0
baseline,4,94,47.0,47.5,10183.618340562687,10184.118340562687,0.5,0.90625,90.625,0.0,100.0,0.09820100706167523,9.820100706167523,0.07856080564934018,157.12161129868036,1.0,100.0,0.08,160.0,40.0
baseline,4,95,47.5,48.0,10184.118340562687,10184.618340562687,0.5,0.90625,90.625,0.0,100.0,0.08126640319824219,8.126640319824219,0.06501312255859376,130.02624511718753,1.0,100.0,0.08000000000000002,160.00000000000003,40.00000000000001
baseline,4,96,48.0,48.5,10184.618340562687,10185.118340562687,0.5,0.892005021072805,89.2005021072805,0.0,100.0,0.08438662928608665,8.438662928608665,0.06750930342886932,135.01860685773863,1.0,100.0,0.07999999999999999,159.99999999999997,40.0
baseline,4,97,48.5,49.0,10185.118340562687,10185.618340562687,0.5,0.8691898237447049,86.91898237447049,0.0,100.0,0.11251640319824219,11.251640319824219,0.09001312255859376,180.0262451171875,1.0,100.0,0.07999999999999999,159.99999999999997,40.0
baseline,4,98,49.0,49.5,10185.618340562687,10186.118340562687,0.5,0.84375,84.375,0.0,100.0,0.10872374449820654,10.872374449820654,0.08697899559856523,173.95799119713047,0.6922185151624944,69.22185151624944,0.055377481212999555,110.75496242599911,40.0
baseline,4,99,49.5,50.0,10186.118340562687,10186.618340562687,0.5,0.84375,84.375,0.0,100.0,0.05862554811233167,5.862554811233167,0.04690043848986533,93.80087697973066,0.5,50.0,0.04,80.0,40.0
adaptive_t0_i100ms,4,0,0.0,0.5,10906.062311812053,10906.562311812053,0.5,0.551422310753992,55.142231075399195,0.0,100.0,0.100033422773663,10.0033422773663,0.0800267382189304,160.0534764378608,1.0,100.0,0.08,160.0,40.0
adaptive_t0_i100ms,4,1,0.5,1.0,10906.562311812053,10907.062311812053,0.5,0.5,50.0,0.0,100.0,0.09933949897913408,9.933949897913408,0.07947159918330726,158.94319836661452,1.0,100.0,0.08,160.0,40.0
adaptive_t0_i100ms,4,2,1.0,1.5,10907.062311812053,10907.562311812053,0.5,0.5151186873611096,51.511868736110955,0.0,100.0,0.09389487007297248,9.389487007297248,0.07511589605837798,150.23179211675597,1.0,100.0,0.08,160.0,40.0
adaptive_t0_i100ms,4,3,1.5,2.0,10907.562311812053,10908.062311812053,0.5,0.53125,53.125,0.0,100.0,0.09688044562847153,9.688044562847153,0.07750435650277723,155.00871300555445,1.0,100.0,0.08,160.0,40.0
adaptive_t0_i100ms,4,4,2.0,2.5,10908.062311812053,10908.562311812053,0.5,0.53125,53.125,0.0,100.0,0.09765437027272128,9.765437027272128,0.07812349621817703,156.24699243635408,1.0,100.0,0.08,160.0,40.0
adaptive_t0_i100ms,4,5,2.5,3.0,10908.562311812053,10909.062311812053,0.5,0.5226179747597826,52.261797475978256,0.0,100.0,0.10162715919659604,10.162715919659604,0.08130172735727684,162.60345471455366,1.0,100.0,0.07999999999999999,159.99999999999997,40.0
adaptive_t0_i100ms,4,6,3.0,3.5,10909.062311812053,10909.562311812053,0.5,0.5207901885207775,52.07901885207775,0.0,100.0,0.09421313460995862,9.421313460995862,0.07537050768796688,150.74101537593376,1.0,100.0,0.08,160.0,40.0
adaptive_t0_i100ms,4,7,3.5,4.0,10909.562311812053,10910.062311812053,0.5,0.53125,53.125,0.0,100.0,0.09653726654039474,9.653726654039474,0.07722981323231579,154.45962646463158,1.0,100.0,0.08,160.0,40.0
adaptive_t0_i100ms,4,8,4.0,4.5,10910.062311812053,10910.562311812053,0.5,0.53125,53.125,0.0,100.0,0.08702841499484748,8.702841499484748,0.06962273199587798,139.24546399175597,1.0,100.0,0.08000000000000002,160.00000000000003,40.00000000000001
adaptive_t0_i100ms,4,9,4.5,5.0,10910.562311812053,10911.062311812053,0.5,0.53125,53.125,0.0,100.0,0.08319196006618768,8.319196006618768,0.06655356805295015,133.1071361059003,1.0,100.0,0.08,160.0,40.0
adaptive_t0_i100ms,4,10,5.0,5.5,10911.062311812053,10911.562311812053,0.5,0.53856667777859,53.856667777859,0.0,100.0,0.08547774055637092,8.547774055637092,0.06838219244509673,136.76438489019347,1.0,100.0,0.08,160.0,40.0
adaptive_t0_i100ms,4,11,5.5,6.0,10911.562311812053,10912.062311812053,0.5,0.5625,56.25,0.0,100.0,0.11163180534219919,11.163180534219919,0.08930544427375936,178.61088854751873,1.0,100.0,0.08,160.0,40.0
adaptive_t0_i100ms,4,12,6.0,6.5,10912.062311812053,10912.562311812053,0.5,0.5625,56.25,0.0,100.0,0.11745644996790361,11.745644996790361,0.09396515997432288,187.93031994864575,1.0,100.0,0.07999999999999999,159.99999999999997,40.0
adaptive_t0_i100ms,4,13,6.5,7.0,10912.562311812053,10913.062311812053,0.5,0.5625,56.25,0.0,100.0,0.11624970084983488,11.624970084983488,0.0929997606798679,185.9995213597358,1.0,100.0,0.08,160.0,40.0
adaptive_t0_i100ms,4,14,7.0,7.5,10913.062311812053,10913.562311812053,0.5,0.5331085938422575,53.31085938422575,0.0,100.0,0.0774982729385556,7.74982729385556,0.061998618350844484,123.99723670168896,0.7567717175525104,75.67717175525104,0.060541737404200824,121.08347480840165,40.0
adaptive_t0_i100ms,4,15,7.5,8.0,10913.562311812053,10914.062311812053,0.5,0.53125,53.125,0.0,100.0,0.06473550102077752,6.473550102077752,0.05178840081662201,103.57680163324402,0.5,50.0,0.04,80.0,40.0
adaptive_t0_i100ms,4,16,8.0,8.5,10914.062311812053,10914.562311812053,0.5,0.5051492425450306,50.51492425450306,0.0,100.0,0.03962751472624859,3.962751472624859,0.03170201178099887,63.40402356199775,0.3661152716185825,36.61152716185825,0.0292892217294866,58.5784434589732,40.0
adaptive_t0_i100ms,4,17,8.5,9.0,10914.562311812053,10915.062311812053,0.5,0.5,50.0,0.0,100.0,0.025008201599121094,2.5008201599121094,0.020006561279296876,40.01312255859375,0.25,25.0,0.02,40.0,40.0
adaptive_t0_i100ms,4,18,9.0,9.5,10915.062311812053,10915.562311812053,0.5,0.5016127516921642,50.161275169216424,0.0,100.0,0.02589363708500514,2.589363708500514,0.02071490966800411,41.42981933600822,0.2884060406140634,28.84060406140634,0.02307248324912507,46.144966498250135,39.99999999999999
adaptive_t0_i100ms,4,19,9.5,10.0,10915.562311812053,10916.062311812053,0.5,0.5360508849319103,53.60508849319103,0.0,100.0,0.056790954434177365,5.6790954434177365,0.045432763547341895,90.86552709468378,1.0,100.0,0.08,160.0,40.0
adaptive_t0_i100ms,4,20,10.0,10.5,10916.062311812053,10916.562311812053,0.5,0.5338024142490667,53.38024142490667,0.0,100.0,0.0813550064865467,8.13550064865467,0.06508400518923735,130.1680103784747,1.0,100.0,0.08,160.0,40.00000000000001
adaptive_t0_i100ms,4,21,10.5,11.0,10916.562311812053,10917.062311812053,0.5,0.5240959326985148,52.409593269851484,0.0,100.0,0.08117294311523438,8.117294311523438,0.0649383544921875,129.876708984375,1.0,100.0,0.08,160.0,40.00000000000001
adaptive_t0_i100ms,4,22,11.0,11.5,10917.062311812053,10917.562311812053,0.5,0.5245472153170567,52.45472153170567,0.0,100.0,0.10167512199245721,10.16751219924572,0.08134009759396575,162.6801951879315,1.0,100.0,0.08,160.0,40.00000000000001
adaptive_t0_i100ms,4,23,11.5,12.0,10917.562311812053,10918.062311812053,0.5,0.5,50.0,0.0,100.0,0.10219478607177734,10.219478607177734,0.08175582885742189,163.51165771484378,1.0,100.0,0.08,160.0,40.0
adaptive_t0_i100ms,4,24,12.0,12.5,10918.062311812053,10918.562311812053,0.5,0.45858843628229806,45.858843628229806,0.0,100.0,0.10370964660648951,10.370964660648951,0.08296771728519162,165.93543457038322,1.0,100.0,0.08,160.0,40.0
adaptive_t0_i100ms,4,25,12.5,13.0,10918.562311812053,10919.062311812053,0.5,0.4375,43.75,0.0,100.0,0.09590678558345189,9.59067855834519,0.0767254284667615,153.450856933523,0.7648280597277335,76.48280597277335,0.06118624477821867,122.37248955643734,39.99999999999999
adaptive_t0_i100ms,4,26,13.0,13.5,10919.062311812053,10919.562311812053,0.5,0.4452105452712658,44.52105452712658,0.0,100.0,0.0773324966430664,7.733249664306641,0.06186599731445312,123.73199462890625,0.4347530865125009,43.47530865125009,0.03478024692100007,69.56049384200014,40.0
adaptive_t0_i100ms,4,27,13.5,14.0,10919.562311812053,10920.062311812053,0.5,0.45732972108373815,45.732972108373815,0.0,100.0,0.06560083473357281,6.560083473357281,0.05248066778685825,104.9613355737165,0.46079254150390625,46.079254150390625,0.0368634033203125,73.726806640625,39.99999999999999
adaptive_t0_i100ms,4,28,14.0,14.5,10920.062311812053,10920.562311812053,0.5,0.46875,46.875,0.0,100.0,0.05604839324951172,5.604839324951172,0.04483871459960937,89.67742919921874,1.0,100.0,0.08,160.0,40.0
adaptive_t0_i100ms,4,29,14.5,15.0,10920.562311812053,10921.062311812053,0.5,0.4598863203240171,45.98863203240171,0.0,100.0,0.06941742553715358,6.941742553715358,0.05553394042972286,111.06788085944572,1.0,100.0,0.08,160.0,40.0
adaptive_t0_i100ms,4,30,15.0,15.5,10921.062311812053,10921.562311812053,0.5,0.47924718162380486,47.924718162380486,0.0,100.0,0.09334182739257812,9.334182739257812,0.07467346191406249,149.34692382812497,1.0,100.0,0.07999999999999999,159.99999999999997,40.0
adaptive_t0_i100ms,4,31,15.5,16.0,10921.562311812053,10922.062311812053,0.5,0.5076171594532752,50.76171594532752,0.0,100.0,0.11927750075994936,11.927750075994936,0.09542200060795948,190.84400121591895,1.0,100.0,0.08,160.0,40.0
adaptive_t0_i100ms,4,32,16.0,16.5,10922.062311812053,10922.562311812053,0.5,0.53125,53.125,0.0,100.0,0.13764865707094032,13.764865707094032,0.11011892565675226,220.2378513135045,1.0,100.0,0.08,160.0,40.0
adaptive_t0_i100ms,4,33,16.5,17.0,10922.562311812053,10923.062311812053,0.5,0.5513115813430431,55.131158134304314,0.0,100.0,0.12361615776512735,12.361615776512735,0.09889292621210188,197.78585242420377,1.0,100.0,0.08000000000000002,160.00000000000003,40.00000000000001
adaptive_t0_i100ms,4,34,17.0,17.5,10923.062311812053,10923.562311812053,0.5,0.5839138915237072,58.39138915237072,0.0,100.0,0.10317981559614964,10.317981559614964,0.0825438524769197,165.0877049538394,1.0,100.0,0.08,160.0,40.0
adaptive_t0_i100ms,4,35,17.5,18.0,10923.562311812053,10924.062311812053,0.5,0.59375,59.375,0.0,100.0,0.09973059387198191,9.973059387198191,0.07978447509758552,159.56895019517103,1.0,100.0,0.08,160.0,40.0
adaptive_t0_i100ms,4,36,18.0,18.5,10924.062311812053,10924.562311812053,0.5,0.6016083647903088,60.16083647903088,0.0,100.0,0.10033896347340487,10.033896347340487,0.08027117077872391,160.54234155744783,1.0,100.0,0.08,160.0,40.0
adaptive_t0_i100ms,4,37,18.5,19.0,10924.562311812053,10925.062311812053,0.5,0.625,62.5,0.0,100.0,0.09963638755664306,9.963638755664306,0.07970911004531445,159.4182200906289,1.0,100.0,0.07999999999999999,159.99999999999997,40.0
adaptive_t0_i100ms,4,38,19.0,19.5,10925.062311812053,10925.562311812053,0.5,0.5965851116347949,59.65851116347949,0.0,100.0,0.09986842330624768,9.986842330624768,0.07989473864499815,159.78947728999628,1.0,100.0,0.08,160.0,40.0
adaptive_t0_i100ms,4,39,19.5,20.0,10925.562311812053,10926.062311812053,0.5,0.6069765975173596,60.697659751735955,0.0,100.0,0.09986541305841001,9.986541305841001,0.07989233044672801,159.78466089345602,1.0,100.0,0.07999999999999999,159.99999999999997,40.0
adaptive_t0_i100ms,4,40,20.0,20.5,10926.062311812053,10926.562311812053,0.5,0.625,62.5,0.0,100.0,0.10047288978728375,10.047288978728375,0.08037831182982699,160.756623659654,1.0,100.0,0.08,160.0,40.0
adaptive_t0_i100ms,4,41,20.5,21.0,10926.562311812053,10927.062311812053,0.5,0.6093835540915506,60.938355409155065,0.0,100.0,0.10009392997585564,10.009392997585564,0.08007514398068452,160.15028796136903,1.0,100.0,0.08,160.0,40.0
adaptive_t0_i100ms,4,42,21.0,21.5,10927.062311812053,10927.562311812053,0.5,0.625,62.5,0.0,100.0,0.0996308837890183,9.96308837890183,0.07970470703121463,159.40941406242925,1.0,100.0,0.08,160.0,40.0
adaptive_t0_i100ms,4,43,21.5,22.0,10927.562311812053,10928.062311812053,0.5,0.651120777939127,65.1120777939127,0.0,100.0,0.10029401092538137,10.029401092538137,0.0802352087403051,160.4704174806102,1.0,100.0,0.08,160.0,40.0
adaptive_t0_i100ms,4,44,22.0,22.5,10928.062311812053,10928.562311812053,0.5,0.6455126692947033,64.55126692947033,0.0,100.0,0.10013665466317434,10.013665466317434,0.08010932373053947,160.21864746107894,1.0,100.0,0.08,160.0,40.0
adaptive_t0_i100ms,4,45,22.5,23.0,10928.562311812053,10929.062311812053,0.5,0.65625,65.625,0.0,100.0,0.09967579490501066,9.967579490501066,0.07974063592400853,159.48127184801706,1.0,100.0,0.08,160.0,40.00000000000001
adaptive_t0_i100ms,4,46,23.0,23.5,10929.062311812053,10929.562311812053,0.5,0.644075208218851,64.4075208218851,0.0,100.0,0.09840679168701172,9.840679168701172,0.07872543334960937,157.45086669921872,1.0,100.0,0.08,160.0,40.00000000000001
adaptive_t0_i100ms,4,47,23.5,24.0,10929.562311812053,10930.062311812053,0.5,0.625,62.5,0.0,100.0,0.10185910652307939,10.185910652307939,0.08148728521846352,162.97457043692702,1.0,100.0,0.08,160.0,40.00000000000001
adaptive_t0_i100ms,4,48,24.0,24.5,10930.062311812053,10930.562311812053,0.5,0.6032565560067269,60.32565560067269,0.0,100.0,0.10018910675057668,10.018910675057668,0.08015128540046133,160.30257080092267,1.0,100.0,0.08,160.0,40.0
adaptive_t0_i100ms,4,49,24.5,25.0,10930.562311812053,10931.062311812053,0.5,0.59375,59.375,0.0,100.0,0.09985405738973441,9.98540573897344,0.07988324591178753,159.76649182357505,1.0,100.0,0.08,160.0,40.0
adaptive_t0_i100ms,4,50,25.0,25.5,10931.062311812053,10931.562311812053,0.5,0.59375,59.375,0.0,100.0,0.09999357589435931,9.999357589435931,0.07999486071548743,159.98972143097487,1.0,100.0,0.08,160.0,40.0
adaptive_t0_i100ms,4,51,25.5,26.0,10931.562311812053,10932.062311812053,0.5,0.6187458922561291,61.87458922561291,0.0,100.0,0.09992420356888942,9.992420356888942,0.07993936285511154,159.87872571022308,1.0,100.0,0.08,160.0,40.0
adaptive_t0_i100ms,4,52,26.0,26.5,10932.062311812053,10932.562311812053,0.5,0.6096700615136115,60.96700615136115,0.0,100.0,0.10015390922399092,10.015390922399092,0.08012312737919274,160.24625475838548,1.0,100.0,0.08,160.0,40.0
adaptive_t0_i100ms,4,53,26.5,27.0,10932.562311812053,10933.062311812053,0.5,0.5806606595450603,58.06606595450603,0.0,100.0,0.10003236686554828,10.003236686554828,0.08002589349243863,160.05178698487725,1.0,100.0,0.08,160.0,40.0
adaptive_t0_i100ms,4,54,27.0,27.5,10933.062311812053,10933.562311812053,0.5,0.5469416398017302,54.694163980173016,0.0,100.0,0.09951497505335283,9.951497505335283,0.07961198004268226,159.22396008536452,1.0,100.0,0.08,160.0,40.0
adaptive_t0_i100ms,4,55,27.5,28.0,10933.562311812053,10934.062311812053,0.5,0.5488043715652111,54.88043715652111,0.0,100.0,0.10034797226251158,10.034797226251158,0.08027837781000927,160.55675562001852,1.0,100.0,0.07999999999999999,159.99999999999997,40.0
adaptive_t0_i100ms,4,56,28.0,28.5,10934.062311812053,10934.562311812053,0.5,0.5625,56.25,0.0,100.0,0.09994972068648167,9.994972068648167,0.07995977654918535,159.9195530983707,1.0,100.0,0.08,160.0,40.0
adaptive_t0_i100ms,4,57,28.5,29.0,10934.562311812053,10935.062311812053,0.5,0.5593352357446975,55.933523574469746,0.0,100.0,0.10005675048819285,10.005675048819285,0.08004540039055427,160.09080078110856,1.0,100.0,0.08,160.0,40.0
adaptive_t0_i100ms,4,58,29.0,29.5,10935.062311812053,10935.562311812053,0.5,0.5625,56.25,0.0,100.0,0.0999980484008347,9.99980484008347,0.07999843872066777,159.99687744133553,1.0,100.0,0.08000000000000002,160.00000000000003,40.00000000000001
adaptive_t0_i100ms,4,59,29.5,30.0,10935.562311812053,10936.062311812053,0.5,0.5812674452956799,58.126744529567986,0.0,100.0,0.10002550048841385,10.002550048841385,0.08002040039073109,160.0408007814622,1.0,100.0,0.08,160.0,40.0
adaptive_t0_i100ms,4,60,30.0,30.5,10936.062311812053,10936.562311812053,0.5,0.5980353445469291,59.80353445469291,0.0,100.0,0.0998163361373372,9.98163361373372,0.07985306890986978,159.70613781973955,1.0,100.0,0.08,160.0,40.0
adaptive_t0_i100ms,4,61,30.5,31.0,10936.562311812053,10937.062311812053,0.5,0.59375,59.375,0.0,100.0,0.10012689666734786,10.012689666734786,0.0801015173338783,160.20303466775658,1.0,100.0,0.08,160.0,40.0
adaptive_t0_i100ms,4,62,31.0,31.5,10937.062311812053,10937.562311812053,0.5,0.59375,59.375,0.0,100.0,0.09993829040536184,9.993829040536184,0.07995063232428946,159.90126464857892,1.0,100.0,0.07999999999999999,159.99999999999997,40.0
adaptive_t0_i100ms,4,63,31.5,32.0,10937.562311812053,10938.062311812053,0.5,0.6200247695144299,62.002476951442986,0.0,100.0,0.09960987533270327,9.960987533270327,0.07968790026616261,159.37580053232523,1.0,100.0,0.08,160.0,40.0
adaptive_t0_i100ms,4,64,32.0,32.5,10938.062311812053,10938.562311812053,0.5,0.6098561555194237,60.985615551942374,0.0,100.0,0.1004401413740652,10.04401413740652,0.08035211309925216,160.70422619850433,1.0,100.0,0.07999999999999999,159.99999999999997,40.0
adaptive_t0_i100ms,4,65,32.5,33.0,10938.562311812053,10939.062311812053,0.5,0.59375,59.375,0.0,100.0,0.09991350868381232,9.991350868381232,0.07993080694704986,159.86161389409972,1.0,100.0,0.08,160.0,40.0
adaptive_t0_i100ms,4,66,33.0,33.5,10939.062311812053,10939.562311812053,0.5,0.6075592925246838,60.75592925246838,0.0,100.0,0.10021494438024092,10.021494438024092,0.08017195550419273,160.34391100838548,1.0,100.0,0.08,160.0,40.0
adaptive_t0_i100ms,4,67,33.5,34.0,10939.562311812053,10940.062311812053,0.5,0.6233328598945036,62.33328598945036,0.0,100.0,0.10006092597814131,10.006092597814131,0.08004874078251305,160.0974815650261,1.0,100.0,0.08,160.0,40.0
adaptive_t0_i100ms,4,68,34.0,34.5,10940.062311812053,10940.562311812053,0.5,0.59375,59.375,0.0,100.0,0.09971286247400712,9.971286247400712,0.07977028997920571,159.54057995841143,1.0,100.0,0.08,160.0,40.0
adaptive_t0_i100ms,4,69,34.5,35.0,10940.562311812053,10941.062311812053,0.5,0.5734152724526211,57.341527245262114,0.0,100.0,0.09993435966362085,9.993435966362085,0.07994748773089669,159.89497546179336,1.0,100.0,0.08,160.0,40.0
adaptive_t0_i100ms,4,70,35.0,35.5,10941.062311812053,10941.562311812053,0.5,0.5625,56.25,0.0,100.0,0.1002214126584704,10.02214126584704,0.08017713012677632,160.35426025355264,1.0,100.0,0.08,160.0,40.00000000000001
adaptive_t0_i100ms,4,71,35.5,36.0,10941.562311812053,10942.062311812053,0.5,0.5625,56.25,0.0,100.0,0.09857664794913035,9.857664794913035,0.07886131835930428,157.72263671860856,1.0,100.0,0.08,160.0,40.00000000000001
adaptive_t0_i100ms,4,72,36.0,36.5,10942.062311812053,10942.562311812053,0.5,0.5319405435672024,53.194054356720244,0.0,100.0,0.08983712539668431,8.983712539668431,0.07186970031734743,143.73940063469487,0.9359631964225628,93.59631964225628,0.07487705571380503,149.75411142761004,40.00000000000001
adaptive_t0_i100ms,4,73,36.5,37.0,10942.562311812053,10943.062311812053,0.5,0.5704576353423363,57.04576353423363,0.0,100.0,0.09182604377929238,9.182604377929238,0.07346083502343391,146.92167004686783,0.990603881214156,99.0603881214156,0.07924831049713248,158.49662099426496,40.0
adaptive_t0_i100ms,4,74,37.0,37.5,10943.062311812053,10943.562311812053,0.5,0.5981837203200939,59.81837203200939,0.0,100.0,0.1018663475035737,10.18663475035737,0.08149307800285896,162.98615600571793,1.0,100.0,0.08,160.0,40.0
adaptive_t0_i100ms,4,75,37.5,38.0,10943.562311812053,10944.062311812053,0.5,0.6483574797805431,64.83574797805431,0.0,100.0,0.10792823875578961,10.79282387557896,0.08634259100463168,172.68518200926337,1.0,100.0,0.08,160.0,40.0
adaptive_t0_i100ms,4,76,38.0,38.5,10944.062311812053,10944.562311812053,0.5,0.650505420828722,65.0505420828722,0.0,100.0,0.10245945419012514,10.245945419012514,0.0819675633521001,163.9351267042002,1.0,100.0,0.08,160.0,40.0
adaptive_t0_i100ms,4,77,38.5,39.0,10944.562311812053,10945.062311812053,0.5,0.625,62.5,0.0,100.0,0.10008314369326854,10.008314369326854,0.08006651495461484,160.13302990922966,1.0,100.0,0.08,160.0,40.0
adaptive_t0_i100ms,4,78,39.0,39.5,10945.062311812053,10945.562311812053,0.5,0.625,62.5,0.0,100.0,0.09993934631347656,9.993934631347656,0.07995147705078125,159.9029541015625,1.0,100.0,0.08,160.0,40.0
adaptive_t0_i100ms,4,79,39.5,40.0,10945.562311812053,10946.062311812053,0.5,0.625,62.5,0.0,100.0,0.10010417861951737,10.010417861951737,0.08008334289561389,160.1666857912278,1.0,100.0,0.08,160.0,40.0
adaptive_t0_i100ms,4,80,40.0,40.5,10946.062311812053,10946.562311812053,0.5,0.6333514144118908,63.33514144118908,0.0,100.0,0.0999980484008347,9.99980484008347,0.07999843872066777,159.99687744133553,1.0,100.0,0.07999999999999999,159.99999999999997,40.0
adaptive_t0_i100ms,4,81,40.5,41.0,10946.562311812053,10947.062311812053,0.5,0.6316988214188086,63.16988214188086,0.0,100.0,0.09990678184669832,9.990678184669832,0.07992542547735865,159.8508509547173,1.0,100.0,0.08,160.0,40.0
adaptive_t0_i100ms,4,82,41.0,41.5,10947.062311812053,10947.562311812053,0.5,0.6129361083205822,61.29361083205822,0.0,100.0,0.10016059875488281,10.016059875488281,0.08012847900390625,160.2569580078125,1.0,100.0,0.08,160.0,40.0
adaptive_t0_i100ms,4,83,41.5,42.0,10947.562311812053,10948.062311812053,0.5,0.6397686888869885,63.976868888698846,0.0,100.0,0.10000507110305534,10.000507110305534,0.08000405688244427,160.00811376488855,1.0,100.0,0.08000000000000002,160.00000000000003,40.00000000000001
adaptive_t0_i100ms,4,84,42.0,42.5,10948.062311812053,10948.562311812053,0.5,0.6426656324578062,64.26656324578062,0.0,100.0,0.09924656685018363,9.924656685018363,0.0793972534801469,158.7945069602938,1.0,100.0,0.08,160.0,40.0
adaptive_t0_i100ms,4,85,42.5,43.0,10948.562311812053,10949.062311812053,0.5,0.6276564866351464,62.76564866351464,0.0,100.0,0.1007733579987189,10.07733579987189,0.08061868639897511,161.23737279795023,1.0,100.0,0.08,160.0,40.0
adaptive_t0_i100ms,4,86,43.0,43.5,10949.062311812053,10949.562311812053,0.5,0.625,62.5,0.0,100.0,0.09982593780807747,9.982593780807747,0.07986075024646197,159.72150049292395,1.0,100.0,0.08,160.0,40.0
adaptive_t0_i100ms,4,87,43.5,44.0,10949.562311812053,10950.062311812053,0.5,0.651472180097926,65.1472180097926,0.0,100.0,0.10023408279414525,10.023408279414525,0.0801872662353162,160.3745324706324,1.0,100.0,0.07999999999999999,159.99999999999997,40.0
adaptive_t0_i100ms,4,88,44.0,44.5,10950.062311812053,10950.562311812053,0.5,0.6630936553176525,66.30936553176525,0.0,100.0,0.09993432235739874,9.993432235739874,0.079947457885919,159.89491577183801,1.0,100.0,0.08,160.0,40.0
adaptive_t0_i100ms,4,89,44.5,45.0,10950.562311812053,10951.062311812053,0.5,0.6875,68.75,0.0,100.0,0.10004396430804263,10.004396430804263,0.0800351714464341,160.0703428928682,1.0,100.0,0.07999999999999999,159.99999999999997,40.0
adaptive_t0_i100ms,4,90,45.0,45.5,10951.062311812053,10951.562311812053,0.5,0.700457661360133,70.0457661360133,0.0,100.0,0.09992893463424934,9.992893463424934,0.07994314770739948,159.88629541479895,1.0,100.0,0.08,160.0,40.0
adaptive_t0_i100ms,4,91,45.5,46.0,10951.562311812053,10952.062311812053,0.5,0.6849563867217512,68.49563867217512,0.0,100.0,0.10003177398391472,10.003177398391472,0.08002541918713177,160.05083837426355,1.0,100.0,0.08,160.0,40.0
adaptive_t0_i100ms,4,92,46.0,46.5,10952.062311812053,10952.562311812053,0.5,0.6842385222610119,68.42385222610119,0.0,100.0,0.09987545013427734,9.987545013427734,0.07990036010742187,159.80072021484372,1.0,100.0,0.08,160.0,40.0
adaptive_t0_i100ms,4,93,46.5,47.0,10952.562311812053,10953.062311812053,0.5,0.6924506117995861,69.24506117995861,0.0,100.0,0.09979052200321803,9.979052200321803,0.07983241760257442,159.66483520514885,1.0,100.0,0.08,160.0,40.0
adaptive_t0_i100ms,4,94,47.0,47.5,10953.062311812053,10953.562311812053,0.5,0.711895321114639,71.1895321114639,0.0,100.0,0.10035759742879691,10.03575974287969,0.08028607794303752,160.57215588607505,1.0,100.0,0.08,160.0,40.0
adaptive_t0_i100ms,4,95,47.5,48.0,10953.562311812053,10954.062311812053,0.5,0.7108908583816174,71.08908583816174,0.0,100.0,0.09992059631360917,9.992059631360917,0.07993647705088734,159.8729541017747,1.0,100.0,0.08,160.0,40.00000000000001
adaptive_t0_i100ms,4,96,48.0,48.5,10954.062311812053,10954.562311812053,0.5,0.71875,71.875,0.0,100.0,0.10009498588397037,10.009498588397037,0.08007598870717629,160.1519774143526,1.0,100.0,0.08,160.0,40.00000000000001
adaptive_t0_i100ms,4,97,48.5,49.0,10954.562311812053,10955.062311812053,0.5,0.71875,71.875,0.0,100.0,0.0998930696135858,9.98930696135858,0.07991445569086864,159.82891138173727,1.0,100.0,0.08,160.0,40.00000000000001
adaptive_t0_i100ms,4,98,49.0,49.5,10955.062311812053,10955.562311812053,0.5,0.71875,71.875,0.0,100.0,0.09979287856765495,9.979287856765495,0.07983430285412396,159.66860570824792,1.0,100.0,0.08,160.0,40.0
adaptive_t0_i100ms,4,99,49.5,50.0,10955.562311812053,10956.062311812053,0.5,0.71875,71.875,0.0,100.0,0.10035376892085424,10.035376892085424,0.0802830151366834,160.5660302733668,1.0,100.0,0.08,160.0,40.0
