case,request_id,batch_id,npu_id,layer,io_submit_time_ms,io_submit_relative_ms,ssd_first_start_ms,ssd_last_end_ms,max_link_end_ms,io_ready_reported_ms,previous_compute_end_ms,compute_start_ms,compute_end_ms,reported_barrier_ms,reconstructed_barrier_ms,io_ready_minus_max_link_end_ms,compute_start_minus_max_ready_previous_ms,barrier_accounting_error_ms,ssd_interval_count,link_interval_count,complete_inside_trace
baseline,832,613,0,14,,,,,,10118.855666662865,,10129.592597986804,10147.587247277837,0.0,,,,,0,0,False
baseline,832,613,0,15,10129.592597986804,-7.025742575882759,10137.983445851825,10144.986037756615,10144.989394690208,10144.989394690208,10147.587247277837,10147.587247277837,10165.58189656887,0.0,0.0,0.0,0.0,0.0,403,403,False
baseline,864,629,0,0,10147.587247277837,10.968906715150297,10150.725307814422,10161.107711340599,10161.111068274193,10161.111068274193,10165.58189656887,10165.58189656887,10204.912157909883,0.0,0.0,0.0,0.0,0.0,352,352,False
baseline,417,564,1,13,,,,,,10053.070258642845,,10124.600650819508,10206.880578917382,0.0,,,,,0,0,False
baseline,610,556,2,11,,,,,,10034.571456457787,,10126.104391636956,10229.859184200519,0.0,,,,,0,0,False
baseline,579,616,3,4,,,,,,10070.224189306908,,10106.598443943649,10153.179802627974,0.0,,,,,0,0,False
baseline,579,616,3,5,,,,,,10117.794036413841,10153.179802627974,10153.179802627974,10199.761161312299,0.0,0.0,,,0.0,0,0,False
baseline,452,618,4,5,,,,,,10097.283172156029,,10119.98689765285,10148.718965078875,0.0,,,,,0,0,False
baseline,452,618,4,6,,,,,,10130.98049118679,10148.718965078875,10148.718965078875,10177.4510325049,0.0,0.0,,,0.0,0,0,False
baseline,452,618,4,7,10148.718965078875,12.100624516187963,10153.043790077605,10164.762572790794,10164.765929724388,10164.765929724388,10177.4510325049,10177.4510325049,10206.183099930924,0.0,0.0,0.0,0.0,0.0,1272,1272,False
baseline,549,625,5,4,10126.31854965847,-10.299790904216934,10137.411956335716,10137.714080359154,10137.717437292747,10137.717437292747,,10137.717437292747,10138.501987333571,10.614337593453456,,0.0,,,72,72,False
baseline,549,625,5,5,10137.717437292747,1.0990967300604098,10138.940472816863,10148.512916113548,10148.516273047142,10148.516273047142,10138.501987333571,10148.516273047142,10149.300823087966,10.014285713570644,10.014285713570644,0.0,0.0,0.0,256,256,True
baseline,549,625,5,6,10148.516273047142,11.897932484454941,10152.068081251922,10162.773589636497,10162.776946570091,10162.776946570091,10149.300823087966,10162.776946570091,10163.561496610915,13.476123482125331,13.476123482125331,0.0,0.0,0.0,256,256,True
baseline,549,625,5,7,10162.776946570091,26.15860600740416,10166.664548134246,10178.553275610619,10178.556632544212,10178.556632544212,10163.561496610915,10178.556632544212,10179.341182585036,14.995135933297206,14.995135933297206,0.0,0.0,0.0,256,256,True
baseline,646,623,6,12,10127.992820288353,-8.625520274334121,10137.714080359154,10138.603667761497,10138.607024695091,10138.607024695091,,10138.607024695091,10143.288858882739,5.932370219090444,,0.0,,,212,212,False
baseline,646,623,6,13,10138.607024695091,1.9886841324041598,10139.150281166472,10149.402503515892,10149.405860449486,10149.405860449486,10143.288858882739,10149.405860449486,10154.087694637134,6.117001566746694,6.117001566746694,0.0,0.0,0.0,766,766,True
baseline,646,623,6,14,10149.405860449486,12.787519886798691,10154.336209511199,10165.652160193138,10165.655517126732,10165.655517126732,10154.087694637134,10165.655517126732,10170.33735131438,11.567822489598257,11.567822489598257,0.0,0.0,0.0,766,766,True
baseline,646,623,6,15,10165.655517126732,29.037176564044785,10168.036694740691,10180.84018662136,10180.843543554955,10180.843543554955,10170.33735131438,10180.843543554955,10185.525377742602,10.50619224057482,10.50619224057482,0.0,0.0,0.0,766,766,True
baseline,583,549,7,15,,,,,,9996.04854538601,,10061.893702622712,10144.173630720587,0.0,,,,,0,0,False
baseline,615,627,7,0,,,,,,10070.962714697533,10144.173630720587,10144.173630720587,10145.461497248034,0.0,0.0,,,0.0,0,0,False
baseline,615,627,7,1,10144.173630720587,7.555290157899435,10146.850247597136,10157.78224899929,10157.785605932884,10157.785605932884,10145.461497248034,10157.785605932884,10159.073472460332,12.324108684850216,12.324108684850216,0.0,0.0,0.0,640,640,True
baseline,615,627,7,2,10157.785605932884,21.16726537019713,10161.222119545379,10172.999648596458,10173.003005530052,10173.003005530052,10159.073472460332,10173.003005530052,10174.2908720575,13.929533069720492,13.929533069720492,0.0,0.0,0.0,640,640,True
baseline,584,619,8,2,,,,,,10054.736136938744,,10105.539561196678,10168.22704928684,0.0,,,,,0,0,False
baseline,584,619,8,3,,,,,,10116.60232498806,10168.22704928684,10168.22704928684,10230.914537377,0.0,0.0,,,0.0,0,0,False
baseline,521,621,9,0,,,,,,10001.021003271751,9985.074690304564,10001.021003271751,10142.356791551192,15.946312967187623,15.946312967187623,,,0.0,0,0,False
baseline,521,621,9,1,,,,,,10014.82009842556,10142.356791551192,10142.356791551192,10283.692579830633,0.0,0.0,,,0.0,0,0,False
baseline,490,626,10,1,10128.142733504843,-8.475607057844172,10138.603667761497,10140.349273230247,10140.352630163841,10140.352630163841,,10140.352630163841,10144.886099272037,7.676427550803055,,0.0,,,386,386,False
baseline,490,626,10,2,10140.352630163841,3.7342896011541598,10141.367855421844,10152.419547583275,10152.422904516869,10152.422904516869,10144.886099272037,10152.422904516869,10156.956373625064,7.536805244832067,7.536805244832067,0.0,0.0,0.0,1535,1535,True
baseline,490,626,10,3,10152.422904516869,15.804563954181504,10155.062146400847,10167.271880652122,10167.275237585716,10167.275237585716,10156.956373625064,10167.275237585716,10171.808706693912,10.31886396065238,10.31886396065238,0.0,0.0,0.0,1535,1535,True
baseline,490,626,10,4,10167.275237585716,30.65689702302916,10169.467587685027,10183.357886816673,10183.361243750267,10183.361243750267,10171.808706693912,10183.361243750267,10187.894712858462,11.552537056355504,11.552537056355504,0.0,0.0,0.0,1535,1535,False
baseline,555,567,11,7,,,,,,9970.741462256126,,10097.368438952446,10238.704227231887,0.0,,,,,0,0,False
baseline,556,575,12,10,,,,,,10024.041175390892,,10092.98856580567,10175.268493903544,0.0,,,,,0,0,False
baseline,556,575,12,11,,,,,,10098.835753943138,10175.268493903544,10175.268493903544,10257.548422001419,0.0,0.0,,,0.0,0,0,False
baseline,493,611,13,10,,,,,,10092.430305029564,,10113.369483491831,10142.101550917856,0.0,,,,,0,0,False
baseline,493,611,13,11,,,,,,10125.827598120384,10142.101550917856,10142.101550917856,10170.83361834388,0.0,0.0,,,0.0,0,0,False
baseline,493,611,13,12,10142.101550917856,5.4832103551689215,10144.047208046355,10154.840735937767,10154.84409287136,10154.84409287136,10170.83361834388,10170.83361834388,10199.565685769905,0.0,0.0,0.0,0.0,0.0,1272,1272,False
baseline,782,602,14,14,,,,,,10106.495856787376,,10128.635064988295,10160.051484043313,0.0,,,,,0,0,False
baseline,782,602,14,15,10128.635064988295,-7.983275574391882,10136.615495412372,10143.61389115017,10143.617248083763,10143.617248083763,10160.051484043313,10160.051484043313,10191.467903098332,0.0,0.0,0.0,0.0,0.0,580,581,False
baseline,943,620,15,11,,,,,,10135.002517248802,,10135.494837060709,10147.250033984485,0.0,,,,,0,0,False
baseline,943,620,15,12,10135.494837060709,-1.1235035019781208,10137.857861732879,10148.21079209011,10148.214149023705,10148.214149023705,10147.250033984485,10148.214149023705,10159.96934594748,0.9641150392199052,0.9641150392199052,0.0,0.0,0.0,1020,1020,False
baseline,943,620,15,13,10148.214149023705,11.595808461017441,10151.046414589324,10162.228087927513,10162.231444861107,10162.231444861107,10159.96934594748,10162.231444861107,10173.986641784883,2.262098913626687,2.262098913626687,0.0,0.0,0.0,1020,1020,True
baseline,943,620,15,14,10162.231444861107,25.613104298419785,10165.581937050261,10178.251151587181,10178.254508520775,10178.254508520775,10173.986641784883,10178.254508520775,10190.00970544455,4.267866735892312,4.267866735892312,0.0,0.0,0.0,1020,1020,False
baseline,560,583,16,10,,,,,,10039.464187170677,,10093.15436748563,10161.210553638462,0.0,,,,,0,0,False
baseline,560,583,16,11,,,,,,10100.56457474392,10161.210553638462,10161.210553638462,10229.266739791296,0.0,0.0,,,0.0,0,0,False
baseline,753,624,17,5,,,,,,10121.566390539818,,10130.524240876819,10148.518890167852,0.0,,,,,0,0,False
baseline,753,624,17,6,10130.524240876819,-6.094099685868059,10136.615696303192,10145.884017492943,10145.887374426537,10145.887374426537,10148.518890167852,10148.518890167852,10166.513539458885,0.0,0.0,0.0,0.0,0.0,494,582,False
baseline,753,624,17,7,10148.518890167852,11.900549605164997,10152.097454420868,10163.428191687279,10163.431548620872,10163.431548620872,10166.513539458885,10166.513539458885,10184.508188749918,0.0,0.0,0.0,0.0,0.0,760,760,True
baseline,753,624,17,8,10166.513539458885,29.895198896198053,10168.76263163034,10181.738166357689,10181.741523291283,10181.741523291283,10184.508188749918,10184.508188749918,10202.502838040951,0.0,0.0,0.0,0.0,0.0,760,760,False
baseline,594,617,18,12,,,,,,10128.546714331322,,10129.486473787596,10142.11241454802,0.0,,,,,0,0,False
baseline,594,617,18,13,10129.486473787596,-7.131866775091112,10137.47570964577,10144.167785193138,10144.171142126732,10144.171142126732,10142.11241454802,10144.171142126732,10156.797082887157,2.058727578711114,2.058727578711114,0.0,0.0,0.0,253,253,False
baseline,594,617,18,14,10144.171142126732,7.552801564044785,10146.820874428191,10157.547263647728,10157.550620581322,10157.550620581322,10156.797082887157,10157.550620581322,10170.176561341746,0.7535376941650611,0.7535376941650611,0.0,0.0,0.0,504,504,True
baseline,594,617,18,15,10157.550620581322,20.93228001863463,10160.68920633737,10172.261123205833,10172.264480139427,10172.264480139427,10170.176561341746,10172.264480139427,10184.890420899852,2.087918797680686,2.087918797680686,0.0,0.0,0.0,504,504,True
baseline,563,615,19,1,,,,,,9932.879447485619,,10043.367861735926,10168.597410629787,0.0,,,,,0,0,False
baseline,563,615,19,2,,,,,,10056.234168554955,10168.597410629787,10168.597410629787,10293.826959523649,0.0,0.0,,,0.0,0,0,False
baseline,724,604,20,3,,,,,,9997.706031347923,,10121.030756110562,10262.366544390003,0.0,,,,,0,0,False
baseline,501,622,21,13,10134.421767737083,-2.1965728256036527,10136.69132730905,10147.090415503197,10147.093352820091,10147.093352820091,,10147.093352820091,10149.052307967515,10.712629935584118,,0.0,,,1152,1152,False
baseline,501,622,21,14,10147.093352820091,10.47501225740416,10149.592342726532,10160.717467810326,10160.72040512722,10160.72040512722,10149.052307967515,10160.72040512722,10162.679360274644,11.668097159705212,11.668097159705212,0.0,0.0,0.0,1152,1152,True
baseline,501,622,21,15,10160.72040512722,24.102064564533066,10163.001294350066,10175.401954199486,10175.40489151638,10175.40489151638,10162.679360274644,10175.40489151638,10177.363846663804,12.725531241736462,12.725531241736462,0.0,0.0,0.0,1152,1152,True
baseline,566,593,22,4,,,,,,9951.875495459251,,10072.147055670983,10208.114136626626,0.0,,,,,0,0,False
baseline,631,524,23,13,,,,,,10006.880950476341,,10112.539761084336,10237.769309978197,0.0,,,,,0,0,False
baseline,696,601,24,14,,,,,,10089.551734472923,,10113.430253892104,10144.846672947122,0.0,,,,,0,0,False
baseline,696,601,24,15,,,,,,10127.10323288601,10144.846672947122,10144.846672947122,10176.26309200214,0.0,0.0,,,0.0,0,0,False
baseline,728,630,24,0,10144.846672947122,8.228332384434907,10148.004193519988,10159.511069800072,10159.514426733665,10159.514426733665,10176.26309200214,10176.26309200214,10244.319278154973,0.0,0.0,0.0,0.0,0.0,1520,1520,False
baseline,537,571,25,9,,,,,,9969.100760962181,,10048.936559941585,10141.95388514394,0.0,,,,,0,0,False
baseline,537,571,25,10,,,,,,10059.761046911888,10141.95388514394,10141.95388514394,10234.971210346293,0.0,0.0,,,0.0,0,0,False
baseline,922,553,26,8,,,,,,9892.990684057884,,10015.686343931106,10157.022132210546,0.0,,,,,0,0,False
baseline,922,553,26,9,,,,,,10029.114341284447,10157.022132210546,10157.022132210546,10298.357920489987,0.0,0.0,,,0.0,0,0,False
baseline,315,614,27,14,,,,,,10118.037414099388,,10124.678772674051,10139.047875296177,0.0,,,,,0,0,False
baseline,315,614,27,15,,,,,,10136.114501501732,10139.047875296177,10139.047875296177,10153.416977918303,0.0,0.0,,,0.0,0,0,False
baseline,347,628,27,0,10139.047875296177,2.4295347334900725,10139.87621805612,10150.79982712429,10150.803184057884,10150.803184057884,10153.416977918303,10153.416977918303,10278.646526812165,0.0,0.0,0.0,0.0,0.0,1376,1376,False
baseline,732,565,28,9,,,,,,9986.1707682864,,10083.943454169384,10198.435625973223,0.0,,,,,0,0,False
baseline,541,576,29,9,,,,,,10020.478629614525,,10098.027517583187,10191.04484278554,0.0,,,,,0,0,False
baseline,574,588,30,14,,,,,,10080.032729651146,,10116.978873984059,10163.560232668384,0.0,,,,,0,0,False
baseline,574,588,30,15,,,,,,10129.646110083275,10163.560232668384,10163.560232668384,10210.141591352709,0.0,0.0,,,0.0,0,0,False
baseline,735,517,31,13,,,,,,10005.282210852318,,10128.282452991883,10269.618241271324,0.0,,,,,0,0,False
adaptive_t0_i100ms,1024,667,0,3,,,,,,10895.545968234197,,10895.545968234197,10920.652486151374,19.93304049346807,,,,,0,0,False
adaptive_t0_i100ms,1024,667,0,4,10895.558768234107,-10.503543577946402,10906.112755953924,10931.659020602361,10931.662377535955,10931.662377535955,10920.652486151374,10931.662377535955,10956.768895453131,11.009891384581351,11.009891384581351,0.0,0.0,0.0,104,104,False
adaptive_t0_i100ms,417,608,1,10,10804.4830096644,-101.57930214765292,10906.712807833806,10924.433221041814,10924.436577975408,10924.436577975408,,10924.436577975408,11006.716506073282,37.738840212672585,,0.0,,,44,44,False
adaptive_t0_i100ms,610,572,2,14,10760.83112085796,-145.2311909540931,10906.599511325017,10920.027245700017,10920.030602633611,10920.030602633611,,10920.030602633611,11023.785395197174,55.550589211339684,,0.0,,,39,39,False
adaptive_t0_i100ms,611,627,3,8,,,,,,10869.95144766535,,10869.95144766535,10921.901514466383,40.15160251049019,,,,,0,0,False
adaptive_t0_i100ms,611,627,3,9,10869.997047665027,-36.06526414702603,10906.368722140447,10947.822655856267,10947.826012789861,10947.826012789861,10921.901514466383,10947.826012789861,10999.776079590894,25.924498323478474,25.924498323478474,0.0,0.0,0.0,178,178,False
adaptive_t0_i100ms,452,645,4,10,,,,,,10903.753670870916,,10903.753670870916,10932.48573829694,24.305385271729392,,,,,0,0,False
adaptive_t0_i100ms,452,645,4,11,10903.760470870868,-2.301840941185219,10906.061662716618,10946.425332247869,10946.428689181463,10946.428689181463,10932.48573829694,10946.428689181463,10975.160756607487,13.94295088452236,13.94295088452236,0.0,0.0,0.0,1018,1018,False
adaptive_t0_i100ms,581,674,5,0,10899.580703878564,-6.481607933488704,10906.074351217594,10943.68523520197,10943.688592135564,10943.688592135564,10900.342053919552,10943.688592135564,10972.420659561589,43.34653821601205,43.34653821601205,0.0,0.0,0.0,443,444,False
adaptive_t0_i100ms,710,665,6,9,10897.582928390286,-8.479383421767125,10906.070794284002,10917.073144137517,10917.076501071111,10917.076501071111,,10917.076501071111,10918.196595433847,18.39627831792859,,0.0,,,79,79,False
adaptive_t0_i100ms,710,665,6,10,10917.076501071111,11.014189259058185,10917.07734030451,10933.778084933416,10933.78144186701,10933.78144186701,10918.196595433847,10933.78144186701,10934.901536229745,15.584846433162966,15.584846433162966,0.0,0.0,0.0,512,512,True
adaptive_t0_i100ms,710,665,6,11,10933.78144186701,27.719130054956622,10933.781541867009,10950.449456393377,10950.45281332697,10950.45281332697,10934.901536229745,10950.45281332697,10951.572907689706,15.551277097225466,15.551277097225466,0.0,0.0,0.0,512,512,True
adaptive_t0_i100ms,647,594,7,9,,,,,,10838.878831088201,,10838.878831088201,10953.37100289204,42.465454538934864,,,,,0,0,False
adaptive_t0_i100ms,584,647,8,4,10835.166311458604,-70.89600035344847,10906.196679293767,10939.338006198064,10939.341363131658,10939.341363131658,,10939.341363131658,11002.02885122182,41.58516358220186,,0.0,,,153,153,False
adaptive_t0_i100ms,489,643,9,8,10883.80057348263,-22.26173832942368,10906.100167452947,10926.850213229314,10926.853570162908,10926.853570162908,,10926.853570162908,10929.315841790447,40.67432505214856,,0.0,,,213,213,False
adaptive_t0_i100ms,490,654,10,15,10899.172175337764,-6.890136474288738,10906.074990450994,10907.317055880681,10907.320412814275,10907.320412814275,,10907.320412814275,10911.85388192247,3.7455683673906606,,0.0,,,59,59,False
adaptive_t0_i100ms,522,675,10,0,10907.320412814275,1.2581010022222472,10907.320512814274,10909.612359225408,10909.615716159002,10909.615716159002,10911.85388192247,10911.85388192247,10961.921551883159,0.0,0.0,0.0,0.0,0.0,480,480,False
adaptive_t0_i100ms,555,560,11,12,10729.045973140535,-177.0163386715176,10906.08757895197,10934.948815524236,10934.95217245783,10934.95217245783,,10934.95217245783,11076.28796073727,64.6960110369655,,0.0,,,77,77,False
adaptive_t0_i100ms,620,670,12,0,,,,,,10847.262772738592,10814.891234774032,10847.262772738592,10929.542700836466,32.37153796456005,32.37153796456005,,,0.0,0,0,False
adaptive_t0_i100ms,620,670,12,1,,,,,,10879.373940646306,10929.542700836466,10929.542700836466,11011.82262893434,0.0,0.0,,,0.0,0,0,False
adaptive_t0_i100ms,525,642,13,6,,,,,,10878.526314913885,,10878.526314913885,10925.10767359821,38.130860553956154,,,,,0,0,False
adaptive_t0_i100ms,525,642,13,7,10878.562714913627,-27.499596898425807,10906.171502291814,10947.25197714533,10947.255334078924,10947.255334078924,10925.10767359821,10947.255334078924,10993.836692763249,22.147660480713967,22.147660480713967,0.0,0.0,0.0,180,180,False
adaptive_t0_i100ms,910,653,14,3,10828.017137154442,-78.04517465761091,10906.095971285955,10943.488015353338,10943.491372286931,10943.491372286931,,10943.491372286931,11014.23191012809,44.82609729067735,,0.0,,,156,156,False
adaptive_t0_i100ms,1071,663,15,4,,,,,,10883.817681491033,,10883.817681491033,10908.92419940821,20.969493740538383,,,,,0,0,False
adaptive_t0_i100ms,1071,663,15,5,10883.844081490846,-22.218230321206647,10906.205071627752,10923.21633261408,10923.219689547674,10923.219689547674,10908.92419940821,10923.219689547674,10948.32620746485,14.295490139464164,14.295490139464164,0.0,0.0,0.0,64,64,False
adaptive_t0_i100ms,1071,663,15,6,10923.219689547674,17.157377735620685,10923.220528781072,10953.684701144353,10953.688058077947,10953.688058077947,10948.32620746485,10953.688058077947,10978.794575995124,5.361850613096976,5.361850613096976,0.0,0.0,0.0,496,496,False
adaptive_t0_i100ms,560,651,16,3,10806.995971187396,-99.06634062465673,10906.18409079279,10927.57195395197,10927.575310885564,10927.575310885564,,10927.575310885564,10995.631497038397,52.65075354443252,,0.0,,,93,93,False
adaptive_t0_i100ms,1009,671,17,10,,,,,,10900.161751925603,,10900.440739176625,10906.464750725214,0.0,,,,,0,0,False
adaptive_t0_i100ms,1009,671,17,11,10900.499139176212,-5.563172635840601,10906.091775118963,10911.441888034002,10911.445244967595,10911.445244967595,10906.464750725214,10911.445244967595,10917.469256516184,4.98049424238161,4.98049424238161,0.0,0.0,0.0,132,132,False
adaptive_t0_i100ms,1009,671,17,12,10911.445244967595,5.38293315554256,10911.445444967594,10921.965874850408,10921.969231784002,10921.969231784002,10917.469256516184,10921.969231784002,10927.99324333259,4.499975267817717,4.499975267817717,0.0,0.0,0.0,1022,1022,True
adaptive_t0_i100ms,1009,671,17,13,10921.969231784002,15.90691997194881,10921.969431784,10932.292641818181,10932.295998751775,10932.295998751775,10927.99324333259,10932.295998751775,10938.320010300364,4.302755419184905,4.302755419184905,0.0,0.0,0.0,1022,1022,True
adaptive_t0_i100ms,1009,671,17,14,10932.295998751775,26.233686939722247,10932.296098751774,10942.577447116033,10942.580804049627,10942.580804049627,10938.320010300364,10942.580804049627,10948.604815598215,4.26079374926303,4.26079374926303,0.0,0.0,0.0,1022,1022,True
adaptive_t0_i100ms,1009,671,17,15,10942.580804049627,36.51849223757381,10942.581104049625,10952.979745089666,10952.98310202326,10952.98310202326,10948.604815598215,10952.98310202326,10959.007113571848,4.37828642504428,4.37828642504428,0.0,0.0,0.0,1022,1022,False
adaptive_t0_i100ms,658,610,18,7,,,,,,10836.982163607732,,10836.982163607732,10940.736956171295,44.42445243155453,,,,,0,0,False
adaptive_t0_i100ms,563,599,19,7,,,,,,10806.897744357244,,10806.897744357244,10932.127293251106,17.691898860044603,,,,,0,0,False
adaptive_t0_i100ms,692,657,20,15,,,,,,10903.89634054865,,10903.89634054865,10918.265443170776,9.011939858342885,,,,,0,0,False
adaptive_t0_i100ms,533,673,21,0,,,,,,10902.406701266424,10872.170984782988,10902.406701266424,10906.269081784232,30.23571648343568,30.23571648343568,,,0.0,0,0,False
adaptive_t0_i100ms,533,673,21,1,10902.487101265855,-3.5752105461979227,10906.058205783025,10909.226311862127,10909.22966879572,10909.22966879572,10906.269081784232,10909.22966879572,10913.092049313529,2.9605870114883146,2.9605870114883146,0.0,0.0,0.0,351,351,False
adaptive_t0_i100ms,533,673,21,2,10909.22966879572,3.1673569836675597,10909.22976879572,10915.982140719549,10915.985497653142,10915.985497653142,10913.092049313529,10915.985497653142,10919.847878170951,2.8934483396133146,2.8934483396133146,0.0,0.0,0.0,1279,1279,True
adaptive_t0_i100ms,533,673,21,3,10915.985497653142,9.923185841089435,10915.985597653142,10922.73796957697,10922.741326510564,10922.741326510564,10919.847878170951,10922.741326510564,10926.603707028373,2.8934483396133146,2.8934483396133146,0.0,0.0,0.0,1279,1279,True
adaptive_t0_i100ms,533,673,21,4,10922.741326510564,16.67901469851131,10922.741426510564,10929.447640597478,10929.450997531072,10929.450997531072,10926.603707028373,10929.450997531072,10933.31337804888,2.847290502699252,2.847290502699252,0.0,0.0,0.0,1279,1279,True
adaptive_t0_i100ms,533,673,21,5,10929.450997531072,23.388685719019122,10929.451097531071,10936.169900118963,10936.173257052556,10936.173257052556,10933.31337804888,10936.173257052556,10940.035637570365,2.8598790036758146,2.8598790036758146,0.0,0.0,0.0,1279,1279,True
adaptive_t0_i100ms,533,673,21,6,10936.173257052556,30.110945240503497,10936.173357052556,10942.913140475408,10942.916497409002,10942.916497409002,10940.035637570365,10942.916497409002,10946.77887792681,2.880859838636752,2.880859838636752,0.0,0.0,0.0,1279,1279,True
adaptive_t0_i100ms,533,673,21,7,10942.916497409002,36.85418559694881,10942.916797409,10949.635399996892,10949.638756930486,10949.638756930486,10946.77887792681,10949.638756930486,10953.501137448295,2.8598790036758146,2.8598790036758146,0.0,0.0,0.0,1279,1279,True
adaptive_t0_i100ms,534,661,22,13,,,,,,10905.436333834783,,10905.436333834783,10914.144699692773,7.300011217204883,,,,,0,0,False
adaptive_t0_i100ms,534,661,22,14,10905.44673383471,-0.6155779773434915,10906.062401950017,10920.790948092595,10920.79430502619,10920.79430502619,10914.144699692773,10920.79430502619,10929.50267088418,6.6496053334158205,6.6496053334158205,0.0,0.0,0.0,1362,1364,False
adaptive_t0_i100ms,534,661,22,15,10920.79430502619,14.73199321413631,10920.794405026189,10935.758675753728,10935.762032687322,10935.762032687322,10929.50267088418,10935.762032687322,10944.470398545312,6.259361803142383,6.259361803142383,0.0,0.0,0.0,1534,1534,True
adaptive_t0_i100ms,566,677,22,0,10935.762032687322,29.699720875269122,10935.762132687321,10951.351632296697,10951.35498923029,10951.35498923029,10944.470398545312,10951.35498923029,11087.322070185934,6.8845906849783205,6.8845906849783205,0.0,0.0,0.0,1504,1504,False
adaptive_t0_i100ms,695,641,23,9,,,,,,10898.797997653142,,10898.797997653142,10930.21441670816,27.22711274429821,,,,,0,0,False
adaptive_t0_i100ms,695,641,23,10,10898.816397653012,-7.245914159040694,10906.079186617986,10948.540200411931,10948.543557345525,10948.543557345525,10930.21441670816,10948.543557345525,10979.959976400543,18.329140637364617,18.329140637364617,0.0,0.0,0.0,315,315,False
adaptive_t0_i100ms,696,623,24,15,10857.906671053084,-48.15564075896873,10906.06659811701,10915.533150851385,10915.536507784978,10915.536507784978,,10915.536507784978,10946.952926839997,26.345917675938836,,0.0,,,71,71,False
adaptive_t0_i100ms,633,648,25,3,,,,,,10839.83555716242,,10839.83555716242,10932.852882364774,45.127993027908815,,,,,0,0,False
adaptive_t0_i100ms,954,659,26,1,,,,,,10843.989762484685,,10843.989762484685,10979.956843440328,40.389425392013436,,,,,0,0,False
adaptive_t0_i100ms,315,662,27,11,,,,,,10902.578744113103,,10902.578744113103,10916.94784673523,9.70850357904601,,,,,0,0,False
adaptive_t0_i100ms,315,662,27,12,10902.582344113078,-3.479967698975088,10906.46943014826,10921.869363009588,10921.872719943181,10921.872719943181,10916.94784673523,10921.872719943181,10936.241822565307,4.92487320795226,4.92487320795226,0.0,0.0,0.0,49,49,False
adaptive_t0_i100ms,315,662,27,13,10921.872719943181,15.810408131128497,10921.87291994318,10937.638558566228,10937.641915499822,10937.641915499822,10936.241822565307,10937.641915499822,10952.011018121948,1.4000929345147597,1.4000929345147597,0.0,0.0,0.0,240,240,True
adaptive_t0_i100ms,315,662,27,14,10937.641915499822,31.579603687769122,10937.642015499821,10953.416146456853,10953.419503390447,10953.419503390447,10952.011018121948,10953.419503390447,10967.788606012573,1.4084852684991347,1.4084852684991347,0.0,0.0,0.0,240,240,False
adaptive_t0_i100ms,764,650,28,10,,,,,,10887.510308444158,,10887.510308444158,10916.103150440038,17.94474803097546,,,,,0,0,False
adaptive_t0_i100ms,764,650,28,11,10887.521108444082,-18.54120336797132,10906.654061495916,10919.435586154119,10919.438943087713,10919.438943087713,10916.103150440038,10919.438943087713,10948.031785083593,3.3357926476746798,3.3357926476746798,0.0,0.0,0.0,31,31,False
adaptive_t0_i100ms,764,650,28,12,10919.438943087713,13.376631275659747,10919.439043087712,10940.084923922674,10940.088280856267,10940.088280856267,10948.031785083593,10948.031785083593,10976.624627079473,0.0,0.0,0.0,0.0,0.0,224,224,False
adaptive_t0_i100ms,541,636,29,4,10790.414975155007,-115.64733665704625,10906.309975802556,10928.230752169744,10928.234109103338,10928.234109103338,,10928.234109103338,11021.251434305692,44.88340874539972,,0.0,,,60,60,False
adaptive_t0_i100ms,670,613,30,6,10734.916814595581,-171.145497216472,10906.35613363947,10925.847329318181,10925.850686251775,10925.850686251775,,10925.850686251775,11051.080235145637,65.83452276141179,,0.0,,,55,55,False
adaptive_t0_i100ms,959,664,31,6,,,,,,10885.59685629572,,10885.59685629572,10906.275859898777,17.97398864547904,,,,,0,0,False
adaptive_t0_i100ms,959,664,31,7,10885.646056295373,-20.416255516680394,10906.150521456853,10921.390999972478,10921.394356906072,10921.394356906072,10906.275859898777,10921.394356906072,10942.073360509128,15.118497007295446,15.118497007295446,0.0,0.0,0.0,103,103,False
adaptive_t0_i100ms,959,664,31,8,10921.394356906072,15.332045094019122,10921.39519613947,10952.111138522283,10952.114495455877,10952.114495455877,10942.073360509128,10952.114495455877,10972.793499058933,10.04113494674857,10.04113494674857,0.0,0.0,0.0,888,888,False
