case,request_id,npu_id,sequence,category,profile_id,admission_time_ms,completion_time_ms,admission_relative_ms,completion_relative_ms,ttft_ms,ideal_ttft_ms,io_stall_ms,request_compute_fraction,slo_met_alpha1p5,slo_met_alpha2,trace_compute_interval_count,trace_link_interval_count,trace_ssd_interval_count,has_any_trace_activity,request_fully_inside_trace
baseline,315,27,,,,9899.447313821287,,-237.17102674140006,,,,,,,,2,0,0,True,False
baseline,347,27,10,LL,"176,4096",10153.416977918303,12157.08976022009,16.798637355615938,2020.4714196574023,2003.6727823017864,2003.6727823017789,7.503331289626658e-12,0.9999999999999962,True,True,1,2752,2752,True,False
baseline,379,27,11,SS,"48,256",12157.08976022009,12465.375133719606,2020.4714196574023,2328.7567931569192,308.28537349951694,42.69709302504841,265.58828047446855,0.13849860128091776,False,False,0,0,0,False,False
baseline,411,27,12,LS,"112,256",12465.375133719606,12864.454599465427,2328.7567931569192,2727.83625890274,399.0794657458209,85.64676761444342,313.4326981313775,0.21461081054216152,False,False,0,0,0,False,False
baseline,417,1,,,,9038.851403498245,,-1097.7669370644417,,,,,,,,1,0,0,True,False
baseline,443,27,13,LL,"176,2048",12864.454599465427,13883.91735812449,2727.83625890274,3747.2990175618033,1019.4627586590632,1002.9998094425738,16.462949216489392,0.9838513480981457,True,True,0,0,0,False,False
baseline,449,1,14,SS,"80,256",10371.44043511313,10567.427226188429,234.82209455044358,430.8088856257418,195.98679107529824,64.17192994809237,131.81486112720586,0.32742987216642305,False,False,0,0,0,False,False
baseline,452,4,,,,9963.48969567085,,-173.1286448918363,,,,,,,,3,2020,2021,True,False
baseline,481,1,15,SS,"80,64",10567.427226188429,10791.916299303593,430.8088856257418,655.2979587409063,224.4890731151645,20.605864439167775,203.88320867599674,0.0917900553163976,False,False,0,0,0,False,False
baseline,484,4,15,SL,"80,512",10436.03963933912,10636.777393058495,299.4212987764331,500.1590524958083,200.73775371937518,123.65863307227637,77.0791206470988,0.616020807152934,False,True,0,0,0,False,False
baseline,490,10,,,,10128.142733504843,,-8.475607057844172,,,,,,,,4,5779,5779,True,False
baseline,493,13,,,,9826.048809231586,,-310.56953133110073,,,,,,,,3,2231,2232,True,False
baseline,501,21,,,,9993.353334939451,,-143.265005623236,,,,,,,,3,3456,3456,True,False
baseline,513,1,16,SS,"80,256",10791.916299303593,11086.081858756788,655.2979587409063,949.4635181941012,294.1655594531949,64.17192994809237,229.9936295051025,0.21814902488033397,False,False,0,0,0,False,False
baseline,516,4,16,LS,"160,64",10636.777393058495,10880.16929125203,500.1590524958083,743.5509506893432,243.39189819353487,34.02763698134068,209.3642612121942,0.13980595588388628,False,False,0,0,0,False,False
baseline,521,9,,,,9985.074690304564,,-151.5436502581233,,,,,,,,2,1568,1568,True,False
baseline,522,10,16,SL,"64,4096",10350.03880160358,11161.925042222843,213.4204610408924,1025.3067016601562,811.8862406192638,801.0827193710202,10.803521248243669,0.9866933066386205,True,True,0,0,0,False,False
baseline,525,13,16,LL,"128,2048",10285.761888047979,11031.06362699718,149.1435474852915,894.445286434493,745.3017389492015,745.301738949197,4.547473508864641e-12,0.9999999999999939,True,True,0,0,0,False,False
baseline,533,21,16,LS,"160,128",10177.363846663804,10412.822150269052,40.745506101116916,276.20380970636506,235.45830360524815,61.79808828494513,173.66021532030302,0.2624587340463949,False,False,0,925,925,True,False
baseline,537,25,,,,9211.780633120397,,-924.8377074422897,,,,,,,,2,992,992,True,False
baseline,541,29,,,,9260.871590761999,,-875.7467498006881,,,,,,,,1,0,0,True,False
baseline,545,1,17,LL,"128,2048",11086.081858756788,11838.39618277271,949.4635181941012,1701.7778422100237,752.3143240159225,745.301738949197,7.012585066725478,0.9906786500763515,True,True,0,0,0,False,False
baseline,548,4,17,SL,"80,4096",10880.16929125203,11869.287063883246,743.5509506893432,1732.6687233205594,989.1177726312162,972.8816535680313,16.2361190631849,0.9835852519159634,True,True,0,0,0,False,False
baseline,549,5,,,,10088.821407523317,,-47.79693303936983,,,,,,,,4,959,959,True,False
baseline,553,9,17,SL,"64,2048",12262.393615742803,12671.442397870753,2125.7752751801163,2534.8240573080657,409.0487821279494,401.70428667481804,7.344495453131344,0.9820449399337559,True,True,0,0,0,False,False
baseline,554,10,17,LS,"144,64",11161.925042222843,11376.620400313706,1025.3067016601562,1240.0020597510193,214.695358090863,31.34328235876592,183.3520757320971,0.14598956697284934,False,False,0,0,0,False,False
baseline,555,11,,,,9096.45953690344,,-1040.1588036592475,,,,,,,,1,0,0,True,False
baseline,556,12,,,,9260.581580185859,,-876.0367603768282,,,,,,,,2,626,626,True,False
baseline,557,13,17,SL,"48,512",11031.06362699718,11214.06206313024,894.445286434493,1077.4437225675538,182.99843613306075,80.70895968896073,102.28947644410002,0.4410363355798085,False,False,0,0,0,False,False
baseline,560,16,,,,9399.74123876663,,-736.8771017960571,,,,,,,,2,1520,1520,True,False
baseline,563,19,,,,9905.2837690928,,-231.3345714698862,,,,,,,,2,1376,1376,True,False
baseline,565,21,17,LS,"96,64",10412.822150269052,10616.140467944817,276.20380970636506,479.52212738212984,203.31831767576477,23.2902189487311,180.02809872703367,0.11455051967266625,False,False,0,0,0,False,False
baseline,566,22,,,,9520.179350819195,,-616.4389897434921,,,,,,,,1,0,0,True,False
baseline,569,25,17,SL,"48,512",10700.057836358064,10958.899442585807,563.4394957953773,822.2811020231202,258.8416062277429,80.70895968896073,178.13264653878215,0.3118082941347096,False,False,0,0,0,False,False
baseline,573,29,17,LS,"192,64",10749.148793999666,11024.943197689818,612.5304534369789,888.3248571271306,275.79440369015174,39.396346040612436,236.3980576495393,0.1428467928046621,False,False,0,0,0,False,False
baseline,574,30,,,,9464.839852403507,,-671.7784881591797,,,,,,,,2,0,0,True,False
baseline,577,1,18,LS,"192,256",11838.39618277271,12096.168501820172,1701.7778422100237,1959.5501612574844,257.77231904746077,139.3338537278603,118.43846531960048,0.5405307064883343,False,True,0,0,0,False,False
baseline,579,3,,,,9920.273009206348,,-216.34533135633865,,,,,,,,2,1008,1008,True,False
baseline,580,4,18,LS,"200,128",11869.287063883246,12125.802048132178,1732.6687233205594,1989.1837075694912,256.5149842489318,75.21986229808209,181.2951219508497,0.2932376933781221,False,False,0,0,0,False,False
baseline,581,5,18,LL,"160,1024",10289.385661955153,10762.912655696542,152.76732139246633,626.294315133855,473.52699374138865,459.71307881640524,13.813914924983408,0.9708276083358244,True,True,0,0,0,False,False
baseline,583,7,,,,8827.694781154598,,-1308.9235594080892,,,,,,,,1,0,0,True,False
baseline,584,8,,,,9980.164585016355,,-156.4537555463321,,,,,,,,2,1392,1392,True,False
baseline,585,9,18,SS,"64,64",12671.442397870753,13036.477569192104,2534.8240573080657,2899.859228629417,365.0351713213513,17.921509803758415,347.1136615175929,0.049095296047463814,False,False,0,0,0,False,False
baseline,586,10,18,LS,"176,256",11376.620400313706,11618.514915238993,1240.0020597510193,1481.896574676306,241.89451492528679,128.59643913212983,113.29807579315695,0.5316219723785346,False,True,0,0,0,False,False
baseline,587,11,18,LL,"96,512",11369.390533467413,11602.801577126951,1232.7721929047257,1466.183236564264,233.41104365953834,145.13346879256792,88.27757486697041,0.6217934957879061,False,True,0,0,0,False,False
baseline,588,12,18,SS,"48,64",10586.668134392916,10802.667028173402,450.04979383022874,666.0486876107152,215.99889378048647,15.237155262340579,200.76173851814588,0.0705427467504795,False,False,0,0,0,False,False
baseline,589,13,18,LL,"200,1024",11214.06206313024,11785.674846593089,1077.4437225675538,1649.0565060304016,571.6127834628478,567.0872150010164,4.525568461831426,0.9920828074655444,True,True,0,0,0,False,False
baseline,592,16,18,SS,"80,128",10501.491484402628,10709.68072931327,364.8731438399409,573.0623887505826,208.18924491064172,34.9545424455353,173.2347024651064,0.16789792604578768,False,False,0,0,0,False,False
baseline,594,18,,,,9956.91310961146,,-179.70523095122735,,,,,,,,4,1261,1261,True,False
baseline,595,19,18,LS,"128,128",11921.81109514385,12187.71086845546,1785.1927545811632,2051.0925278927734,265.89977331161026,51.06067008778518,214.83910322382508,0.19202976163483498,False,False,0,0,0,False,False
baseline,597,21,18,LS,"112,256",10616.140467944817,10866.94903000742,479.52212738212984,730.3306894447323,250.8085620626025,85.64676761444342,165.16179444815907,0.34148263085638103,False,False,0,0,0,False,False
baseline,598,22,18,LL,"160,512",11703.752027138697,11938.517728238387,1567.1336865760095,1801.8993876756995,234.76570109968998,231.03280454429512,3.732896555394859,0.9840994807252115,True,True,0,0,0,False,False
baseline,601,25,18,SS,"80,256",10958.899442585807,11174.474116447218,822.2811020231202,1037.8557758845309,215.5746738614107,64.17192994809237,151.40274391331832,0.29767842761226865,False,False,0,0,0,False,False
baseline,605,29,18,LL,"160,4096",11024.943197689818,12867.664238156118,888.3248571271306,2731.0458975934307,1842.7210404663,1831.8747488614208,10.846291604879298,0.9941139807020738,True,True,0,0,0,False,False
baseline,606,30,18,LS,"112,64",10210.141591352709,10425.112408810575,73.52325079002185,288.4940682478882,214.97081745786636,25.97457358213019,188.99624387573618,0.12082837051694763,False,False,0,896,896,True,False
baseline,609,1,19,LL,"200,512",12096.168501820172,12415.15884817433,1959.5501612574844,2278.540507611642,318.99034635415774,284.7199227381171,34.27042361604066,0.8925659537734347,True,True,0,0,0,False,False
baseline,610,2,,,,8977.275367509501,,-1159.3429730531861,,,,,,,,1,190,190,True,False
baseline,611,3,19,LL,"144,2048",10665.57474815555,11496.775816972082,528.9564075928629,1360.1574764093948,831.2010688165319,831.2010688165183,1.3642420526593924e-11,0.9999999999999836,True,True,0,0,0,False,False
baseline,612,4,19,SS,"80,256",12125.802048132178,12448.94234764839,1989.1837075694912,2312.3240070857028,323.1402995162116,64.17192994809237,258.9683695681192,0.1985884460841534,False,False,0,0,0,False,False
baseline,613,5,19,SL,"64,1024",10762.912655696542,11047.060068116649,626.294315133855,910.4417275539618,284.1474124201068,202.01505216678882,82.13236025331796,0.7109515812451364,True,True,0,0,0,False,False
baseline,615,7,19,SS,"80,64",10144.173630720587,10363.242173632207,7.555290157899435,226.6238330695196,219.06854291162017,20.605864439167775,198.4626784724524,0.09406126578146318,False,False,3,1744,1744,True,False
baseline,616,8,19,LL,"112,4096",10983.164394458938,12299.643244024926,846.5460538962507,2163.0249034622393,1316.4788495659886,1316.478849565995,-6.366462912410498e-12,1.0000000000000049,True,True,0,0,0,False,False
baseline,617,9,19,SS,"48,128",13036.477569192104,13313.876812927534,2899.859228629417,3177.258472364847,277.39924373543,24.217124414408403,253.1821193210216,0.08730061440796691,False,False,0,0,0,False,False
baseline,618,10,19,SS,"80,256",11618.514915238993,11822.219630363234,1481.896574676306,1685.6012898005465,203.70471512424047,64.17192994809237,139.53278517614808,0.31502427378253667,False,False,0,0,0,False,False
baseline,619,11,19,LS,"128,256",11602.801577126951,11810.1967177012,1466.183236564264,1673.5783771385122,207.39514057424822,96.38418477742668,111.01095579682153,0.46473694856375286,False,False,0,0,0,False,False
baseline,620,12,19,LL,"112,4096",10802.667028173402,12137.649083794771,666.0486876107152,2001.0307432320842,1334.982055621369,1316.478849565995,18.503206055373994,0.9861397342552581,True,True,0,0,0,False,False
baseline,621,13,19,LS,"200,128",11785.674846593089,12030.062302038428,1649.0565060304016,1893.4439614757412,244.38745544533958,75.21986229808209,169.1675931472575,0.3077893755267074,False,False,0,0,0,False,False
baseline,624,16,19,LL,"128,1024",10709.68072931327,11093.95917159014,573.0623887505826,957.3408310274535,384.2784422768709,373.81375578175397,10.46468649511695,0.9727679584805405,True,True,0,0,0,False,False
baseline,626,18,19,SS,"48,256",10184.890420899852,10407.490917411013,48.27208033716488,270.8725768483255,222.6004965111606,42.69709302504841,179.90340348611218,0.19181041234967636,False,False,0,293,293,True,False
baseline,627,19,19,SS,"48,256",12187.71086845546,12528.137203421755,2051.0925278927734,2391.5188628590677,340.42633496629423,42.69709302504841,297.72924194124585,0.12542241489418224,False,False,0,0,0,False,False
baseline,629,21,19,LS,"192,64",10866.94903000742,11122.420576535033,730.3306894447323,985.8022359723454,255.4715465276131,39.396346040612436,216.07520048700067,0.1542103086472458,False,False,0,0,0,False,False
baseline,630,22,19,LL,"112,512",11938.517728238387,12216.360322046461,1801.8993876756995,2079.741981483774,277.8425938080745,166.60829961410437,111.23429419397016,0.5996499576634117,False,True,0,0,0,False,False
baseline,631,23,,,,8462.567008584194,,-1674.0513319784932,,,,,,,,1,0,0,True,False
baseline,633,25,19,LL,"128,4096",11174.474116447218,12671.178013027973,1037.8557758845309,2534.559672465286,1496.703896580755,1488.2772032376654,8.42669334308971,0.9943698326954713,True,True,0,0,0,False,False
baseline,637,29,19,LL,"144,2048",12867.664238156118,13698.86530697265,2731.0458975934307,3562.2469664099626,831.2010688165319,831.2010688165183,1.3642420526593924e-11,0.9999999999999836,True,True,0,0,0,False,False
baseline,638,30,19,LL,"192,1024",10425.112408810575,10984.323100201153,288.4940682478882,847.7047596384655,559.2106913905773,545.6125064753121,13.598184915265165,0.9756832529767074,True,True,0,0,0,False,False
baseline,641,1,20,LL,"176,4096",12415.15884817433,14426.849356557424,2278.540507611642,4290.231015994737,2011.6905083830952,2003.6727823017789,8.017726081316368,0.9960144336080003,True,True,0,0,0,False,False
baseline,642,2,20,SL,"32,512",10644.87835445477,10884.632079114706,508.2600138920825,748.0137385520193,239.75372465993678,59.23412266696431,180.51960199297247,0.24706236681403443,False,False,0,0,0,False,False
baseline,643,3,20,LL,"128,2048",11496.775816972082,12242.077555921283,1360.1574764093948,2105.4592153585963,745.3017389492015,745.301738949197,4.547473508864641e-12,0.9999999999999939,True,True,0,0,0,False,False
baseline,644,4,20,LL,"112,1024",12448.94234764839,12862.580591591604,2312.3240070857028,2725.9622510289173,413.63824394321455,330.8640576488932,82.77418629432134,0.799887492255951,True,True,0,0,0,False,False
baseline,645,5,20,SS,"32,64",11047.060068116649,11224.174175138747,910.4417275539618,1087.55583457606,177.11410702209832,12.552800653172682,164.56130636892564,0.07087408713076979,False,False,0,0,0,False,False
baseline,646,6,,,,9996.107212744051,,-140.51112781863594,,,,,,,,4,2510,2510,True,False
baseline,647,7,20,LL,"160,4096",10363.242173632207,12207.466598690786,226.6238330695196,2070.8482581280987,1844.224425058579,1831.8747488614208,12.34967619715826,0.9933035936248562,True,True,0,0,0,False,False
baseline,648,8,20,LS,"144,64",12299.643244024926,12660.181725386949,2163.0249034622393,2523.5633848242614,360.53848136202214,31.34328235876592,329.1951990032562,0.08693463799026117,False,False,0,0,0,False,False
baseline,650,10,20,LS,"96,256",11822.219630363234,12081.194170467212,1685.6012898005465,1944.5758299045247,258.97454010397814,74.9093470023565,184.06519310162165,0.2892537118601714,False,False,0,0,0,False,False
baseline,651,11,20,LL,"96,2048",11810.1967177012,12388.342372293766,1673.5783771385122,2251.724031731079,578.1456545925666,573.5030096470159,4.642644945550728,0.9919697659081732,True,True,0,0,0,False,False
baseline,652,12,20,LS,"144,128",12137.649083794771,12447.732501380979,2001.0307432320842,2311.1141608182916,310.08341758620736,56.4293799038855,253.65403768232187,0.18198128859372936,False,False,0,0,0,False,False
baseline,653,13,20,SL,"48,4096",12030.062302038428,12673.141946202559,1893.4439614757412,2536.5236056398717,643.0796441641305,629.2841814562018,13.795462707928664,0.9785478162259981,True,True,0,0,0,False,False
baseline,656,16,20,SL,"64,512",11093.95917159014,11273.882023535067,957.3408310274535,1137.2636829723797,179.92285194492615,102.1837949161835,77.73905702874265,0.5679311650054416,False,True,0,0,0,False,False
baseline,658,18,20,LL,"144,4096",10407.490917411013,12078.167310143246,270.8725768483255,1941.548969580559,1670.6763927322336,1660.0766810169919,10.59971171524171,0.9936554369467645,True,True,0,0,0,False,False
baseline,659,19,20,SS,"64,64",12528.137203421755,12925.430205910854,2391.5188628590677,2788.811865348167,397.2930024890993,17.921509803758415,379.3714926853409,0.04510904972269209,False,False,0,0,0,False,False
baseline,661,21,20,LS,"192,256",11122.420576535033,11343.565070936382,985.8022359723454,1206.9467303736947,221.14449440134922,139.3338537278603,81.81064067348893,0.6300579813440302,False,True,0,0,0,False,False
baseline,662,22,20,SL,"80,4096",12216.360322046461,13192.972137735786,2079.741981483774,3056.3537971730984,976.6118156893244,972.8816535680313,3.7301621212931195,0.996180506869395,True,True,0,0,0,False,False
baseline,663,23,20,LL,"128,512",10488.22840776592,10709.631554504609,351.6100672032335,573.013213941922,221.40314673868852,188.08315078041497,33.31999595827355,0.8495053189212367,True,True,0,0,0,False,False
baseline,665,25,20,LL,"176,4096",12671.178013027973,14674.85079532976,2534.559672465286,4538.232454767072,2003.6727823017864,2003.6727823017789,7.503331289626658e-12,0.9999999999999962,True,True,0,0,0,False,False
baseline,670,30,20,LL,"176,4096",10984.323100201153,12987.995882502939,847.7047596384655,2851.377541940252,2003.6727823017864,2003.6727823017789,7.503331289626658e-12,0.9999999999999962,True,True,0,0,0,False,False
baseline,674,2,21,SS,"48,128",10884.632079114706,11126.326840393354,748.0137385520193,989.7084998306673,241.694761278648,24.217124414408403,217.4776368642396,0.10019714240512094,False,False,0,0,0,False,False
baseline,675,3,21,LS,"144,256",12242.077555921283,12596.016808341928,2105.4592153585963,2459.3984677792414,353.93925242064506,107.1216018259477,246.81765059469734,0.3026553316517639,False,False,0,0,0,False,False
baseline,676,4,21,LL,"128,1024",12862.580591591604,13245.023464409738,2725.9622510289173,3108.405123847051,382.44287281813376,373.81375578175397,8.629117036379796,0.9774368470438636,True,True,0,0,0,False,False
baseline,677,5,21,LL,"176,512",11224.174175138747,11500.223294509517,1087.55583457606,1363.6049539468295,276.0491193707694,252.50765589798212,23.541463472787285,0.9147200196600951,True,True,0,0,0,False,False
baseline,678,6,21,LL,"112,1024",10185.525377742602,10528.179996821844,48.90703717991528,391.56165625915673,342.65461907924146,330.8640576488932,11.790561430348248,0.9655905370193723,True,True,0,404,404,True,False
baseline,679,7,21,SS,"32,256",12207.466598690786,12527.772434994093,2070.8482581280987,2391.1540944314056,320.30583630330693,31.959675135575093,288.34616116773185,0.0997786225328456,False,False,0,0,0,False,False
baseline,680,8,21,LS,"192,64",12660.181725386949,13049.837568722533,2523.5633848242614,2913.2192281598454,389.655843335584,39.396346040612436,350.25949729497154,0.10110549274294611,False,False,0,0,0,False,False
baseline,682,10,21,SL,"80,2048",12081.194170467212,12580.061491551525,1944.5758299045247,2443.443150988838,498.8673210843135,487.6037207016371,11.26360038267643,0.9774216511953631,True,True,0,0,0,False,False
baseline,683,11,21,LS,"192,128",12388.342372293766,12769.540296964908,2251.724031731079,2632.9219564022205,381.19792467114166,72.53550573111009,308.66241894003156,0.1902830551705817,False,False,0,0,0,False,False
baseline,684,12,21,LS,"192,128",12447.732501380979,12845.423780851626,2311.1141608182916,2708.8054402889393,397.6912794706477,72.53550573111009,325.1557737395376,0.18239149178141256,False,False,0,0,0,False,False
baseline,685,13,21,SL,"48,2048",12673.141946202559,13055.493920574872,2536.5236056398717,2918.8755800121853,382.35197437231363,315.80495809994557,66.54701627236807,0.8259535173537036,True,True,0,0,0,False,False
baseline,688,16,21,LS,"160,128",11273.882023535067,11524.344824829599,1137.2636829723797,1387.726484266912,250.46280129453226,61.79808828494513,188.66471300958713,0.24673559492881955,False,False,0,0,0,False,False
baseline,690,18,21,LL,"192,1024",12078.167310143246,12623.779816618546,1941.548969580559,2487.1614760558587,545.6125064752996,545.6125064753121,-1.2505552149377763e-11,1.0000000000000229,True,True,0,0,0,False,False
baseline,691,19,21,LL,"160,512",12925.430205910854,13242.640271573347,2788.811865348167,3106.0219310106604,317.21006566249343,231.03280454429512,86.17726111819832,0.7283274698795669,True,True,0,0,0,False,False
baseline,693,21,21,LS,"160,128",11343.565070936382,11570.762824097177,1206.9467303736947,1434.14448353449,227.1977531607954,61.79808828494513,165.39966487585028,0.2720013179056774,False,False,0,0,0,False,False
baseline,695,23,21,LL,"176,1024",10709.631554504609,11212.2942593849,573.013213941922,1075.6759188222131,502.66270488029113,502.6627048802919,-7.958078640513122e-13,1.0000000000000016,True,True,0,0,0,False,False
baseline,696,24,,,,9661.542270007805,,-475.0760705548819,,,,,,,,2,0,0,True,False
baseline,702,30,21,LL,"96,4096",12987.995882502939,14132.676223148948,2851.377541940252,3996.0578825862613,1144.6803406460094,1144.680340645995,1.432454155292362e-11,0.9999999999999875,True,True,0,0,0,False,False
baseline,706,2,22,LS,"200,128",11126.326840393354,11350.144036559912,989.7084998306673,1213.5256959972248,223.81719616655755,75.21986229808209,148.59733386847546,0.3360772254608439,False,False,0,0,0,False,False
baseline,707,3,22,LS,"128,256",12596.016808341928,12985.446580372098,2459.3984677792414,2848.8282398094107,389.42977203016926,96.38418477742668,293.04558725274256,0.24750081195630766,False,False,0,0,0,False,False
baseline,709,5,22,SL,"48,512",11500.223294509517,11712.26877394567,1363.6049539468295,1575.6504333829835,212.04547943615398,80.70895968896073,131.33651974719325,0.38062098708056574,False,False,0,0,0,False,False
baseline,710,6,22,SS,"64,64",10528.179996821844,10744.94028434103,391.56165625915673,608.3219437783428,216.76028751918602,17.921509803758415,198.8387777154276,0.08267893537543003,False,False,0,0,0,False,False
baseline,711,7,22,SL,"32,2048",12527.772434994093,12938.930984189776,2391.1540944314056,2802.3126436270886,411.158549195683,229.905641954,181.252907241683,0.559165417826642,False,True,0,0,0,False,False
baseline,712,8,22,LL,"200,1024",13049.837568722533,13631.138079722972,2913.2192281598454,3494.519739160285,581.3005110004397,567.0872150010164,14.21329599942328,0.9755491424307168,True,True,0,0,0,False,False
baseline,714,10,22,LL,"200,2048",12580.061491551525,13711.910097010063,2443.443150988838,3575.2917564473755,1131.8486054585373,1131.8486054585294,7.958078640513122e-12,0.999999999999993,True,True,0,0,0,False,False
baseline,715,11,22,LL,"192,512",12769.540296964908,13136.243964242189,2632.9219564022205,2999.6256236795016,366.70366727728106,273.9825008267165,92.72116645056457,0.7471496068228466,True,True,0,0,0,False,False
baseline,716,12,22,SS,"48,256",12845.423780851626,13165.572735037966,2708.8054402889393,3028.9543944752786,320.1489541863393,42.69709302504841,277.45186116129094,0.13336633609678142,False,False,0,0,0,False,False
baseline,717,13,22,LL,"160,4096",13055.493920574872,14887.36866943629,2918.8755800121853,4750.7503288736025,1831.8747488614172,1831.8747488614208,-3.637978807091713e-12,1.000000000000002,True,True,0,0,0,False,False
baseline,720,16,22,LS,"128,256",11524.344824829599,11744.409211597684,1387.726484266912,1607.7908710349966,220.06438676808466,96.38418477742668,123.68020199065798,0.43798174794634703,False,False,0,0,0,False,False
baseline,722,18,22,LS,"176,64",12623.779816618546,12987.759548764896,2487.1614760558587,2851.141208202209,363.9797321463502,36.711991562200296,327.2677405841499,0.10086273580595695,False,False,0,0,0,False,False
baseline,724,20,,,,9691.229408965555,,-445.3889315971319,,,,,,,,1,0,0,True,False
baseline,725,21,22,LL,"192,2048",11570.762824097177,12674.703154324503,1434.14448353449,2538.084813761816,1103.9403302273258,1088.89897844534,15.041351781985895,0.9863748507322959,True,True,0,0,0,False,False
baseline,727,23,22,SL,"64,2048",11212.2942593849,11613.998546059724,1075.6759188222131,1477.3802054970365,401.7042866748234,401.70428667481804,5.343281372915953e-12,0.9999999999999867,True,True,0,0,0,False,False
baseline,728,24,22,LL,"192,2048",10176.26309200214,11265.16207044747,39.6447514394531,1128.5437298847828,1088.8989784453297,1088.89897844534,-1.0231815394945443e-11,1.0000000000000093,True,True,1,2628,2628,True,False
baseline,732,28,,,,9039.643733857552,,-1096.9746067051346,,,,,,,,1,0,0,True,False
baseline,735,31,,,,8277.666536843748,,-1858.9518037189391,,,,,,,,1,433,433,True,False
baseline,738,2,23,SS,"32,64",11350.144036559912,11580.730876798903,1213.5256959972248,1444.1125362362163,230.5868402389915,12.552800653172682,218.03403958581882,0.054438495449967324,False,False,0,0,0,False,False
baseline,739,3,23,LL,"200,4096",12985.446580372098,15267.260406514288,2848.8282398094107,5130.642065951601,2281.81382614219,2261.372612471063,20.441213671127116,0.9910416820877597,True,True,0,0,0,False,False
baseline,741,5,23,LL,"144,1024",11712.26877394567,12137.039983069479,1575.6504333829835,2000.4216425067916,424.77120912380815,416.7634208995999,8.007788224208241,0.9811479967281064,True,True,0,0,0,False,False
baseline,742,6,23,SS,"80,256",10744.94028434103,11033.74516594673,608.3219437783428,897.1268253840426,288.80488160569985,64.17192994809237,224.63295165760746,0.22219821767315262,False,False,0,0,0,False,False
baseline,743,7,23,LL,"192,2048",12938.930984189776,14038.650450467081,2802.3126436270886,3902.032109904394,1099.7194662773054,1088.89897844534,10.820487831965465,0.9901606835526935,True,True,0,0,0,False,False
baseline,747,11,23,LS,"192,128",13136.243964242189,13409.592138700747,2999.6256236795016,3272.9737981380604,273.3481744585588,72.53550573111009,200.81266872744868,0.26535939328948,False,False,0,0,0,False,False
baseline,752,16,23,LL,"128,512",11744.409211597684,11972.65474023459,1607.7908710349966,1836.0363996719025,228.24552863690587,188.08315078041497,40.162377856490906,0.8240387091202062,True,True,0,0,0,False,False
baseline,753,17,,,,10030.566732319694,,-106.0516082429931,,,,,,,,4,2456,2368,True,False
baseline,754,18,23,SL,"48,1024",12987.759548764896,13279.520710458331,2851.141208202209,3142.9023698956444,291.7611616934355,159.06538334465102,132.69577834878447,0.5451903962179416,False,True,0,0,0,False,False
baseline,756,20,23,LS,"160,128",11958.396003743292,12240.534018555185,1821.7776631806046,2103.915677992498,282.1380148118933,61.79808828494513,220.33992652694818,0.21903495821414593,False,False,0,0,0,False,False
baseline,757,21,23,LL,"144,4096",12674.703154324503,14334.779835341506,2538.084813761816,4198.161494778818,1660.0766810170026,1660.0766810169919,1.0686562745831907e-11,0.9999999999999936,True,True,0,0,0,False,False
baseline,759,23,23,LS,"96,128",11613.998546059724,11810.184120334703,1477.3802054970365,1673.565779772016,196.18557427497944,40.32325191349002,155.86232236148942,0.2055362738188475,False,False,0,0,0,False,False
baseline,760,24,23,LL,"200,4096",11265.16207044747,13526.534682918522,1128.5437298847828,3389.916342355835,2261.372612471052,2261.372612471063,-1.0913936421275139e-11,1.0000000000000049,True,True,0,0,0,False,False
baseline,764,28,23,SL,"32,4096",10885.388656796255,11342.874128730335,748.7703162335674,1206.2557881676476,457.4854719340801,457.4854719340925,-1.2391865311656147e-11,1.000000000000027,True,True,0,0,0,False,False
baseline,767,31,23,SS,"48,256",10552.289817830206,10771.581836905641,415.67147726751864,634.9634963429544,219.29201907543575,42.69709302504841,176.59492605038733,0.1947042724357458,False,False,0,0,0,False,False
baseline,770,2,24,LS,"144,64",11580.730876798903,11795.939171676011,1444.1125362362163,1659.320831113324,215.20829487710762,31.34328235876592,183.8650125183417,0.14564160910556057,False,False,0,0,0,False,False
baseline,773,5,24,LS,"192,64",12137.039983069479,12436.882055722044,2000.4216425067916,2300.263715159357,299.84207265256555,39.396346040612436,260.4457266119531,0.13139032055138558,False,False,0,0,0,False,False
baseline,774,6,24,SS,"32,128",11033.74516594673,11216.183709406449,897.1268253840426,1079.5653688437615,182.43854345971886,18.848415342640056,163.5901281170788,0.10331377890441036,False,False,0,0,0,False,False
baseline,782,14,,,,9678.583451103159,,-458.03488945952813,,,,,,,,2,581,580,True,False
baseline,784,16,24,LL,"128,1024",11972.65474023459,12356.96016104278,1836.0363996719025,2220.341820480093,384.3054208081903,373.81375578175397,10.491665026436351,0.9726996694338256,True,True,0,0,0,False,False
baseline,785,17,24,LS,"192,128",10328.465383078183,10525.218283109927,191.84704251549556,388.59994254724006,196.7529000317445,72.53550573111009,124.21739430063441,0.3686629560194898,False,False,0,0,0,False,False
baseline,788,20,24,LL,"200,512",12240.534018555185,12621.635441191907,2103.915677992498,2485.0171006292203,381.1014226367224,284.7199227381171,96.38149989860534,0.7470975069267082,True,True,0,0,0,False,False
baseline,791,23,24,SL,"80,4096",11810.184120334703,12791.799690531196,1673.565779772016,2655.1813499685086,981.6155701964926,972.8816535680313,8.733916628461316,0.991102508055457,True,True,0,0,0,False,False
baseline,796,28,24,LL,"192,4096",11342.874128730335,13518.34742402062,1206.2557881676476,3381.7290834579326,2175.473295290285,2175.473295290288,-3.183231456205249e-12,1.0000000000000016,True,True,0,0,0,False,False
baseline,799,31,24,LS,"96,128",10771.581836905641,11062.957977451402,634.9634963429544,926.3396368887152,291.3761405457608,40.32325191349002,251.05288863227076,0.13838899725270137,False,False,0,0,0,False,False
baseline,802,2,25,SL,"32,4096",11795.939171676011,12263.680730576925,1659.320831113324,2127.062390014238,467.74155890091424,457.4854719340925,10.256086966821726,0.9780731757278075,True,True,0,0,0,False,False
baseline,805,5,25,LL,"160,1024",12436.882055722044,12920.271206721933,2300.263715159357,2783.6528661592456,483.38915099988844,459.71307881640524,23.6760721834832,0.9510206794370346,True,True,0,0,0,False,False
baseline,806,6,25,LS,"96,256",11216.183709406449,11466.6403374594,1079.5653688437615,1330.0219968967122,250.4566280529507,74.9093470023565,175.5472810505942,0.29909109447292975,False,False,0,0,0,False,False
baseline,814,14,25,LS,"144,128",10191.467903098332,10411.001162880002,54.84956253564451,274.382822317315,219.5332597816705,56.4293799038855,163.103879877785,0.2570425090029887,False,False,0,1151,1151,True,False
baseline,816,16,25,LS,"112,128",12356.96016104278,12728.06612765638,2220.341820480093,2591.4477870936935,371.1059666136007,45.69196085719812,325.41400575640256,0.1231237570070466,False,False,0,0,0,False,False
baseline,817,17,25,LS,"200,64",10525.218283109927,10754.167022119691,388.59994254724006,617.5486815570039,228.9487390097638,40.73852324673224,188.21021576303156,0.17793731218146128,False,False,0,0,0,False,False
baseline,820,20,25,LS,"192,128",12621.635441191907,12997.20333712604,2485.0171006292203,2860.5849965633533,375.56789593413305,72.53550573111009,303.03239020302294,0.19313553292593288,False,False,0,0,0,False,False
baseline,823,23,25,LL,"144,4096",12791.799690531196,14451.876371548198,2655.1813499685086,4315.258030985511,1660.0766810170026,1660.0766810169919,1.0686562745831907e-11,0.9999999999999936,True,True,0,0,0,False,False
baseline,831,31,25,SS,"80,128",11062.957977451402,11239.748936100379,926.3396368887152,1103.130595537692,176.7909586489768,34.9545424455353,141.8364162034415,0.1977167990527077,False,False,0,0,0,False,False
baseline,832,0,,,,9860.804995052173,,-275.8133455105144,,,,,,,,2,403,403,True,False
baseline,834,2,26,LL,"176,512",12263.680730576925,12638.949719680415,2127.062390014238,2502.331379117728,375.26898910348973,252.50765589798212,122.76133320550761,0.6728710957471279,True,True,0,0,0,False,False
baseline,837,5,26,SS,"64,256",12920.271206721933,13203.044208266041,2783.6528661592456,3066.425867703354,282.7730015441084,53.43451233051433,229.33848921359407,0.18896610368999225,False,False,0,0,0,False,False
baseline,838,6,26,LL,"192,4096",11466.6403374594,13652.26524887942,1330.0219968967122,3515.646908316732,2185.62491142002,2175.473295290288,10.151616129731792,0.9953552798210301,True,True,0,0,0,False,False
baseline,846,14,26,LS,"176,64",10411.001162880002,10614.434773069095,274.382822317315,477.8164325064081,203.4336101890931,36.711991562200296,166.7216186268928,0.18046178076511654,False,False,0,0,0,False,False
baseline,848,16,26,LS,"112,256",12728.06612765638,13095.080133523044,2591.4477870936935,2958.4617929603573,367.01400586666387,85.64676761444342,281.36723825222043,0.23336103321778645,False,False,0,0,0,False,False
baseline,849,17,26,LS,"160,256",10754.167022119691,11052.25087008405,617.5486815570039,915.6325295213628,298.08384796435894,117.85902134052674,180.2248266238322,0.3953888214520728,False,False,0,0,0,False,False
baseline,852,20,26,LL,"200,512",12997.20333712604,13317.793282737552,2860.5849965633533,3181.1749421748646,320.5899456115112,284.7199227381171,35.870022873394134,0.8881124521700965,True,True,0,0,0,False,False
baseline,863,31,26,SS,"64,64",11239.748936100379,11489.208129494838,1103.130595537692,1352.5897889321514,249.45919339445936,17.921509803758415,231.53768359070094,0.07184144853471038,False,False,0,0,0,False,False
baseline,864,0,27,SL,"48,4096",10165.58189656887,10794.866078025068,28.963556006183353,658.2477374623813,629.284181456198,629.2841814562018,-3.865352482534945e-12,1.0000000000000062,True,True,1,704,704,True,False
baseline,866,2,27,LS,"192,128",12638.949719680415,13012.531935148501,2502.331379117728,2875.9135945858143,373.58221546808636,72.53550573111009,301.04670973697625,0.19416209532411885,False,False,0,0,0,False,False
baseline,878,14,27,SL,"80,4096",10614.434773069095,11601.30515317768,477.8164325064081,1464.686812614993,986.8703801085849,972.8816535680313,13.988726540553557,0.985825163240775,True,True,0,0,0,False,False
baseline,880,16,27,LS,"192,64",13095.080133523044,13373.477438412474,2958.4617929603573,3236.859097849787,278.3973048894295,39.396346040612436,239.00095884881708,0.14151123358129994,False,False,0,0,0,False,False
baseline,881,17,27,SS,"64,256",11052.25087008405,11227.287372328541,915.6325295213628,1090.669031765854,175.0365022444912,53.43451233051433,121.60198991397687,0.3052763946109763,False,False,0,0,0,False,False
baseline,895,31,27,LS,"128,128",11489.208129494838,11712.736236192277,1352.5897889321514,1576.1178956295898,223.5281066974385,51.06067008778518,172.4674366096533,0.22843064723354678,False,False,0,0,0,False,False
baseline,896,0,28,LS,"192,64",10794.866078025068,11074.30271001892,658.2477374623813,937.6843694562322,279.4366319938508,39.396346040612436,240.0402859532384,0.14098490151240936,False,False,0,0,0,False,False
baseline,898,2,28,SL,"64,2048",13012.531935148501,13433.755181914348,2875.9135945858143,3297.136841351661,421.22324676584685,401.70428667481804,19.518960091028816,0.953661246759538,True,True,0,0,0,False,False
baseline,910,14,28,LL,"200,2048",11601.30515317768,12733.153758636217,1464.686812614993,2596.5354180735303,1131.8486054585373,1131.8486054585294,7.958078640513122e-12,0.999999999999993,True,True,0,0,0,False,False
baseline,913,17,28,LL,"128,512",11227.287372328541,11481.724182983613,1090.669031765854,1345.105842420926,254.4368106550719,188.08315078041497,66.35365987465693,0.7392136000139953,True,True,0,0,0,False,False
baseline,922,26,,,,8867.426059070305,,-1269.1922814923819,,,,,,,,2,1568,1568,True,False
baseline,927,31,28,SS,"64,256",11712.736236192277,11925.965961195729,1576.1178956295898,1789.3476206330415,213.22972500345168,53.43451233051433,159.79521267293734,0.25059598200789945,False,False,0,0,0,False,False
baseline,928,0,29,LL,"176,2048",11074.30271001892,12088.276794159647,937.6843694562322,1951.6584535969596,1013.9740841407274,1002.9998094425738,10.974274698153636,0.9891769672718475,True,True,0,0,0,False,False
baseline,942,14,29,LS,"160,128",12733.153758636217,13085.230826416513,2596.5354180735303,2948.612485853826,352.0770677802957,61.79808828494513,290.27897949535054,0.17552432106571786,False,False,0,0,0,False,False
baseline,943,15,,,,9981.02965984888,,-155.58868071380675,,,,,,,,4,3548,3548,True,False
baseline,945,17,29,LS,"192,128",11481.724182983613,11700.373732023501,1345.105842420926,1563.7553914608143,218.64954903988837,72.53550573111009,146.11404330877826,0.33174322128547995,False,False,0,0,0,False,False
baseline,954,26,29,LL,"192,4096",11146.372650166632,13321.845945456917,1009.7543096039444,3185.2276048942294,2175.473295290285,2175.473295290288,-3.183231456205249e-12,1.0000000000000016,True,True,0,0,0,False,False
baseline,959,31,29,LL,"112,1024",11925.965961195729,12271.641809569948,1789.3476206330415,2135.023469007261,345.67584837421964,330.8640576488932,14.811790725326432,0.9571512132103265,True,True,0,0,0,False,False
baseline,960,0,30,LL,"96,512",12088.276794159647,12372.183481729002,1951.6584535969596,2235.565141166315,283.9066875693552,145.13346879256792,138.77321877678727,0.5112013036223864,False,True,0,0,0,False,False
baseline,974,14,30,SL,"48,4096",13085.230826416513,13726.086129552168,2948.612485853826,3589.467788989481,640.855303135655,629.2841814562018,11.5711216794532,0.9819442522784213,True,True,0,0,0,False,False
baseline,975,15,30,LL,"160,1024",10207.469956299043,10667.183035115435,70.8516157363556,530.5646945527478,459.7130788163922,459.71307881640524,-1.3017142919125035e-11,1.0000000000000284,True,True,0,0,0,False,False
baseline,977,17,30,SS,"48,128",11700.373732023501,11906.822293274214,1563.7553914608143,1770.2039527115267,206.44856125071237,24.217124414408403,182.23143683630397,0.11730343029612583,False,False,0,0,0,False,False
baseline,991,31,30,LS,"128,256",12271.641809569948,12630.253632984402,2135.023469007261,2493.6352924217153,358.6118234144542,96.38418477742668,262.2276386370275,0.26877023702041675,False,False,0,0,0,False,False
baseline,992,0,31,LL,"200,512",12372.183481729002,12776.620869048353,2235.565141166315,2640.0025284856656,404.4373873193508,284.7199227381171,119.71746458123374,0.7039901148241205,True,True,0,0,0,False,False
baseline,1007,15,31,SL,"32,512",10667.183035115435,10917.769209852011,530.5646945527478,781.150869289324,250.58617473657614,59.23412266696431,191.35205206961183,0.23638224546598804,False,False,0,0,0,False,False
baseline,1009,17,31,LS,"128,256",11906.822293274214,12189.335092029813,1770.2039527115267,2052.7167514671255,282.51279875559885,96.38418477742668,186.12861397817215,0.3411674982584007,False,False,0,0,0,False,False
baseline,1023,31,31,LL,"160,4096",12630.253632984402,14479.959579647817,2493.6352924217153,4343.34123908513,1849.7059466634146,1831.8747488614208,17.831197801993767,0.990359982442529,True,True,0,0,0,False,False
baseline,1024,0,32,SL,"64,2048",12776.620869048353,13185.321057294286,2640.0025284856656,3048.702716731599,408.70018824593353,401.70428667481804,6.995901571115496,0.9828825584809721,True,True,0,0,0,False,False
baseline,1039,15,32,LL,"176,1024",10917.769209852011,11434.466979941593,781.150869289324,1297.8486393789062,516.6977700895823,502.6627048802919,14.035065209290337,0.9728369928771765,True,True,0,0,0,False,False
baseline,1041,17,32,SS,"48,64",12189.335092029813,12526.009732946352,2052.7167514671255,2389.3913923836644,336.6746409165389,15.237155262340579,321.4374856541983,0.04525780504542914,False,False,0,0,0,False,False
baseline,1071,15,33,SL,"64,2048",11434.466979941593,11836.171266616417,1297.8486393789062,1699.5529260537296,401.7042866748234,401.70428667481804,5.343281372915953e-12,0.9999999999999867,True,True,0,0,0,False,False
baseline,1073,17,33,LS,"96,64",12526.009732946352,12925.216052356438,2389.3913923836644,2788.597711793751,399.2063194100865,23.2902189487311,375.9161004613554,0.05834130828176123,False,False,0,0,0,False,False
baseline,1103,15,34,LL,"200,4096",11836.171266616417,14097.543879087469,1699.5529260537296,3960.9255385247816,2261.372612471052,2261.372612471063,-1.0913936421275139e-11,1.0000000000000049,True,True,0,0,0,False,False
baseline,1105,17,34,SS,"64,64",12925.216052356438,13222.921660988979,2788.597711793751,3086.303320426292,297.70560863254104,17.921509803758415,279.78409882878265,0.0601987644306661,False,False,0,0,0,False,False
adaptive_t0_i100ms,315,27,,,,10669.421650121623,,-236.64066169042962,,,,,,,,4,662,662,True,False
adaptive_t0_i100ms,347,27,10,LL,"176,4096",10983.729844415893,13220.84746350046,77.6675326038403,2314.7851516884075,2237.117619084567,2003.6727823017789,233.44483678278834,0.8956492788795278,True,True,0,0,0,False,False
adaptive_t0_i100ms,379,27,11,SS,"48,256",13220.84746350046,13278.59873547944,2314.7851516884075,2372.5364236673868,57.751271978979275,42.69709302504841,15.054178953930865,0.7393273180301484,True,True,0,0,0,False,False
adaptive_t0_i100ms,411,27,12,LS,"112,256",13278.59873547944,13421.07419731901,2372.5364236673868,2515.0118855069577,142.47546183957093,85.64676761444342,56.82869422512751,0.6011334619212023,False,True,0,0,0,False,False
adaptive_t0_i100ms,417,1,,,,9914.822176871336,,-991.2401349407173,,,,,,,,1,790,790,True,False
adaptive_t0_i100ms,443,27,13,LL,"176,2048",13421.07419731901,14715.690561749676,2515.0118855069577,3809.628249937623,1294.6163644306653,1002.9998094425738,291.6165549880915,0.7747467411966973,True,True,0,0,0,False,False
adaptive_t0_i100ms,449,1,14,SS,"80,256",11443.45382759835,11538.620358265132,537.3915157862975,632.5580464530794,95.16653066678191,64.17192994809237,30.99460071868954,0.6743119613426417,True,True,0,0,0,False,False
adaptive_t0_i100ms,452,4,,,,10448.59045103857,,-457.47186077348306,,,,,,,,2,1981,1981,True,False
adaptive_t0_i100ms,481,1,15,SS,"80,64",11538.620358265132,11611.323241621993,632.5580464530794,705.2609298099396,72.70288335686018,20.605864439167775,52.09701891769241,0.28342568393091694,False,False,0,0,0,False,False
adaptive_t0_i100ms,484,4,15,SL,"80,512",11159.39346839948,11330.443082540718,253.33115658742645,424.3807707286651,171.04961414123864,123.65863307227637,47.39098106896226,0.7229401463026353,True,True,0,0,0,False,False
adaptive_t0_i100ms,489,9,,,,10405.989373448983,,-500.0729383630696,,,,,,,,1,1642,1642,True,False
adaptive_t0_i100ms,490,10,,,,10549.014479281468,,-357.04783253058486,,,,,,,,1,59,59,True,False
adaptive_t0_i100ms,513,1,16,SS,"80,256",11611.323241621993,11676.35440330924,705.2609298099396,770.2920914971874,65.03116168724773,64.17192994809237,0.8592317391553621,0.9867873844344403,True,True,0,0,0,False,False
adaptive_t0_i100ms,516,4,16,LS,"160,64",11330.443082540718,11479.381451038695,424.3807707286651,573.3191392266417,148.93836849797663,34.02763698134068,114.91073151663595,0.2284679047078655,False,False,0,0,0,False,False
adaptive_t0_i100ms,521,9,16,LL,"200,4096",11093.241203423748,13541.450894440852,187.17889161169478,2635.3885826287988,2448.209691017104,2261.372612471063,186.83707854604108,0.9236842010586029,True,True,0,0,0,False,False
adaptive_t0_i100ms,522,10,16,SL,"64,4096",10911.85388192247,11745.265029008322,5.791570110417524,839.2027171962691,833.4111470858516,801.0827193710202,32.32842771483138,0.9612095088626152,True,True,1,960,960,True,False
adaptive_t0_i100ms,525,13,,,,10393.928685684636,,-512.1336261274173,,,,,,,,2,737,738,True,False
adaptive_t0_i100ms,533,21,,,,10872.170984782988,,-33.891327029064996,,,,,,,,8,9286,9287,True,False
adaptive_t0_i100ms,534,22,,,,10659.285274571628,,-246.77703724042476,,,,,,,,3,2898,2896,True,False
adaptive_t0_i100ms,541,29,,,,10334.971620835211,,-571.0906909768419,,,,,,,,1,871,871,True,False
adaptive_t0_i100ms,545,1,17,LL,"128,2048",11676.35440330924,12511.90018246591,770.2920914971874,1605.837870653857,835.5457791566696,745.301738949197,90.24404020747261,0.8919939009223918,True,True,0,0,0,False,False
adaptive_t0_i100ms,548,4,17,SL,"80,4096",11479.381451038695,12482.308642492584,573.3191392266417,1576.2463306805312,1002.9271914538895,972.8816535680313,30.045537885858153,0.970042154463573,True,True,0,0,0,False,False
adaptive_t0_i100ms,553,9,17,SL,"64,2048",13541.450894440852,14117.073672387238,2635.3885826287988,3211.011360575185,575.6227779463861,401.70428667481804,173.9184912715681,0.6978603037703852,True,True,0,0,0,False,False
adaptive_t0_i100ms,554,10,17,LS,"144,64",11745.265029008322,11805.289264526837,839.2027171962691,899.2269527147837,60.024235518514615,31.34328235876592,28.680953159748697,0.5221771187589388,False,True,0,0,0,False,False
adaptive_t0_i100ms,555,11,,,,9058.093521710853,,-1847.9687901012003,,,,,,,,1,1316,1316,True,False
adaptive_t0_i100ms,557,13,17,SL,"48,512",11450.039189794985,11596.912173000186,543.9768779829319,690.8498611881332,146.8729832052013,80.70895968896073,66.16402351624058,0.5495153562462843,False,True,0,0,0,False,False
adaptive_t0_i100ms,560,16,,,,10522.256544915599,,-383.80576689645386,,,,,,,,1,1335,1335,True,False
adaptive_t0_i100ms,563,19,,,,9793.798919179488,,-1112.2633926325652,,,,,,,,1,141,141,True,False
adaptive_t0_i100ms,565,21,17,LS,"96,64",11006.977089596732,11063.252064682165,100.91477778467925,157.189752870112,56.27497508543274,23.2902189487311,32.98475613670165,0.4138645803640697,False,False,0,0,0,False,False
adaptive_t0_i100ms,566,22,17,LL,"192,4096",10944.470398545312,13251.478564000976,38.40808673325955,2345.416252188923,2307.0081654556634,2175.473295290288,131.5348701653752,0.9429846533987472,True,True,1,2166,2167,True,False
adaptive_t0_i100ms,573,29,17,LS,"192,64",12074.881637113773,12232.399625682561,1168.8193253017198,1326.3373138705083,157.5179885687885,39.396346040612436,118.12164252817607,0.2501069649159972,False,False,0,0,0,False,False
adaptive_t0_i100ms,577,1,18,LS,"192,256",12511.90018246591,12747.470411685474,1605.837870653857,1841.4080998734207,235.57022921956377,139.3338537278603,96.23637549170348,0.5914747979380444,False,True,0,0,0,False,False
adaptive_t0_i100ms,580,4,18,LS,"200,128",12482.308642492584,12714.308318959394,1576.2463306805312,1808.2460071473415,231.99967646681034,75.21986229808209,156.77981416872825,0.32422399653149075,False,False,0,0,0,False,False
adaptive_t0_i100ms,581,5,,,,10900.342053919552,,-5.72025789250074,,,,,,,,1,1351,1351,True,False
adaptive_t0_i100ms,584,8,,,,10482.908406753972,,-423.15390505808136,,,,,,,,1,1230,1230,True,False
adaptive_t0_i100ms,586,10,18,LS,"176,256",11805.289264526837,11938.473930044638,899.2269527147837,1032.4116182325852,133.18466551780148,128.59643913212983,4.588226385671646,0.9655498899379045,True,True,0,0,0,False,False
adaptive_t0_i100ms,587,11,18,LL,"96,512",11521.647029666758,11681.468594853039,615.5847178547046,775.4062830409857,159.82156518628108,145.13346879256792,14.688096393713153,0.908096905592225,True,True,0,0,0,False,False
adaptive_t0_i100ms,589,13,18,LL,"200,1024",11596.912173000186,12221.14179486075,690.8498611881332,1315.0794830486975,624.2296218605643,567.0872150010164,57.14240685954792,0.9084593155172122,True,True,0,0,0,False,False
adaptive_t0_i100ms,592,16,18,SS,"80,128",11903.850898980789,11947.480899676619,997.7885871687358,1041.4185878645658,43.63000069582995,34.9545424455353,8.675458250294646,0.8011584205378244,True,True,0,0,0,False,False
adaptive_t0_i100ms,595,19,18,LS,"128,128",12000.927834905291,12082.653677978966,1094.8655230932382,1176.5913661669128,81.7258430736747,51.06067008778518,30.66517298588952,0.6247799737196311,False,True,0,0,0,False,False
adaptive_t0_i100ms,597,21,18,LS,"112,256",11063.252064682165,11187.857967137834,157.189752870112,281.7956553257809,124.60590245566891,85.64676761444342,38.95913484122549,0.6873411766743073,True,True,0,0,0,False,False
adaptive_t0_i100ms,598,22,18,LL,"160,512",13251.478564000976,13599.501339763845,2345.416252188923,2693.439027951792,348.02277576286906,231.03280454429512,116.98997121857394,0.6638439223923467,False,True,0,0,0,False,False
adaptive_t0_i100ms,605,29,18,LL,"160,4096",12232.399625682561,14345.31444363438,1326.3373138705083,3439.252131822326,2112.914817951818,1831.8747488614208,281.0400690903971,0.866989399334694,True,True,0,0,0,False,False
adaptive_t0_i100ms,609,1,19,LL,"200,512",12747.470411685474,13150.300174543538,1841.4080998734207,2244.2378627314847,402.829762858064,284.7199227381171,118.10984011994691,0.7067996185734603,True,True,0,0,0,False,False
adaptive_t0_i100ms,610,2,,,,9278.505146994648,,-1627.5571648174046,,,,,,,,1,977,977,True,False
adaptive_t0_i100ms,611,3,,,,10221.460823012272,,-684.6014887997808,,,,,,,,2,882,882,True,False
adaptive_t0_i100ms,612,4,19,SS,"80,256",12714.308318959394,12778.480248907485,1808.2460071473415,1872.4179370954316,64.17192994809011,64.17192994809237,-2.2595258997171186e-12,1.0000000000000353,True,True,0,0,0,False,False
adaptive_t0_i100ms,613,5,19,SL,"64,1024",11537.929692764714,11744.002177820574,631.8673809526608,837.9398660085208,206.07248505585994,202.01505216678882,4.057432889071123,0.9803106519146829,True,True,0,0,0,False,False
adaptive_t0_i100ms,616,8,19,LL,"112,4096",11787.763968690546,13273.072226053453,881.7016568784929,2367.0099142414,1485.3082573629072,1316.478849565995,168.82940779691216,0.8863337580195908,True,True,0,0,0,False,False
adaptive_t0_i100ms,618,10,19,SS,"80,256",11938.473930044638,12022.92244202297,1032.4116182325852,1116.8601302109164,84.44851197833123,64.17192994809237,20.276582030238856,0.7598941466790835,True,True,0,0,0,False,False
adaptive_t0_i100ms,619,11,19,LS,"128,256",11681.468594853039,11778.08490411892,775.4062830409857,872.0225923068665,96.61630926588077,96.38418477742668,0.23212448845409028,0.9975974606128319,True,True,0,0,0,False,False
adaptive_t0_i100ms,620,12,,,,10814.891234774032,,-91.1710770380214,,,,,,,,2,729,729,True,False
adaptive_t0_i100ms,621,13,19,LS,"200,128",12221.14179486075,12350.94543443791,1315.0794830486975,1444.8831226258571,129.80363957715963,75.21986229808209,54.58377727907754,0.5794896240437765,False,True,0,0,0,False,False
adaptive_t0_i100ms,624,16,19,LL,"128,1024",11947.480899676619,12430.221184982789,1041.4185878645658,1524.1588731707361,482.74028530617034,373.81375578175397,108.92652952441637,0.7743579045711267,True,True,0,0,0,False,False
adaptive_t0_i100ms,627,19,19,SS,"48,256",12082.653677978966,12132.489154485787,1176.5913661669128,1226.4268426737344,49.83547650682158,42.69709302504841,7.138383481773168,0.8567610067740388,True,True,0,0,0,False,False
adaptive_t0_i100ms,629,21,19,LS,"192,64",11187.857967137834,11284.231842156658,281.7956553257809,378.16953034460494,96.37387501882404,39.396346040612436,56.9775289782116,0.4087865724286527,False,False,0,0,0,False,False
adaptive_t0_i100ms,630,22,19,LL,"112,512",13599.501339763845,13885.16978501235,2693.439027951792,2979.107473200296,285.6684452485042,166.60829961410437,119.06014563439984,0.583222621837603,False,True,0,0,0,False,False
adaptive_t0_i100ms,633,25,,,,10489.794712818355,,-416.2675989936979,,,,,,,,1,138,138,True,False
adaptive_t0_i100ms,641,1,20,LL,"176,4096",13150.300174543538,15448.044061039342,2244.2378627314847,4541.981749227289,2297.743886495804,2003.6727823017789,294.0711041940251,0.8720174576799762,True,True,0,0,0,False,False
adaptive_t0_i100ms,642,2,20,SL,"32,512",11127.540187760736,11214.896370554203,221.4778759486835,308.83405874214986,87.35618279346636,59.23412266696431,28.12206012650205,0.6780759045643031,True,True,0,0,0,False,False
adaptive_t0_i100ms,643,3,20,LL,"128,2048",11390.997316773512,12136.361828320645,484.9350049614586,1230.2995165085922,745.3645115471336,745.301738949197,0.0627725979366005,0.9999157826848956,True,True,0,0,0,False,False
adaptive_t0_i100ms,644,4,20,LL,"112,1024",12778.480248907485,13199.46068322753,1872.4179370954316,2293.3983714154765,420.9804343200449,330.8640576488932,90.11637667115167,0.7859369003295724,True,True,0,0,0,False,False
adaptive_t0_i100ms,645,5,20,SS,"32,64",11744.002177820574,11764.692290145334,837.9398660085208,858.6299783332815,20.690112324760776,12.552800653172682,8.137311671588094,0.6067052926605038,False,True,0,0,0,False,False
adaptive_t0_i100ms,647,7,,,,9648.511207170088,,-1257.5511046419651,,,,,,,,1,152,152,True,False
adaptive_t0_i100ms,648,8,20,LS,"144,64",13273.072226053453,13498.041023557915,2367.0099142414,2591.978711745862,224.9687975044617,31.34328235876592,193.62551514569577,0.13932279812334555,False,False,0,0,0,False,False
adaptive_t0_i100ms,650,10,20,LS,"96,256",12022.92244202297,12140.484056406733,1116.8601302109164,1234.4217445946797,117.5616143837633,74.9093470023565,42.6522673814068,0.6371922280500972,False,True,0,0,0,False,False
adaptive_t0_i100ms,651,11,20,LL,"96,2048",11778.08490411892,12409.870952802492,872.0225923068665,1503.808640990439,631.7860486835725,573.5030096470159,58.2830390365566,0.9077487716640805,True,True,0,0,0,False,False
adaptive_t0_i100ms,652,12,20,LS,"144,128",12203.566308902611,12296.53425865839,1297.5039970905582,1390.4719468463372,92.96794975577905,56.4293799038855,36.53856985189355,0.6069767059736385,False,True,0,0,0,False,False
adaptive_t0_i100ms,653,13,20,SL,"48,4096",12350.94543443791,13129.848181912828,1444.8831226258571,2223.7858701007754,778.9027474749182,629.2841814562018,149.61856601871636,0.8079111076398735,True,True,0,0,0,False,False
adaptive_t0_i100ms,656,16,20,SL,"64,512",12430.221184982789,12618.407505177713,1524.1588731707361,1712.3451933656597,188.1863201949236,102.1837949161835,86.00252527874011,0.5429926830512516,False,True,0,0,0,False,False
adaptive_t0_i100ms,658,18,,,,9938.90152537883,,-967.1607864332236,,,,,,,,1,164,164,True,False
adaptive_t0_i100ms,659,19,20,SS,"64,64",12132.489154485787,12219.802908928012,1226.4268426737344,1313.7405971159587,87.31375444222431,17.921509803758415,69.3922446384659,0.20525414258319535,False,False,0,0,0,False,False
adaptive_t0_i100ms,661,21,20,LS,"192,256",11284.231842156658,11458.836548447656,378.16953034460494,552.7742366356033,174.60470629099837,139.3338537278603,35.27085256313808,0.7979959801063138,True,True,0,0,0,False,False
adaptive_t0_i100ms,662,22,20,SL,"80,4096",13885.16978501235,14986.600993169626,2979.107473200296,4080.5386813575733,1101.431208157277,972.8816535680313,128.54955458924576,0.8832886215342377,True,True,0,0,0,False,False
adaptive_t0_i100ms,665,25,20,LL,"176,4096",12086.834418791019,14357.607984435519,1180.772106978966,3451.545672623466,2270.7735656445,2003.6727823017789,267.10078334272134,0.8823745408244121,True,True,0,0,0,False,False
adaptive_t0_i100ms,670,30,,,,9986.851950084216,,-919.2103617278372,,,,,,,,1,1136,1136,True,False
adaptive_t0_i100ms,674,2,21,SS,"48,128",11214.896370554203,11307.213881161464,308.83405874214986,401.15156934941115,92.31751060726128,24.217124414408403,68.10038619285288,0.2623242790572344,False,False,0,0,0,False,False
adaptive_t0_i100ms,675,3,21,LS,"144,256",12136.361828320645,12303.818962347856,1230.2995165085922,1397.7566505358027,167.4571340272105,107.1216018259477,60.33553220126278,0.6396956597175566,False,True,0,0,0,False,False
adaptive_t0_i100ms,676,4,21,LL,"128,1024",13199.46068322753,13698.848351730836,2293.3983714154765,2792.786039918783,499.3876685033065,373.81375578175397,125.57391272155252,0.7485442259759743,True,True,0,0,0,False,False
adaptive_t0_i100ms,677,5,21,LL,"176,512",11764.692290145334,12033.703129484682,858.6299783332815,1127.640817672629,269.0108393393475,252.50765589798212,16.503183441365394,0.938652347682737,True,True,0,0,0,False,False
adaptive_t0_i100ms,679,7,21,SS,"32,256",11701.183630842257,11733.143305977843,795.1213190302042,827.0809941657899,31.959675135585712,31.959675135575093,1.0619061185934697e-11,0.9999999999996677,True,True,0,0,0,False,False
adaptive_t0_i100ms,680,8,21,LS,"192,64",13498.041023557915,13817.025022411077,2591.978711745862,2910.962710599024,318.9839988531621,39.396346040612436,279.58765281254966,0.12350571245659175,False,False,0,0,0,False,False
adaptive_t0_i100ms,682,10,21,SL,"80,2048",12140.484056406733,12800.33926811743,1234.4217445946797,1894.276956305377,659.8552117106974,487.6037207016371,172.25149100906032,0.7389556254886699,True,True,0,0,0,False,False
adaptive_t0_i100ms,683,11,21,LS,"192,128",12409.870952802492,12539.995420331186,1503.808640990439,1633.9331085191334,130.12446752869437,72.53550573111009,57.588961797584275,0.5574317198655583,False,True,0,0,0,False,False
adaptive_t0_i100ms,684,12,21,LS,"192,128",12296.53425865839,12428.864133710093,1390.4719468463372,1522.8018218980396,132.3298750517024,72.53550573111009,59.79436932059231,0.5481415719826672,False,True,0,0,0,False,False
adaptive_t0_i100ms,685,13,21,SL,"48,2048",13129.848181912828,13458.29882116283,2223.7858701007754,2552.236509350778,328.4506392500025,315.80495809994557,12.64568115005693,0.9614989905973921,True,True,0,0,0,False,False
adaptive_t0_i100ms,688,16,21,LS,"160,128",12618.407505177713,12792.865133742753,1712.3451933656597,1886.8028219306998,174.45762856504007,61.79808828494513,112.65954028009494,0.3542297851532815,False,False,0,0,0,False,False
adaptive_t0_i100ms,690,18,21,LL,"192,1024",11799.062653913425,12483.826648893322,893.0003421013716,1577.7643370812693,684.7639949798977,545.6125064753121,139.1514885045856,0.7967891280430558,True,True,0,0,0,False,False
adaptive_t0_i100ms,691,19,21,LL,"160,512",12219.802908928012,12635.80123600408,1313.7405971159587,1729.7389241920264,415.99832707606765,231.03280454429512,184.96552253177254,0.5553695520079567,False,True,0,0,0,False,False
adaptive_t0_i100ms,692,20,,,,10611.611988466926,,-294.4503233451269,,,,,,,,1,0,0,True,False
adaptive_t0_i100ms,693,21,21,LS,"160,128",11458.836548447656,11584.298332882865,552.7742366356033,678.2360210708121,125.46178443520876,61.79808828494513,63.663696150263625,0.4925650353463531,False,False,0,0,0,False,False
adaptive_t0_i100ms,695,23,,,,10383.1747308318,,-522.8875809802521,,,,,,,,2,1006,1006,True,False
adaptive_t0_i100ms,696,24,,,,10140.605580307165,,-765.456731504888,,,,,,,,1,71,71,True,False
adaptive_t0_i100ms,702,30,21,LL,"96,4096",12191.589074529315,13520.306373398838,1285.5267627172616,2614.2440615867854,1328.7172988695238,1144.680340645995,184.0369582235287,0.8614927657071163,True,True,0,0,0,False,False
adaptive_t0_i100ms,706,2,22,LS,"200,128",11307.213881161464,11442.86615188857,401.15156934941115,536.8038400765163,135.65227072710513,75.21986229808209,60.43240842902304,0.5545049993995579,False,True,0,0,0,False,False
adaptive_t0_i100ms,707,3,22,LS,"128,256",12303.818962347856,12477.16711511533,1397.7566505358027,1571.1048033032766,173.34815276747395,96.38418477742668,76.96396799004727,0.5560150670120764,False,True,0,0,0,False,False
adaptive_t0_i100ms,708,4,22,SL,"64,4096",13698.848351730836,14641.160495817468,2792.786039918783,3735.0981840054155,942.3121440866325,801.0827193710202,141.22942471561237,0.8501245838739522,True,True,0,0,0,False,False
adaptive_t0_i100ms,709,5,22,SL,"48,512",12033.703129484682,12138.0770619848,1127.640817672629,1232.0147501727479,104.37393250011883,80.70895968896073,23.664972811158094,0.773267402652179,True,True,0,0,0,False,False
adaptive_t0_i100ms,710,6,,,,10733.490291661472,,-172.572020150581,,,,,,,,3,1457,1457,True,False
adaptive_t0_i100ms,711,7,22,SL,"32,2048",11733.143305977843,11963.048947931857,827.0809941657899,1056.9866361198037,229.90564195401384,229.905641954,1.3841372492606752e-11,0.9999999999999398,True,True,0,0,0,False,False
adaptive_t0_i100ms,712,8,22,LL,"200,1024",13817.025022411077,14560.760859191805,2910.962710599024,3654.698547379752,743.7358367807283,567.0872150010164,176.6486217797119,0.762484725027722,True,True,0,0,0,False,False
adaptive_t0_i100ms,714,10,22,LL,"200,2048",12800.33926811743,14274.476796315126,1894.276956305377,3368.4144845030733,1474.1375281976962,1131.8486054585294,342.28892273916676,0.7678039421751547,True,True,0,0,0,False,False
adaptive_t0_i100ms,715,11,22,LL,"192,512",12539.995420331186,12964.580219402102,1633.9331085191334,2058.5179075900487,424.5847990709153,273.9825008267165,150.60229824419883,0.6452951246164496,False,True,0,0,0,False,False
adaptive_t0_i100ms,716,12,22,SS,"48,256",12428.864133710093,12471.561226735146,1522.8018218980396,1565.4989149230933,42.69709302505362,42.69709302504841,5.208278253121534e-12,0.999999999999878,True,True,0,0,0,False,False
adaptive_t0_i100ms,717,13,22,LL,"160,4096",13458.29882116283,15702.430624491673,2552.236509350778,4796.36831267962,2244.1318033288426,1831.8747488614208,412.25705446742177,0.8162955251309667,True,True,0,0,0,False,False
adaptive_t0_i100ms,720,16,22,LS,"128,256",12792.865133742753,12952.745995425388,1886.8028219306998,2046.6836836133352,159.88086168263544,96.38418477742668,63.49667690520876,0.6028500457343664,False,True,0,0,0,False,False
adaptive_t0_i100ms,722,18,22,LS,"176,64",12483.826648893322,12906.219776196116,1577.7643370812693,2000.1574643840631,422.3931273027938,36.711991562200296,385.6811357405935,0.08691427295852566,False,False,0,0,0,False,False
adaptive_t0_i100ms,723,19,22,LS,"192,128",12635.80123600408,12897.74593150062,1729.7389241920264,1991.683619688567,261.9446954965406,72.53550573111009,189.40918976543048,0.2769115274260938,False,False,0,0,0,False,False
adaptive_t0_i100ms,724,20,22,LL,"200,4096",10918.265443170776,13404.038522299106,12.203131358723112,2497.9762104870533,2485.77307912833,2261.372612471063,224.40046665726732,0.9097260854011838,True,True,0,1160,1159,True,False
adaptive_t0_i100ms,725,21,22,LL,"192,2048",11584.298332882865,12875.22834245395,678.2360210708121,1969.1660306418962,1290.9300095710842,1088.89897844534,202.03103112574422,0.8434996245901281,True,True,0,0,0,False,False
adaptive_t0_i100ms,727,23,22,SL,"64,2048",11226.979934896637,11643.419741657675,320.9176230845842,737.3574298456224,416.4398067610382,401.70428667481804,14.735520086220163,0.9646154862071682,True,True,0,0,0,False,False
adaptive_t0_i100ms,728,24,22,LL,"192,2048",10946.952926839997,12119.500170329913,40.89061502794357,1213.4378585178601,1172.5472434899166,1088.89897844534,83.64826504457665,0.9286610705803122,True,True,0,1451,1451,True,False
adaptive_t0_i100ms,734,30,22,SL,"64,512",13520.306373398838,13676.20245757029,2614.2440615867854,2770.140145758238,155.89608417145246,102.1837949161835,53.712289255268956,0.6554609466893544,False,True,0,0,0,False,False
adaptive_t0_i100ms,738,2,23,SS,"32,64",11442.86615188857,11460.51566079211,536.8038400765163,554.4533489800579,17.649508903541573,12.552800653172682,5.096708250368891,0.7112266251586082,True,True,0,0,0,False,False
adaptive_t0_i100ms,739,3,23,LL,"200,4096",12477.16711511533,15098.158136841299,1571.1048033032766,4192.095825029246,2620.9910217259694,2261.372612471063,359.6184092549065,0.8627929640834514,True,True,0,0,0,False,False
adaptive_t0_i100ms,741,5,23,LL,"144,1024",12138.0770619848,12774.624594228435,1232.0147501727479,1868.562282416382,636.5475322436341,416.7634208995999,219.78411134403422,0.6547247452686481,False,True,0,0,0,False,False
adaptive_t0_i100ms,742,6,23,SS,"80,256",11006.702149633065,11147.881680286617,100.6398378210124,241.81936847456382,141.1795306535514,64.17192994809237,77.00760070545904,0.45454131807228887,False,False,0,0,0,False,False
adaptive_t0_i100ms,743,7,23,LL,"192,2048",11963.048947931857,13314.696964999363,1056.9866361198037,2408.6346531873096,1351.6480170675059,1088.89897844534,262.7490386221659,0.8056083867217013,True,True,0,0,0,False,False
adaptive_t0_i100ms,747,11,23,LS,"192,128",12964.580219402102,13093.692243451304,2058.5179075900487,2187.6299316392506,129.11202404920186,72.53550573111009,56.57651831809177,0.5618028705325566,False,True,0,0,0,False,False
adaptive_t0_i100ms,748,12,23,LS,"160,128",12471.561226735146,12666.208029250565,1565.4989149230933,1760.1457174385123,194.64680251541904,61.79808828494513,132.84871423047392,0.3174883300744165,False,False,0,0,0,False,False
adaptive_t0_i100ms,752,16,23,LL,"128,512",12952.745995425388,13179.407471022743,2046.6836836133352,2273.3451592106903,226.6614755973551,188.08315078041497,38.578324816940125,0.8297976102234892,True,True,0,0,0,False,False
adaptive_t0_i100ms,754,18,23,SL,"48,1024",12906.219776196116,13083.301792076563,2000.1574643840631,2177.2394802645103,177.08201588044722,159.06538334465102,18.01663253579619,0.8982582593369633,True,True,0,0,0,False,False
adaptive_t0_i100ms,755,19,23,LL,"96,4096",12897.74593150062,14172.078248758484,1991.683619688567,3266.015936946431,1274.332317257864,1144.680340645995,129.6519766118688,0.8982588961638698,True,True,0,0,0,False,False
adaptive_t0_i100ms,756,20,23,LS,"160,128",13404.038522299106,13503.1671051783,2497.9762104870533,2597.1047933662467,99.12858287919335,61.79808828494513,37.330494594248215,0.6234134140730895,False,True,0,0,0,False,False
adaptive_t0_i100ms,757,21,23,LL,"144,4096",12875.22834245395,14725.53418763421,1969.1660306418962,3819.471875822157,1850.3058451802608,1660.0766810169919,190.22916416326893,0.897190421432876,True,True,0,0,0,False,False
adaptive_t0_i100ms,759,23,23,LS,"96,128",11643.419741657675,11691.045219594727,737.3574298456224,784.9829077826744,47.62547793705198,40.32325191349002,7.302226023561964,0.8466739581445558,True,True,0,0,0,False,False
adaptive_t0_i100ms,760,24,23,LL,"200,4096",12119.500170329913,14707.289377686026,1213.4378585178601,3801.2270658739726,2587.7892073561125,2261.372612471063,326.41659488504956,0.8738627574621728,True,True,0,0,0,False,False
adaptive_t0_i100ms,764,28,,,,10513.563957034385,,-392.4983547776683,,,,,,,,3,442,442,True,False
adaptive_t0_i100ms,766,30,23,LS,"160,256",13676.20245757029,13896.83471659486,2770.140145758238,2990.772404782807,220.63225902456907,117.85902134052674,102.77323768404233,0.5341876199862607,False,True,0,0,0,False,False
adaptive_t0_i100ms,770,2,24,LS,"144,64",11460.51566079211,11533.781198372038,554.4533489800579,627.7188865599855,73.2655375799277,31.34328235876592,41.92225522116178,0.42780389517476125,False,False,0,0,0,False,False
adaptive_t0_i100ms,773,5,24,LS,"192,64",12774.624594228435,13052.524938487737,1868.562282416382,2146.462626675684,277.9003442593021,39.396346040612436,238.50399821868965,0.14176429376371213,False,False,0,0,0,False,False
adaptive_t0_i100ms,774,6,24,SS,"32,128",11147.881680286617,11194.25741094116,241.81936847456382,288.1950991291069,46.37573065454308,18.848415342640056,27.52731531190302,0.40642842876252605,False,False,0,0,0,False,False
adaptive_t0_i100ms,775,7,24,SL,"64,4096",13314.696964999363,14236.27355513801,2408.6346531873096,3330.211243325957,921.5765901386476,801.0827193710202,120.49387076762741,0.8692524614264566,True,True,0,0,0,False,False
adaptive_t0_i100ms,779,11,24,LL,"160,512",13093.692243451304,13377.540890545095,2187.6299316392506,2471.478578733042,283.84864709379144,231.03280454429512,52.815842549496324,0.813929560382775,True,True,0,0,0,False,False
adaptive_t0_i100ms,780,12,24,LS,"200,128",12666.208029250565,12878.600845204512,1760.1457174385123,1972.5385333924587,212.3928159539464,75.21986229808209,137.17295365586432,0.35415445649721117,False,False,0,0,0,False,False
adaptive_t0_i100ms,784,16,24,LL,"128,1024",13179.407471022743,13669.240197433961,2273.3451592106903,2763.177885621908,489.83272641121766,373.81375578175397,116.0189706294637,0.7631457345051603,True,True,0,0,0,False,False
adaptive_t0_i100ms,786,18,24,LS,"192,256",13083.301792076563,13300.319609073169,2177.2394802645103,2394.257297261116,217.0178169966057,139.3338537278603,77.6839632687454,0.6420387766136251,False,True,0,0,0,False,False
adaptive_t0_i100ms,788,20,24,LL,"200,512",13503.1671051783,13988.333469221272,2597.1047933662467,3082.271157409219,485.1663640429724,284.7199227381171,200.44644130485534,0.5868500865672104,False,True,0,0,0,False,False
adaptive_t0_i100ms,791,23,24,SL,"80,4096",11691.045219594727,12767.093012822947,784.9829077826744,1861.0307010108936,1076.0477932282192,972.8816535680313,103.16613966018792,0.9041249465781792,True,True,0,0,0,False,False
adaptive_t0_i100ms,796,28,24,LL,"192,4096",11074.831559253515,13497.096464620758,168.76924744146163,2591.0341528087047,2422.264905367243,2175.473295290288,246.79161007695484,0.8981153508313169,True,True,0,0,0,False,False
adaptive_t0_i100ms,798,30,24,LL,"176,4096",13896.83471659486,16193.93038738962,2990.772404782807,5287.868075577568,2297.0956707947607,2003.6727823017789,293.4228884929819,0.8722635316310261,True,True,0,0,0,False,False
adaptive_t0_i100ms,802,2,25,SL,"32,4096",11533.781198372038,11991.266670306119,627.7188865599855,1085.2043584940657,457.4854719340801,457.4854719340925,-1.2391865311656147e-11,1.000000000000027,True,True,0,0,0,False,False
adaptive_t0_i100ms,805,5,25,LL,"160,1024",13052.524938487737,13606.572253512297,2146.462626675684,2700.509941700244,554.0473150245598,459.71307881640524,94.33423620815455,0.8297361368785392,True,True,0,0,0,False,False
adaptive_t0_i100ms,806,6,25,LS,"96,256",11194.25741094116,11298.456638481415,288.1950991291069,392.3943266693623,104.19922754025538,74.9093470023565,29.28988053789888,0.7189050127402979,True,True,0,0,0,False,False
adaptive_t0_i100ms,811,11,25,LL,"192,2048",13377.540890545095,14791.61780778598,2471.478578733042,3885.5554959739275,1414.0769172408855,1088.89897844534,325.1779387955455,0.7700422552473134,True,True,0,0,0,False,False
adaptive_t0_i100ms,812,12,25,LS,"128,64",12878.600845204512,12940.016648327526,1972.5385333924587,2033.9543365154732,61.415803123014484,28.658927891352853,32.75687523166163,0.4666376801089723,False,False,0,0,0,False,False
adaptive_t0_i100ms,816,16,25,LS,"112,128",13669.240197433961,13771.638316452347,2763.177885621908,2865.576004640294,102.39811901838584,45.69196085719812,56.70615816118772,0.4462187518209588,False,False,0,0,0,False,False
adaptive_t0_i100ms,818,18,25,LL,"160,2048",13300.319609073169,14513.737717040302,2394.257297261116,3607.6754052282486,1213.4181079671325,917.1003634285319,296.31774453860066,0.7557991407965482,True,True,0,0,0,False,False
adaptive_t0_i100ms,823,23,25,LL,"144,4096",12767.093012822947,14707.776008923272,1861.0307010108936,3801.7136971112195,1940.682996100326,1660.0766810169919,280.60631508333404,0.8554084744148355,True,True,0,0,0,False,False
adaptive_t0_i100ms,828,28,25,LS,"144,256",13497.096464620758,13666.507408392778,2591.0341528087047,2760.4450965807246,169.4109437720199,107.1216018259477,62.289341946072184,0.6323180748588689,False,True,0,0,0,False,False
adaptive_t0_i100ms,834,2,26,LL,"176,512",11991.266670306119,12388.831036283998,1085.2043584940657,1482.7687244719455,397.5643659778798,252.50765589798212,145.05671007989767,0.6351365401597171,False,True,0,0,0,False,False
adaptive_t0_i100ms,837,5,26,SS,"64,256",13606.572253512297,13697.640261808101,2700.509941700244,2791.577949996048,91.06800829580425,53.43451233051433,37.63349596528992,0.586753936211606,False,True,0,0,0,False,False
adaptive_t0_i100ms,838,6,26,LL,"192,4096",11298.456638481415,13654.772415510482,392.3943266693623,2748.7101036984295,2356.3157770290672,2175.473295290288,180.84248173877904,0.9232520176193056,True,True,0,0,0,False,False
adaptive_t0_i100ms,844,12,26,SL,"32,2048",12940.016648327526,13183.564308044613,2033.9543365154732,2277.5019962325605,243.5476597170873,229.905641954,13.642017763087296,0.9439862498414713,True,True,0,0,0,False,False
adaptive_t0_i100ms,848,16,26,LS,"112,256",13771.638316452347,13892.727563407878,2865.576004640294,2986.665251595825,121.08924695553105,85.64676761444342,35.44247934108763,0.7073028346265663,True,True,0,0,0,False,False
adaptive_t0_i100ms,860,28,26,SS,"64,128",13666.507408392778,13726.370514060367,2760.4450965807246,2820.308202248314,59.86310566758948,29.585833523026608,30.277272144562872,0.4942248350313153,False,False,0,0,0,False,False
adaptive_t0_i100ms,866,2,27,LS,"192,128",12388.831036283998,12530.87295329017,1482.7687244719455,1624.8106414781178,142.0419170061723,72.53550573111009,69.5064112750622,0.510662678031571,False,True,0,0,0,False,False
adaptive_t0_i100ms,869,5,27,LL,"96,2048",13697.640261808101,14468.00484104712,2791.577949996048,3561.942529235068,770.3645792390198,573.5030096470159,196.8615695920039,0.7444566184669765,True,True,0,0,0,False,False
adaptive_t0_i100ms,870,6,27,SL,"80,4096",13654.772415510482,14802.338908208689,2748.7101036984295,3896.276596396636,1147.5664926982063,972.8816535680313,174.68483913017496,0.8477780239823414,True,True,0,0,0,False,False
adaptive_t0_i100ms,876,12,27,LS,"144,128",13183.564308044613,13286.896807486515,2277.5019962325605,2380.8344956744622,103.33249944190175,56.4293799038855,46.90311953801625,0.54609518020623,False,True,0,0,0,False,False
adaptive_t0_i100ms,880,16,27,LS,"192,64",13892.727563407878,14035.141782664983,2986.665251595825,3129.07947085293,142.4142192571053,39.396346040612436,103.01787321649286,0.2766321105162179,False,False,0,0,0,False,False
adaptive_t0_i100ms,892,28,27,LS,"128,256",13726.370514060367,13850.467667483494,2820.308202248314,2944.4053556714407,124.09715342312666,96.38418477742668,27.712968645699974,0.77668328498069,True,True,0,0,0,False,False
adaptive_t0_i100ms,898,2,28,SL,"64,2048",12530.87295329017,13076.650851342316,1624.8106414781178,2170.588539530263,545.7778980521452,401.70428667481804,144.0736113773272,0.7360215356988274,True,True,0,0,0,False,False
adaptive_t0_i100ms,908,12,28,LS,"200,64",13286.896807486515,13539.829650576301,2380.8344956744622,2633.767338764248,252.93284308978582,40.73852324673224,212.19431984305356,0.16106458437376964,False,False,0,0,0,False,False
adaptive_t0_i100ms,910,14,,,,10548.334676013352,,-357.72763579870116,,,,,,,,1,1253,1253,True,False
adaptive_t0_i100ms,924,28,28,SS,"32,256",13850.467667483494,13885.474089407593,2944.4053556714407,2979.41177759554,35.00642192409941,31.959675135575093,3.0467467885243202,0.9129660610521622,True,True,0,0,0,False,False
adaptive_t0_i100ms,930,2,29,SL,"32,4096",13076.650851342316,13534.772008967375,2170.588539530263,2628.709697155322,458.1211576250589,457.4854719340925,0.6356856909663975,0.9986124070447612,True,True,0,0,0,False,False
adaptive_t0_i100ms,940,12,29,SL,"48,4096",13539.829650576301,14287.476691876487,2633.767338764248,3381.414380064434,747.6470413001862,629.2841814562018,118.36285984398432,0.8416861790315563,True,True,0,0,0,False,False
adaptive_t0_i100ms,942,14,29,LS,"160,128",11939.969140103452,12030.709028701249,1033.9068282913995,1124.646716889196,90.73988859779638,61.79808828494513,28.94180031285125,0.6810465522926143,True,True,0,0,0,False,False
adaptive_t0_i100ms,954,26,,,,10623.932766645474,,-282.1295451665792,,,,,,,,1,158,158,True,False
adaptive_t0_i100ms,956,28,29,LL,"112,1024",13885.474089407593,14314.466469057148,2979.41177759554,3408.404157245095,428.992379649555,330.8640576488932,98.1283220006618,0.7712585895329351,True,True,0,0,0,False,False
adaptive_t0_i100ms,959,31,,,,10716.197102915987,,-189.86520889606618,,,,,,,,3,1216,1216,True,False
adaptive_t0_i100ms,962,2,30,LS,"96,64",13534.772008967375,13641.495708095763,2628.709697155322,2735.43339628371,106.72369912838803,23.2902189487311,83.43348017965694,0.21822912004495917,False,False,0,0,0,False,False
adaptive_t0_i100ms,974,14,30,SL,"48,4096",12030.709028701249,12727.465552407753,1124.646716889196,1821.4032405957005,696.7565237065046,629.2841814562018,67.47234225030275,0.9031622382358573,True,True,0,0,0,False,False
adaptive_t0_i100ms,986,26,30,SL,"64,4096",13020.489281507247,13899.706180631922,2114.426969695194,2993.6438688198687,879.2168991246745,801.0827193710202,78.13417975365428,0.9111320769295465,True,True,0,0,0,False,False
adaptive_t0_i100ms,991,31,30,LS,"128,256",11201.971355504245,11328.374713059153,295.9090436921924,422.31240124709984,126.40335755490742,96.38418477742668,30.019172777480733,0.7625128528374657,True,True,0,0,0,False,False
adaptive_t0_i100ms,994,2,31,LS,"144,256",13641.495708095763,13783.060142767778,2735.43339628371,2876.9978309557246,141.5644346720146,107.1216018259477,34.442832846066906,0.7566985456066968,True,True,0,0,0,False,False
adaptive_t0_i100ms,1006,14,31,LL,"112,512",12727.465552407753,13000.74366806899,1821.4032405957005,2094.681356256937,273.27811566123637,166.60829961410437,106.669816047132,0.6096657217171277,False,True,0,0,0,False,False
adaptive_t0_i100ms,1009,17,,,,10836.372473385585,,-69.68983842646776,,,,,,,,6,4220,4220,True,False
adaptive_t0_i100ms,1018,26,31,LS,"200,64",13899.706180631922,14048.179236245247,2993.6438688198687,3142.116924433194,148.4730556133254,40.73852324673224,107.73453236659317,0.2743832749884887,False,False,0,0,0,False,False
adaptive_t0_i100ms,1023,31,31,LL,"160,4096",11328.374713059153,13299.679738607163,422.31240124709984,2393.61742679511,1971.3050255480102,1831.8747488614208,139.43027668658942,0.9292700648151452,True,True,0,0,0,False,False
adaptive_t0_i100ms,1024,0,,,,10778.570570033748,,-127.49174177830537,,,,,,,,2,571,571,True,False
adaptive_t0_i100ms,1026,2,32,LL,"144,1024",13783.060142767778,14337.180699087125,2876.9978309557246,3431.1183872750717,554.1205563193471,416.7634208995999,137.35713541974718,0.7521168744720121,True,True,0,0,0,False,False
adaptive_t0_i100ms,1038,14,32,LL,"200,1024",13000.74366806899,13783.74402874747,2094.681356256937,2877.6817169354163,783.0003606784794,567.0872150010164,215.91314567746304,0.7242489831162126,True,True,0,0,0,False,False
adaptive_t0_i100ms,1041,17,32,SS,"48,64",10959.007113571848,11005.309096712508,52.944801759795155,99.24678490045517,46.30198314066001,15.237155262340579,31.064827878319434,0.32908213058719066,False,False,0,374,374,True,False
adaptive_t0_i100ms,1055,31,32,LL,"160,512",13299.679738607163,13646.897045940603,2393.61742679511,2740.83473412855,347.21730733343975,231.03280454429512,116.18450278914463,0.665383895516561,False,True,0,0,0,False,False
adaptive_t0_i100ms,1056,0,33,LL,"96,4096",11317.521764105475,12522.913230304079,411.45945229342215,1616.8509184920258,1205.3914661986037,1144.680340645995,60.711125552608564,0.9496336856074891,True,True,0,0,0,False,False
adaptive_t0_i100ms,1070,14,33,LS,"176,256",13783.74402874747,13997.479483795702,2877.6817169354163,3091.4171719836486,213.73545504823232,128.59643913212983,85.1390159161025,0.6016617088779692,False,True,0,0,0,False,False
adaptive_t0_i100ms,1071,15,,,,10714.290153707672,,-191.77215810438065,,,,,,,,3,659,659,True,False
adaptive_t0_i100ms,1073,17,33,LS,"96,64",11005.309096712508,11055.560370968784,99.24678490045517,149.49805915673096,50.25127425627579,23.2902189487311,26.961055307544694,0.4634751912947247,False,False,0,0,0,False,False
adaptive_t0_i100ms,1087,31,33,SL,"64,1024",13646.897045940603,13937.8667921299,2740.83473412855,3031.8044803178473,290.96974618929744,202.01505216678882,88.95469402250862,0.694281982276477,True,True,0,0,0,False,False
adaptive_t0_i100ms,1088,0,34,LL,"112,1024",12522.913230304079,13030.005700919797,1616.8509184920258,2123.943389107744,507.0924706157184,330.8640576488932,176.2284129668252,0.6524728265973929,False,True,0,0,0,False,False
adaptive_t0_i100ms,1103,15,34,LL,"200,4096",11267.608357733405,13801.874033447744,361.54604592135183,2895.8117216356914,2534.2656757143395,2261.372612471063,272.89306324327663,0.8923186839255298,True,True,0,0,0,False,False
adaptive_t0_i100ms,1105,17,34,SS,"64,64",11055.560370968784,11085.846055272714,149.49805915673096,179.78374346066084,30.285684303929884,17.921509803758415,12.364174500171469,0.5917485510285436,False,True,0,0,0,False,False
adaptive_t0_i100ms,1120,0,35,LL,"200,512",13030.005700919797,13459.838825056233,2123.943389107744,2553.77651324418,429.8331241364358,284.7199227381171,145.11320139831872,0.6623964202622562,False,True,0,0,0,False,False
adaptive_t0_i100ms,1135,15,35,LL,"192,4096",13801.874033447744,16313.201319433105,2895.8117216356914,5407.139007621052,2511.3272859853605,2175.473295290288,335.8539906950723,0.866264348510316,True,True,0,0,0,False,False
adaptive_t0_i100ms,1137,17,35,LS,"128,64",11085.846055272714,11143.710160773304,179.78374346066084,237.64784896125093,57.864105500590085,28.658927891352853,29.205177609237232,0.4952798914529249,False,False,0,0,0,False,False
adaptive_t0_i100ms,1152,0,36,SL,"32,4096",13459.838825056233,14025.68046460559,2553.77651324418,3119.618152793537,565.8416395493568,457.4854719340925,108.35616761526433,0.8085044294344254,True,True,0,0,0,False,False
adaptive_t0_i100ms,1169,17,36,SS,"48,128",11143.710160773304,11167.927285187701,237.64784896125093,261.86497337564833,24.217124414397404,24.217124414408403,-1.0999201549566351e-11,1.000000000000454,True,True,0,0,0,False,False
adaptive_t0_i100ms,1201,17,37,LL,"112,4096",11167.927285187701,12516.821352706826,261.86497337564833,1610.7590408947726,1348.8940675191243,1316.478849565995,32.415217953129286,0.975969041058393,True,True,0,0,0,False,False
adaptive_t0_i100ms,1233,17,38,LL,"96,2048",12516.821352706826,13261.123292128308,1610.7590408947726,2355.060980316255,744.3019394214825,573.5030096470159,170.79892977446661,0.7705246745598673,True,True,0,0,0,False,False
adaptive_t0_i100ms,1265,17,39,SL,"32,4096",13261.123292128308,13739.833372930785,2355.060980316255,2833.771061118732,478.710080802477,457.4854719340925,21.224608868384507,0.9556629164090193,True,True,0,0,0,False,False
adaptive_t0_i100ms,1297,17,40,LL,"160,512",13739.833372930785,14176.830975383962,2833.771061118732,3270.768663571909,436.997602453177,231.03280454429512,205.9647979088819,0.5286820871495505,False,True,0,0,0,False,False
