npu_id,request_id,profile,profile_seq_len_k,profile_nql,layer,io_release_time_ms,io_ready_time_ms,io_duration_ms,comparison_deadline_ms,read_exceeds_compute_window,overrun_ms,previous_compute_end_ms,compute_start_time_ms,compute_end_time_ms,compute_duration_ms,actual_io_barrier_wait_ms
0,0,F,200,256,0,0.0,52.28769765625,52.28769765625,9.043910535256627,True,43.243787120993375,0.0,52.28769765625,61.33160819150663,9.043910535256627,52.28769765625
0,0,F,200,256,1,52.28769765625,79.32360158691407,27.035903930664062,61.33160819150663,True,17.991993395407434,61.33160819150663,79.32360158691407,88.3675121221707,9.043910535256627,17.991993395407434
0,0,F,200,256,2,79.32360158691407,116.51664733886719,37.19304575195312,88.3675121221707,True,28.149135216696493,88.3675121221707,116.51664733886719,125.56055787412382,9.043910535256627,28.149135216696493
1,1,F,200,256,0,0.0,52.317070825195316,52.317070825195316,9.043910535256627,True,43.27316028993869,0.0,52.317070825195316,61.360981360451945,9.043910535256627,52.317070825195316
1,1,F,200,256,1,52.317070825195316,82.87355886230469,30.556488037109375,61.360981360451945,True,21.512577501852746,61.360981360451945,82.87355886230469,91.91746939756132,9.043910535256627,21.512577501852746
1,1,F,200,256,2,82.87355886230469,128.7274932861328,45.85393442382812,91.91746939756132,True,36.81002388857149,91.91746939756132,128.7274932861328,137.77140382138944,9.043910535256627,36.81002388857149
2,2,F,200,256,0,0.0,52.283501489257816,52.283501489257816,9.043910535256627,True,43.23959095400119,0.0,52.283501489257816,61.327412024514445,9.043910535256627,52.283501489257816
2,2,F,200,256,1,52.283501489257816,78.63113403320312,26.34763254394531,61.327412024514445,True,17.30372200868868,61.327412024514445,78.63113403320312,87.67504456845975,9.043910535256627,17.30372200868868
2,2,F,200,256,2,78.63113403320312,114.79034423828125,36.159210205078125,87.67504456845975,True,27.115299669821496,87.67504456845975,114.79034423828125,123.83425477353788,9.043910535256627,27.115299669821496
3,3,F,200,256,0,0.0,52.50999450683594,52.50999450683594,9.043910535256627,True,43.46608397157931,0.0,52.50999450683594,61.553905042092566,9.043910535256627,52.50999450683594
3,3,F,200,256,1,52.50999450683594,104.72709655761719,52.21710205078125,61.553905042092566,True,43.17319151552462,61.553905042092566,104.72709655761719,113.77100709287382,9.043910535256627,43.17319151552462
3,3,F,200,256,2,104.72709655761719,154.808349609375,50.08125305175781,113.77100709287382,True,41.037342516501184,113.77100709287382,154.808349609375,163.85226014463163,9.043910535256627,41.037342516501184
4,4,F,200,256,0,0.0,52.49320983886719,52.49320983886719,9.043910535256627,True,43.44929930361056,0.0,52.49320983886719,61.537120374123816,9.043910535256627,52.49320983886719
4,4,F,200,256,1,52.49320983886719,103.64458547363282,51.15137563476563,61.537120374123816,True,42.107465099509,61.537120374123816,103.64458547363282,112.68849600888944,9.043910535256627,42.107465099509
4,4,F,200,256,2,103.64458547363282,147.89894104003906,44.25435556640625,112.68849600888944,True,35.21044503114962,112.68849600888944,147.89894104003906,156.9428515752957,9.043910535256627,35.21044503114962
5,5,F,200,256,0,0.0,52.30867849121094,52.30867849121094,9.043910535256627,True,43.26476795595431,0.0,52.30867849121094,61.35258902646757,9.043910535256627,52.30867849121094
5,5,F,200,256,1,52.30867849121094,82.09726796875,29.788589477539062,61.35258902646757,True,20.744678942282434,61.35258902646757,82.09726796875,91.14117850400663,9.043910535256627,20.744678942282434
5,5,F,200,256,2,82.09726796875,125.30342102050781,43.20615305175781,91.14117850400663,True,34.16224251650118,91.14117850400663,125.30342102050781,134.34733155576444,9.043910535256627,34.16224251650118
6,6,F,200,256,0,0.0,52.279205322265625,52.279205322265625,9.043910535256627,True,43.235294787008996,0.0,52.279205322265625,61.323115857522254,9.043910535256627,52.279205322265625
6,6,F,200,256,1,52.279205322265625,78.1695556640625,25.890350341796875,61.323115857522254,True,16.846439806540246,61.323115857522254,78.1695556640625,87.21346619931913,9.043910535256627,16.846439806540246
6,6,F,200,256,2,78.1695556640625,113.01788330078125,34.84832763671875,87.21346619931913,True,25.80441710146212,87.21346619931913,113.01788330078125,122.06179383603788,9.043910535256627,25.80441710146212
7,7,F,200,256,0,0.0,52.300286157226566,52.300286157226566,9.043910535256627,True,43.25637562196994,0.0,52.300286157226566,61.344196692483195,9.043910535256627,52.300286157226566
7,7,F,200,256,1,52.300286157226566,81.16152272949219,28.861236572265625,61.344196692483195,True,19.817326037008996,61.344196692483195,81.16152272949219,90.20543326474882,9.043910535256627,19.817326037008996
7,7,F,200,256,2,81.16152272949219,121.90872192382812,40.747199194335934,90.20543326474882,True,31.703288659079305,90.20543326474882,121.90872192382812,130.95263245908475,9.043910535256627,31.703288659079305
8,8,F,200,256,0,0.0,52.29608999023438,52.29608999023438,9.043910535256627,True,43.25217945497775,0.0,52.29608999023438,61.34000052549101,9.043910535256627,52.29608999023438
8,8,F,200,256,1,52.29608999023438,80.59084401855469,28.294754028320312,61.34000052549101,True,19.250843493063684,61.34000052549101,80.59084401855469,89.63475455381132,9.043910535256627,19.250843493063684
8,8,F,200,256,2,80.59084401855469,119.95246887207031,39.36162485351562,89.63475455381132,True,30.317714318258993,89.63475455381132,119.95246887207031,128.99637940732694,9.043910535256627,30.317714318258993
9,9,F,200,256,0,0.0,52.497406005859375,52.497406005859375,9.043910535256627,True,43.453495470602746,0.0,52.497406005859375,61.541316541116004,9.043910535256627,52.497406005859375
9,9,F,200,256,1,52.497406005859375,103.85848999023438,51.361083984375,61.541316541116004,True,42.31717344911837,61.541316541116004,103.85848999023438,112.902400525491,9.043910535256627,42.31717344911837
9,9,F,200,256,2,103.85848999023438,149.49180603027344,45.63331604003906,112.902400525491,True,36.589405504782434,112.902400525491,149.49180603027344,158.53571656553007,9.043910535256627,36.589405504782434
10,10,F,200,256,0,0.0,52.30448232421875,52.30448232421875,9.043910535256627,True,43.260571788962125,0.0,52.30448232421875,61.34839285947538,9.043910535256627,52.30448232421875
10,10,F,200,256,1,52.30448232421875,81.63149343261719,29.327011108398438,61.34839285947538,True,20.28310057314181,61.34839285947538,81.63149343261719,90.67540396787382,9.043910535256627,20.28310057314181
10,10,F,200,256,2,81.63149343261719,123.50997924804688,41.878485815429684,90.67540396787382,True,32.834575280173055,90.67540396787382,123.50997924804688,132.5538897833035,9.043910535256627,32.834575280173055
11,11,F,200,256,0,0.0,51.645684106445316,51.645684106445316,9.043910535256627,True,42.60177357118869,0.0,51.645684106445316,60.689594641701945,9.043910535256627,51.645684106445316
11,11,F,200,256,1,51.645684106445316,57.227625439453135,5.581941333007819,60.689594641701945,False,0.0,60.689594641701945,60.689594641701945,69.73350517695857,9.043910535256627,0.0
11,11,F,200,256,2,60.689594641701945,108.75961303710938,48.07001839540743,69.73350517695857,True,39.0261078601508,69.73350517695857,108.75961303710938,117.803523572366,9.043910535256627,39.0261078601508
12,12,F,200,256,0,0.0,51.6497802734375,51.6497802734375,9.043910535256627,True,42.60586973818087,0.0,51.6497802734375,60.69369080869413,9.043910535256627,51.6497802734375
12,12,F,200,256,1,51.6497802734375,57.3073526123047,5.6575723388671975,60.69369080869413,False,0.0,60.69369080869413,60.69369080869413,69.73760134395076,9.043910535256627,0.0
12,12,F,200,256,2,60.69369080869413,108.89808654785156,48.204395739157434,69.73760134395076,True,39.160485203900805,69.73760134395076,108.89808654785156,117.94199708310819,9.043910535256627,39.160485203900805
13,13,F,200,256,0,0.0,52.50160217285156,52.50160217285156,9.043910535256627,True,43.457691637594934,0.0,52.50160217285156,61.54551270810819,9.043910535256627,52.50160217285156
13,13,F,200,256,1,52.50160217285156,104.21516418457031,51.71356201171875,61.54551270810819,True,42.66965147646212,61.54551270810819,104.21516418457031,113.25907471982694,9.043910535256627,42.66965147646212
13,13,F,200,256,2,104.21516418457031,151.36497497558594,47.149810791015625,113.25907471982694,True,38.105900255758996,113.25907471982694,151.36497497558594,160.40888551084257,9.043910535256627,38.105900255758996
14,14,F,200,256,0,0.0,52.32546315917969,52.32546315917969,9.043910535256627,True,43.28155262392306,0.0,52.32546315917969,61.36937369443632,9.043910535256627,52.32546315917969
14,14,F,200,256,1,52.32546315917969,83.63306508789063,31.307601928710938,61.36937369443632,True,22.26369139345431,61.36937369443632,83.63306508789063,92.67697562314726,9.043910535256627,22.26369139345431
14,14,F,200,256,2,83.63306508789063,132.13226318359375,48.49919809570312,92.67697562314726,True,39.45528756044649,92.67697562314726,132.13226318359375,141.17617371885038,9.043910535256627,39.45528756044649
15,15,F,200,256,0,0.0,52.47222900390625,52.47222900390625,9.043910535256627,True,43.42831846864962,0.0,52.47222900390625,61.51613953916288,9.043910535256627,52.47222900390625
15,15,F,200,256,1,52.47222900390625,101.298928125,48.82669912109375,61.51613953916288,True,39.782788585837125,61.51613953916288,101.298928125,110.34283866025663,9.043910535256627,39.782788585837125
15,15,F,200,256,2,101.298928125,138.9879608154297,37.689032690429684,110.34283866025663,True,28.645122155173055,110.34283866025663,138.9879608154297,148.03187135068632,9.043910535256627,28.645122155173055
16,16,F,200,256,0,0.0,52.47642517089844,52.47642517089844,9.043910535256627,True,43.43251463564181,0.0,52.47642517089844,61.520335706155066,9.043910535256627,52.47642517089844
16,16,F,200,256,1,52.47642517089844,101.79827199707032,49.32184682617188,61.520335706155066,True,40.27793629091525,61.520335706155066,101.79827199707032,110.84218253232694,9.043910535256627,40.27793629091525
16,16,F,200,256,2,101.79827199707032,140.74615478515625,38.947882788085934,110.84218253232694,True,29.903972252829305,110.84218253232694,140.74615478515625,149.79006532041288,9.043910535256627,29.903972252829305
17,17,F,200,256,0,0.0,52.3212669921875,52.3212669921875,9.043910535256627,True,43.277356456930875,0.0,52.3212669921875,61.36517752744413,9.043910535256627,52.3212669921875
17,17,F,200,256,1,52.3212669921875,83.24282155761719,30.921554565429688,61.36517752744413,True,21.87764403017306,61.36517752744413,83.24282155761719,92.28673209287382,9.043910535256627,21.87764403017306
17,17,F,200,256,2,83.24282155761719,130.40176391601562,47.158942358398434,92.28673209287382,True,38.115031823141805,92.28673209287382,130.40176391601562,139.44567445127225,9.043910535256627,38.115031823141805
18,18,F,200,256,0,0.0,51.92253112792969,51.92253112792969,9.043910535256627,True,42.87862059267306,0.0,51.92253112792969,60.966441663186316,9.043910535256627,51.92253112792969
18,18,F,200,256,1,51.92253112792969,60.31348664550782,8.390955517578135,60.966441663186316,False,0.0,60.966441663186316,60.966441663186316,70.01035219844294,9.043910535256627,0.0
18,18,F,200,256,2,60.966441663186316,111.409912109375,50.443470446188684,70.01035219844294,True,41.399559910932055,70.01035219844294,111.409912109375,120.45382264463163,9.043910535256627,41.399559910932055
19,19,F,200,256,0,0.0,52.32965932617188,52.32965932617188,9.043910535256627,True,43.28574879091525,0.0,52.32965932617188,61.37356986142851,9.043910535256627,52.32965932617188
19,19,F,200,256,1,52.32965932617188,84.03170095214844,31.702041625976562,61.37356986142851,True,22.658131090719934,61.37356986142851,84.03170095214844,93.07561148740507,9.043910535256627,22.658131090719934
19,19,F,200,256,2,84.03170095214844,133.81492614746094,49.7832251953125,93.07561148740507,True,40.73931466005587,93.07561148740507,133.81492614746094,142.85883668271757,9.043910535256627,40.73931466005587
20,20,F,200,256,0,0.0,52.50579833984375,52.50579833984375,9.043910535256627,True,43.46188780458712,0.0,52.50579833984375,61.54970887510038,9.043910535256627,52.50579833984375
20,20,F,200,256,1,52.50579833984375,104.521484375,52.01568603515625,61.54970887510038,True,42.97177549989962,61.54970887510038,104.521484375,113.56539491025663,9.043910535256627,42.97177549989962
20,20,F,200,256,2,104.521484375,153.0266571044922,48.50517272949219,113.56539491025663,True,39.46126219423556,113.56539491025663,153.0266571044922,162.07056763974882,9.043910535256627,39.46126219423556
21,21,F,200,256,0,0.0,52.489013671875,52.489013671875,9.043910535256627,True,43.44510313661837,0.0,52.489013671875,61.53292420713163,9.043910535256627,52.489013671875
21,21,F,200,256,1,52.489013671875,103.40960012207032,50.920586450195316,61.53292420713163,True,41.87667591493869,61.53292420713163,103.40960012207032,112.45351065732694,9.043910535256627,41.87667591493869
21,21,F,200,256,2,103.40960012207032,146.16928100585938,42.75968088378906,112.45351065732694,True,33.71577034853243,112.45351065732694,146.16928100585938,155.213191541116,9.043910535256627,33.71577034853243
22,22,F,200,256,0,0.0,52.31287465820313,52.31287465820313,9.043910535256627,True,43.2689641229465,0.0,52.31287465820313,61.35678519345976,9.043910535256627,52.31287465820313
22,22,F,200,256,1,52.31287465820313,82.52527700195313,30.21240234375,61.35678519345976,True,21.16849180849337,61.35678519345976,82.52527700195313,91.56918753720976,9.043910535256627,21.16849180849337
22,22,F,200,256,2,82.52527700195313,127.08847045898438,44.56319345703125,91.56918753720976,True,35.51928292177462,91.56918753720976,127.08847045898438,136.132380994241,9.043910535256627,35.51928292177462
23,23,F,200,256,0,0.0,52.51838684082031,52.51838684082031,9.043910535256627,True,43.474476305563684,0.0,52.51838684082031,61.56229737607694,9.043910535256627,52.51838684082031
23,23,F,200,256,1,52.51838684082031,105.03341674804688,52.51502990722656,61.56229737607694,True,43.471119371969934,61.56229737607694,105.03341674804688,114.0773272833035,9.043910535256627,43.471119371969934
23,23,F,200,256,2,105.03341674804688,158.0083465576172,52.97492980957031,114.0773272833035,True,43.931019274313684,114.0773272833035,158.0083465576172,167.05225709287382,9.043910535256627,43.931019274313684
24,24,V,32,2048,0,0.0,8.068389892578125,8.068389892578125,14.369102622125,False,0.0,0.0,8.068389892578125,22.437492514703123,14.369102622125,8.068389892578125
24,24,V,32,2048,1,8.068389892578125,52.80120849609375,44.732818603515625,22.437492514703123,True,30.363715981390627,22.437492514703123,52.80120849609375,67.17031111821875,14.369102622125,30.363715981390627
24,24,V,32,2048,2,52.80120849609375,105.30197143554688,52.500762939453125,67.17031111821875,True,38.13166031732813,67.17031111821875,105.30197143554688,119.67107405767187,14.369102622125,38.13166031732813
25,25,F,200,256,0,0.0,52.33805166015625,52.33805166015625,9.043910535256627,True,43.294141124899625,0.0,52.33805166015625,61.38196219541288,9.043910535256627,52.33805166015625
25,25,F,200,256,1,52.33805166015625,84.80379567871094,32.46574401855469,61.38196219541288,True,23.42183348329806,61.38196219541288,84.80379567871094,93.84770621396757,9.043910535256627,23.42183348329806
25,25,F,200,256,2,84.80379567871094,135.56053161621094,50.7567359375,93.84770621396757,True,41.71282540224337,93.84770621396757,135.56053161621094,144.60444215146757,9.043910535256627,41.71282540224337
26,26,V,32,2048,0,0.0,8.102059228515625,8.102059228515625,14.369102622125,False,0.0,0.0,8.102059228515625,22.471161850640627,14.369102622125,8.102059228515625
26,26,V,32,2048,1,8.102059228515625,53.0596923828125,44.95763315429687,22.471161850640627,True,30.588530532171873,22.471161850640627,53.0596923828125,67.4287950049375,14.369102622125,30.588530532171873
26,26,V,32,2048,2,53.0596923828125,105.54534912109375,52.48565673828125,67.4287950049375,True,38.11655411615625,67.4287950049375,105.54534912109375,119.91445174321875,14.369102622125,38.11655411615625
27,27,F,200,256,0,0.0,52.48481750488281,52.48481750488281,9.043910535256627,True,43.440906969626184,0.0,52.48481750488281,61.52872804013944,9.043910535256627,52.48481750488281
27,27,F,200,256,1,52.48481750488281,102.91025625,50.42543874511719,61.52872804013944,True,41.38152820986056,61.52872804013944,102.91025625,111.95416678525663,9.043910535256627,41.38152820986056
27,27,F,200,256,2,102.91025625,144.281005859375,41.370749609375,111.95416678525663,True,32.32683907411837,111.95416678525663,144.281005859375,153.32491639463163,9.043910535256627,32.32683907411837
28,28,F,200,256,0,0.0,52.38410949707031,52.38410949707031,9.043910535256627,True,43.340198961813684,0.0,52.38410949707031,61.42802003232694,9.043910535256627,52.38410949707031
28,28,F,200,256,1,52.38410949707031,90.49799428710938,38.113884790039066,61.42802003232694,True,29.069974254782437,61.42802003232694,90.49799428710938,99.541904822366,9.043910535256627,29.069974254782437
28,28,F,200,256,2,90.49799428710938,137.2557830810547,46.75778879394531,99.541904822366,True,37.71387825868868,99.541904822366,137.2557830810547,146.29969361631132,9.043910535256627,37.71387825868868
29,29,F,200,256,0,0.0,52.514190673828125,52.514190673828125,9.043910535256627,True,43.470280138571496,0.0,52.514190673828125,61.558101209084754,9.043910535256627,52.514190673828125
29,29,F,200,256,1,52.514190673828125,104.91172790527344,52.39753723144531,61.558101209084754,True,43.353626696188684,61.558101209084754,104.91172790527344,113.95563844053007,9.043910535256627,43.353626696188684
29,29,F,200,256,2,104.91172790527344,156.46835327148438,51.55662536621094,113.95563844053007,True,42.51271483095431,113.95563844053007,156.46835327148438,165.512263806741,9.043910535256627,42.51271483095431
30,30,F,200,256,0,0.0,52.480621337890625,52.480621337890625,9.043910535256627,True,43.436710802633996,0.0,52.480621337890625,61.524531873147254,9.043910535256627,52.480621337890625
30,30,F,200,256,1,52.480621337890625,102.21788869628907,49.73726735839844,61.524531873147254,True,40.69335682314181,61.524531873147254,102.21788869628907,111.2617992315457,9.043910535256627,40.69335682314181
30,30,F,200,256,2,102.21788869628907,142.51022338867188,40.29233469238281,111.2617992315457,True,31.24842415712618,111.2617992315457,142.51022338867188,151.5541339239285,9.043910535256627,31.24842415712618
31,31,F,200,256,0,0.0,52.29189382324219,52.29189382324219,9.043910535256627,True,43.24798328798556,0.0,52.29189382324219,61.33580435849882,9.043910535256627,52.29189382324219
31,31,F,200,256,1,52.29189382324219,79.95722280273438,27.665328979492188,61.33580435849882,True,18.62141844423556,61.33580435849882,79.95722280273438,89.001133337991,9.043910535256627,18.62141844423556
31,31,F,200,256,2,79.95722280273438,118.25302124023438,38.2957984375,89.001133337991,True,29.251887902243368,89.001133337991,118.25302124023438,127.296931775491,9.043910535256627,29.251887902243368
