case,label,block,start_s,end_s,duration_ms,npu_utilization_pct,ssd_mean_utilization_pct,npu_link_mean_utilization_pct,compute_busy_npu_ms,ssd_busy_ssu_ms,ssd_served_gb,npu_link_busy_npu_ms,npu_link_served_gb,admitted_request_count,admitted_compute_ms,admitted_io_gb,admitted_compute_ms_per_io_gb,admitted_io_per_compute_gbps,admitted_mean_raw_demand_gbps,inferred_compute_inventory_drop_ms,request_weighted_slo_alpha2_pct,ssd_outstanding_blocks_start,ssd_outstanding_blocks_end,ssd_outstanding_blocks_delta,ssd_outstanding_gb_start,ssd_outstanding_gb_end,ssd_outstanding_gb_delta,npu_link_outstanding_blocks_start,npu_link_outstanding_blocks_end,npu_link_outstanding_blocks_delta,npu_link_outstanding_gb_start,npu_link_outstanding_gb_end,npu_link_outstanding_gb_delta,active_remaining_compute_inventory_supported,active_remaining_compute_ms
baseline,Baseline,0,0.0,0.5,500.0,83.99364884388902,94.94150089153072,9.496010817130685,13438.983815022282,1898.8300178306145,75.95320071322459,1519.3617307409095,75.96808653704548,30,12502.734090842023,75.388671875,165.8436709373589,6.029774873819043,36.50377702409165,936.2497241802594,46.666666666666664,5195,2445,-2750,0.8714119926450083,0.41002493908839927,-0.4613870535566092,89,2,-87,0.014705845671597625,9.526077456124684e-05,-0.014610584897036379,False,
baseline,Baseline,1,0.5,1.0,500.0,74.67572473468286,93.28534616500683,9.3275109635636,11948.115957549257,1865.7069233001366,74.62827693200546,1492.401754170176,74.62008770850879,34,13303.074999756445,80.1165771484375,166.04647219399953,6.02241039383032,28.87692859728066,-1354.9590422071888,44.11764705882353,2445,5627,3182,0.41002493908839927,0.9442464812040281,0.5342215421156289,2,51,49,9.526077456124684e-05,0.008250044941542993,0.008154784166981744,False,
baseline,Baseline,2,1.0,1.5,500.0,83.64105538019163,96.75321578979492,9.672677046213254,13382.568860830597,1935.0643157958984,77.40257263183594,1547.6283273941208,77.38141636970606,29,16120.17061305741,83.635986328125,192.742039889551,5.188281708406949,28.717325587536465,-2737.601752226812,51.724137931034484,5627,4859,-768,0.9442464812040281,0.8152639372587157,-0.12898254394531244,51,177,126,0.008250044941542993,0.029330013126128616,0.021079968184585626,False,
baseline,Baseline,3,1.5,2.0,500.0,85.05357752452304,95.65923861393576,9.566723804489039,13608.572403923696,1913.1847722787152,76.52739089114863,1530.6758087182461,76.53379043591231,25,8780.511472222655,66.077880859375,132.88125100302597,7.525516146572311,20.782089215024417,4828.06093170104,64.0,4859,4255,-604,0.8152639372587157,0.7139213249187025,-0.10134261234001314,177,138,-39,0.029330013126128616,0.022967250553666562,-0.006362762572462053,False,
baseline,Baseline,4,2.0,2.5,500.0,71.55676826762596,95.53720303645487,9.549113582891449,11449.082922820142,1910.7440607290973,76.42976242916387,1527.8581732626317,76.39290866313158,29,9170.93131876983,80.08837890625,114.51013797526299,8.732851236420872,37.070017552798625,2278.151604050312,37.93103448275862,4255,6412,2157,0.7139213249187025,1.0759450896024656,0.3620237646837631,138,359,221,0.022967250553666562,0.059883416523645074,0.036916165969978515,False,
baseline,Baseline,5,2.5,3.0,500.0,69.04602315936778,93.06586562530393,9.303393683366732,11047.36370549884,1861.3173125060785,74.45269250024307,1488.5429893386772,74.42714946693383,30,17650.553306981325,83.05859375,212.50724952204388,4.705721815369256,25.04775955069153,-6603.189601482485,63.33333333333333,6412,9238,2826,1.0759450896024656,1.5501782485390152,0.4742331589365496,359,510,151,0.059883416523645074,0.08524096863275307,0.025357552109108002,False,
baseline,Baseline,6,3.0,3.5,500.0,83.27842958509709,95.10487282037448,9.515278822049572,13324.548733615546,1902.0974564074895,76.08389825629968,1522.4446115279316,76.12223057639659,24,8432.02233459721,62.2523193359375,135.44912743081537,7.382845640779631,29.3508652056242,4892.526399018336,50.0,9238,5344,-3894,1.5501782485390152,0.8964939204620909,-0.6536843280769243,510,282,-228,0.08524096863275307,0.046903214501800294,-0.03833775413095278,False,
baseline,Baseline,7,3.5,4.0,500.0,86.81463277726697,94.2702958713382,9.431682151728365,13890.34124436272,1885.405917426764,75.41623669707059,1509.0691442765383,75.45345721382692,33,18055.791209834977,87.140625,207.20291149891312,4.826187010433227,26.744695117492675,-4165.449965472257,63.63636363636363,5344,7388,2044,0.8964939204620909,1.239618490481372,0.3431245700192812,282,60,-222,0.046903214501800294,0.009728654483480014,-0.037174560018320285,False,
baseline,Baseline,8,4.0,4.5,500.0,81.57138386651675,97.15996670051837,9.717178924045777,13051.421418642682,1943.1993340103672,77.72797336041464,1554.7486278473243,77.73743139236622,27,10449.803772933265,78.173583984375,133.67435955119987,7.480866213665909,30.262971056552633,2601.617645709417,44.44444444444444,7388,8950,1562,1.239618490481372,1.5016887702034014,0.26207027972202923,60,2,-58,0.009728654483480014,0.0002483119219518005,-0.009480342561528214,False,
baseline,Baseline,9,4.5,5.0,500.0,75.8514367002756,95.08244275118696,9.504409923127833,12136.229872044096,1901.648855023739,76.06595420094959,1520.7055877004532,76.03527938502269,29,10707.776982709891,71.1119384765625,150.57636188948814,6.64114863350149,23.27283701594523,1428.4528893342049,55.172413793103445,8950,10811,1861,1.5016887702034014,1.8141143910311817,0.31242562082778025,2,186,184,0.0002483119219518005,0.03090215443835535,0.03065384251640355,False,
baseline,Baseline,10,5.0,5.5,500.0,75.98756265079251,96.25233008076539,9.62220770235641,12158.010024126803,1925.0466016153077,77.00186406461239,1539.5532323770258,76.97766161885129,29,12221.724688516395,77.0819091796875,158.55503345183158,6.306958399424111,23.604465010392975,-63.714664389592144,58.620689655172406,10811,11396,585,1.8141143910311817,1.9123708708524658,0.09825647982128427,186,330,144,0.03090215443835535,0.0551707724034727,0.024268617965117346,False,
baseline,Baseline,11,5.5,6.0,500.0,81.18625904922477,95.15014829302126,9.516260812557086,12989.801447875963,1903.0029658604253,76.12011863441683,1522.6017300091335,76.13008650045666,32,13737.234909167251,76.79052734375,178.89231112677504,5.589955173038898,20.147489673735954,-747.433461291288,62.5,11396,5410,-5986,1.9123708708524658,0.9075018702245156,-1.0048690006279504,330,270,-60,0.0551707724034727,0.04506413034523715,-0.010106642058235549,False,
baseline,Baseline,12,6.0,6.5,500.0,73.2354948089734,96.66829119062095,9.668502096474036,11717.67916943573,1933.365823812419,77.33463295249669,1546.960335435846,77.3480167717923,26,6077.0548359122395,72.657470703125,83.63977960012947,11.956033418319194,34.84596228756409,5640.624333523491,30.76923076923077,5410,8487,3077,0.9075018702245156,1.4241033537629133,0.5166014835383975,270,191,-79,0.04506413034523715,0.03190148452959108,-0.013162645815646067,False,
baseline,Baseline,13,6.5,7.0,500.0,67.56644218570129,93.97019195556634,9.40096025266621,10810.63074971223,1879.4038391113263,75.1761535644531,1504.1536404265935,75.20768202132967,32,13480.51900443743,77.0550537109375,174.94659149817647,5.71603019776709,30.703463578982305,-2669.8882547251997,53.125,8487,8940,453,1.4241033537629133,1.5000783903841524,0.07597503662123944,191,4,-187,0.03190148452959108,0.0003974417155419343,-0.03150404281404915,False,
baseline,Baseline,14,7.0,7.5,500.0,74.30389479391663,94.18515360496839,9.402572058678198,11888.62316702686,1883.703072099368,75.34812288397472,1504.4115293885116,75.22057646942557,29,16059.179794997151,79.44384765625,202.1450404125,4.946943036343537,16.50879951929753,-4170.556627970291,68.96551724137932,8940,4785,-4155,1.5000783903841524,0.8024376841438076,-0.6976407062403451,4,762,758,0.0003974417155419343,0.12753825744621428,0.12714081573067235,False,
baseline,Baseline,15,7.5,8.0,500.0,90.45804028971534,94.36526906348854,9.452050215110264,14473.286446354481,1887.3053812697708,75.49221525079088,1512.328034417642,75.6164017208821,33,16188.654494699394,73.1260986328125,221.37998330783867,4.517120224954827,23.825758588616942,-1715.3680483449134,69.6969696969697,4785,4290,-495,0.8024376841438076,0.719539449954465,-0.0828982341893425,762,23,-739,0.12753825744621428,0.0034537362711504482,-0.12408452117506384,False,
baseline,Baseline,16,8.0,8.5,500.0,89.19149366657243,96.64619631343156,9.662386630599896,14270.638986651767,1932.9239262686315,77.31695705074526,1545.9818608959831,77.29909304479915,26,10857.642050973333,67.7442626953125,160.27397183148642,6.239316269340411,30.33418260838852,3412.996935678435,61.53846153846154,4290,3266,-1024,0.719539449954465,0.5479376238185809,-0.171601826135884,23,131,108,0.0034537362711504482,0.02167483942121331,0.018221103150062864,False,
baseline,Baseline,17,8.5,9.0,500.0,79.94519992493915,96.58540730900495,9.661192771026684,12791.231987990279,1931.708146180099,77.26832584720398,1545.7908433642697,77.28954216821352,33,10070.396834731913,82.5147705078125,122.04356593076203,8.193795325247395,28.14237951617279,2720.8351532583656,45.45454545454545,3266,6448,3182,0.5479376238185809,1.0820028288607153,0.5340652050421342,131,4,-127,0.02167483942121331,0.00043558868819825976,-0.021239250733015053,False,
baseline,Baseline,18,9.0,9.5,500.0,69.03130042370982,96.02581024169922,9.600277281808985,11045.008067793688,1920.5162048339844,76.82064819335938,1536.0443650894379,76.80221825447188,32,12745.622412944695,76.7193603515625,166.13306412538554,6.0192713910656,26.806217459190563,-1700.614345151007,56.25,6448,8651,2203,1.0820028288607153,1.4516088469271213,0.36960601806640625,4,113,109,0.00043558868819825976,0.018705310290535425,0.01826972160233717,False,
baseline,Baseline,19,9.5,10.0,500.0,81.9360927482218,92.75773048400879,9.278081559133398,13109.774839715476,1855.1546096801758,74.20618438720703,1484.4930494613436,74.22465247306718,33,16238.523515008394,80.1649169921875,202.5639659377546,4.936712190495361,19.395128873106387,-3128.748675292918,69.6969696969697,8651,12790,4139,1.4516088469271213,2.1463338835482153,0.694725036621094,113,4,-109,0.018705310290535425,0.00024485382491715445,-0.018460456465618273,False,
baseline,Baseline,20,10.0,10.5,500.0,84.32369628687427,95.13412475585938,9.509616381082674,13491.791405899874,1902.6824951171875,76.1072998046875,1521.5386209732278,76.07693104866138,29,11712.552485686881,77.49951171875,151.1306616768423,6.616790986717619,28.626969932914314,1779.2389202129925,51.724137931034484,12790,11312,-1478,2.1463338835482153,1.8983480437044653,-0.2479858398437499,4,184,180,0.00024485382491715445,0.0307051625854018,0.030460308760484646,False,
baseline,Baseline,21,10.5,11.0,500.0,78.05325014932264,95.9267807006836,9.594695568084717,12488.520023891719,1918.5356140136719,76.74142456054688,1535.1512908935547,76.75756454467775,29,10220.784990431464,74.66357421875,136.89118284756256,7.305072388143263,31.438309176111527,2267.7350334602543,44.827586206896555,11312,5194,-6118,1.8983480437044653,0.8714696867708718,-1.0268783569335938,184,88,-96,0.0307051625854018,0.014572807849073707,-0.016132354736328094,False,
baseline,Baseline,22,11.0,11.5,500.0,78.06834008836134,97.31464848303439,9.729135647977818,12490.934414137833,1946.292969660688,77.85171878642757,1556.661703676451,77.83308518382256,27,13758.363712393806,66.974853515625,205.42581267735102,4.867937417244809,26.148137783837385,-1267.4292982559728,66.66666666666666,5194,7013,1819,0.8714696867708718,1.1765502167496034,0.3050805299787316,88,200,112,0.014572807849073707,0.03305775342105507,0.01848494557198136,False,
baseline,Baseline,23,11.5,12.0,500.0,80.82903530504768,95.35946863015215,9.538836699138118,12932.645648807737,1907.189372603043,76.28757490412158,1526.213871862099,76.31069359310493,30,11010.096387877504,75.7525634765625,145.34288851206966,6.8802815895389156,26.779820925392762,1922.5492609302328,56.666666666666664,7013,7288,275,1.1765502167496034,1.2229596876278828,0.04640947087827957,200,62,-138,0.03305775342105507,0.010190698402040614,-0.022867055019014457,False,
baseline,Baseline,24,12.0,12.5,500.0,72.87000232514553,95.65854042765733,9.566434944226671,11659.20037202333,1913.1708085531463,76.526832342126,1530.6295910762674,76.53147955381336,35,14451.230645612106,89.052734375,162.27722536579446,6.1622941712607355,27.206779335422322,-2792.0302735887763,42.857142857142854,7288,7083,-205,1.2229596876278828,1.1884750627871854,-0.034484624840697496,62,33,-29,0.010190698402040614,0.005383507869921283,-0.004807190532119332,False,
baseline,Baseline,25,12.5,13.0,500.0,71.28751675985009,94.35453828563477,9.433496432648964,11406.002681576025,1887.0907657126954,75.48363062850774,1509.359429223834,75.46797146119172,27,13139.068391605952,69.2186279296875,189.8198329639336,5.268153408342759,26.418657801405168,-1733.0657100299268,59.25925925925925,7083,6353,-730,1.1884750627871854,1.065821607130931,-0.12265345565625452,33,126,93,0.005383507869921283,0.020917295701658224,0.01553378783173694,False,
baseline,Baseline,26,13.0,13.5,500.0,77.98369794331215,95.15811744118419,9.518439272804995,12477.391670929921,1903.1623488236837,76.12649395294738,1522.9502836487993,76.14751418243996,33,10252.372059125519,80.966552734375,126.6247816275472,7.897348269009376,26.10108754175873,2225.0196118044023,63.63636363636363,6353,4377,-1976,1.065821607130931,0.7346081107265512,-0.3312134964043797,126,2,-124,0.020917295701658224,0.0002646855273289574,-0.020652610174329265,False,
baseline,Baseline,27,13.5,14.0,500.0,78.72663998559901,95.15476493363113,9.512145381728216,12596.262397695842,1903.0952986726224,76.12381194690488,1521.9432610765143,76.09716305382571,27,10857.33641087463,70.326416015625,154.3848958329167,6.477317580874308,29.76124329663205,1738.925986821212,51.85185185185185,4377,8992,4615,0.7346081107265512,1.5089132292513407,0.7743051185247896,2,161,159,0.0002646855273289574,0.02677411705317563,0.02650943152584667,False,
baseline,Baseline,28,14.0,14.5,500.0,72.94166709728471,96.7501735687256,9.677321466369609,11670.666735565552,1935.0034713745117,77.40013885498047,1548.3714346191373,77.41857173095684,31,11872.800679993334,83.120361328125,142.8386557792308,7.000905984060676,29.00657144127163,-202.1339444277819,41.935483870967744,8992,6903,-2089,1.5089132292513407,1.1582052214388407,-0.3507080078125,161,50,-111,0.02677411705317563,0.008181023791623656,-0.018593093261551976,False,
baseline,Baseline,29,14.5,15.0,500.0,71.20393455975682,95.66693305969238,9.556574408655319,11392.62952956109,1913.3386611938477,76.5335464477539,1529.0519053848511,76.45259526924258,31,16822.527140512077,85.5762939453125,196.57929041964013,5.087005848201447,23.877832592647678,-5429.897610950986,67.74193548387096,6903,6800,-103,1.1582052214388407,1.1410085661654032,-0.0171966552734375,50,532,482,0.008181023791623656,0.0892237550373487,0.08104273124572506,False,
baseline,Baseline,30,15.0,15.5,500.0,82.74850235757371,93.44746099441745,9.353523637545072,13239.760377211795,1868.949219888349,74.757968795534,1496.5637820072116,74.8281891003606,27,10896.113543092619,64.6505126953125,168.53870277014283,5.93335526833753,31.49424534125417,2343.6468341191758,55.55555555555556,6800,3130,-3670,1.1410085661654032,0.5251982789322233,-0.6158102872331801,532,116,-416,0.0892237550373487,0.019106554090833398,-0.07011720094651534,False,
baseline,Baseline,31,15.5,16.0,500.0,86.69104016856866,96.7017650604248,9.669759837939637,13870.566426970985,1934.035301208496,77.36141204833973,1547.1615740703419,77.3580787035171,29,11314.00596761284,78.039306640625,144.978299457662,6.897584009060819,28.55634543528774,2556.5604593581447,58.620689655172406,3130,4483,1353,0.5251982789322233,0.7522566895767545,0.22705841064453125,116,135,19,0.019106554090833398,0.02248567528077043,0.003379121189937037,False,
baseline,Baseline,32,16.0,16.5,500.0,77.31601215827915,95.73240870243336,9.575991182189455,12370.561945324665,1914.648174048667,76.58592696194671,1532.1585891503128,76.60792945751562,30,10525.949079672415,77.7640380859375,135.3575423647641,7.387840991565736,24.122595624180452,1844.6128656522505,56.666666666666664,4483,7936,3453,0.7522566895767545,1.3316587071222623,0.579402017545508,135,4,-131,0.02248567528077043,0.0003106122963822739,-0.022175062984388164,False,
baseline,Baseline,33,16.5,17.0,500.0,72.69254184833001,94.98346561112668,9.49662285288009,11630.806695732801,1899.6693122225333,75.98677248890135,1519.4596564608146,75.97298282304071,28,12668.719555685482,76.7958984375,164.96609602133717,6.061851641749812,35.650397296221705,-1037.9128599526812,46.42857142857143,7936,7040,-896,1.3316587071222623,1.181373034627179,-0.15028567249508346,4,87,83,0.0003106122963822739,0.014121307322059354,0.013810695025677082,False,
baseline,Baseline,34,17.0,17.5,500.0,66.44123448708275,96.43720294580672,9.643065365937014,10630.597517933242,1928.7440589161342,77.14976235664551,1542.8904585499222,77.14452292749615,28,9401.246608354453,73.8861083984375,127.23970462292294,7.859182029410688,24.495528085436852,1229.3509095787886,53.57142857142857,7040,9053,2013,1.181373034627179,1.5190374357943095,0.3376644011671306,87,117,30,0.014121307322059354,0.019233694767356285,0.005112387445296931,False,
baseline,Baseline,35,17.5,18.0,500.0,61.61642105873295,95.59916388243565,9.550317268217693,9858.627369397273,1911.9832776487128,76.4793311059484,1528.0507629148306,76.40253814574154,30,11708.758004198917,72.88037109375,160.657222630457,6.224432264089336,25.784041552835692,-1850.1306348016442,56.666666666666664,9053,5438,-3615,1.5190374357943095,0.9125319524043902,-0.6065054833899195,117,576,459,0.019233694767356285,0.09620299531489099,0.0769693005475347,False,
baseline,Baseline,36,18.0,18.5,500.0,77.9029702294835,94.9563097784232,9.502886175687287,12464.47523671736,1899.126195568464,75.9650478227386,1520.4617881099657,76.02308940549825,31,9207.828075792511,78.1722412109375,117.78897385001922,8.489758992834938,33.319564447370475,3256.6471609248492,41.935483870967744,5438,8235,2797,0.9125319524043902,1.3818408191189542,0.46930886671456395,576,230,-346,0.09620299531489099,0.03817096286348057,-0.05803203245141042,False,
baseline,Baseline,37,18.5,19.0,500.0,60.74089708921137,95.92353215273978,9.585655557331005,9718.54353427382,1918.4706430547958,76.7388257221919,1533.704889172961,76.685244458648,30,7409.403562136046,69.536865234375,106.55360343269064,9.384947742585682,21.24000326184204,2309.139972137774,50.0,8235,5207,-3028,1.3818408191189542,0.8737737639193098,-0.5080670551996445,230,549,319,0.03817096286348057,0.09175707062168187,0.053586107758201315,False,
baseline,Baseline,38,19.0,19.5,500.0,59.12009409242075,95.84774334068334,9.59428578289378,9459.21505478732,1916.9548668136667,76.67819467254662,1535.0857252630049,76.75428626315028,33,10425.204411261473,85.0445556640625,122.58520642335344,8.157591190461071,33.843170165850836,-965.9893564741524,36.36363636363637,5207,8287,3080,0.8737737639193098,1.3905330098296713,0.5167592459103617,549,96,-453,0.09175707062168187,0.015540875830813908,-0.07621619479086797,False,
baseline,Baseline,39,19.5,20.0,500.0,61.33893837965236,96.07914607887233,9.60559929524088,9814.230140744377,1921.5829215774465,76.86331686309791,1536.895887238541,76.84479436192703,27,12040.128254756566,74.897216796875,160.75534939315565,6.22063280491104,28.58701390414429,-2225.8981140121887,44.44444444444444,8287,9302,1015,1.3905330098296713,1.561037252688841,0.17050424285916965,96,205,109,0.015540875830813908,0.03428716331782462,0.018746287487010713,False,
baseline,Baseline,40,20.0,20.5,500.0,63.21063286361864,95.32859588158318,9.532735914840691,10113.701258178982,1906.5719176316634,76.26287670526654,1525.2377463745106,76.26188731872554,28,11515.614321456507,76.73681640625,150.0663548575178,6.663718865894099,31.178828193123845,-1401.913063277525,42.857142857142854,9302,7148,-2154,1.561037252688841,1.1991844121683994,-0.36185284052044153,205,210,5,0.03428716331782462,0.034965457385263084,0.0006782940674384589,False,
baseline,Baseline,41,20.5,21.0,500.0,67.56746292422694,93.7076209485167,9.368664805092545,10810.794067876312,1874.152418970334,74.96609675881336,1498.986368814807,74.94931844074031,27,11304.56404777291,67.3897705078125,167.74896193573431,5.96128875231494,26.042049338979425,-493.76997989659867,44.44444444444444,7148,8240,1092,1.1991844121683994,1.3826619331401915,0.1834775209717919,210,311,101,0.034965457385263084,0.05184879887147238,0.016883341486209298,False,
baseline,Baseline,42,21.0,21.5,500.0,69.0404966943646,96.490363980447,9.652625883765495,11046.479471098337,1929.80727960894,77.1922911843576,1544.4201414024792,77.22100707012399,33,8893.162524663268,76.7677001953125,115.84510806025543,8.632216040403382,30.610964236427307,2153.3169464350685,45.45454545454545,8240,6822,-1418,1.3826619331401915,1.1446325285677472,-0.23802940457244404,311,140,-171,0.05184879887147238,0.02327794700923101,-0.02857085186224137,False,
baseline,Baseline,43,21.5,22.0,500.0,79.57064656033648,95.05439758300783,9.506830576477023,12731.303449653838,1901.0879516601562,76.04351806640602,1521.0928922363237,76.05464461181623,38,20486.738932716882,89.7764892578125,228.19714941051888,4.38217568704609,28.775569639300983,-7755.435483063044,63.1578947368421,6822,6321,-501,1.1446325285677472,1.0603811247591537,-0.08425140380859378,140,73,-67,0.02327794700923101,0.011991184314140854,-0.011286762695090154,False,
baseline,Baseline,44,22.0,22.5,500.0,83.11209579277133,94.99236493232839,9.500717375269097,13297.935326843413,1899.8472986465677,75.99389194586274,1520.1147800430554,76.00573900215275,30,13348.451279574952,72.0330810546875,185.31001428969574,5.3963624353117625,28.33221582770035,-50.51595273153907,63.33333333333333,6321,4894,-1427,1.0603811247591537,0.8210668156151977,-0.23931430914395604,73,2,-71,0.011991184314140854,0.00017918411449780502,-0.011812000199643048,False,
baseline,Baseline,45,22.5,23.0,500.0,82.91886816061105,95.47924837946357,9.53994864706317,13267.018905697765,1909.5849675892714,76.38339870357072,1526.3917835301072,76.31958917650539,31,11020.463677507552,79.0880126953125,139.3442988631415,7.176468704917458,26.99187177085094,2246.555228190213,48.38709677419355,4894,4296,-598,0.8210668156151977,0.7205431730794979,-0.10052364253569976,2,383,381,0.00017918411449780502,0.06392130643726264,0.06374212232276483,False,
baseline,Baseline,46,23.0,23.5,500.0,78.57157042488492,95.46356925962046,9.554317426678608,12571.45126798141,1909.271385192409,76.37085540769635,1528.6907882685773,76.43453941342884,30,13965.119439717175,72.7286376953125,192.01678846539502,5.207877956880934,30.819963236169738,-1393.6681717357642,53.333333333333336,4296,8026,3730,0.7205431730794979,1.3467504484887491,0.6262072754092514,383,4,-379,0.06392130643726264,0.0002925375396472895,-0.06362876889761536,False,
baseline,Baseline,47,23.5,24.0,500.0,87.28170006076971,95.1525123330066,9.513718825799925,13965.072009723172,1903.050246660132,76.12200986640528,1522.1950121279879,76.10975060639939,30,11634.980720267176,72.1029052734375,161.3663232590084,6.197079909882462,26.544765397767947,2330.091289455995,63.33333333333333,8026,8621,595,1.3467504484887491,1.4466033750522207,0.09985292656347156,4,76,72,0.0002925375396472895,0.012452026355097796,0.012159488815450507,False,
baseline,Baseline,48,24.0,24.5,500.0,80.28538249390677,95.75554774084594,9.573963614099695,12845.661199025086,1915.1109548169188,76.60443819267675,1531.834178255951,76.59170891279757,30,9153.927300402573,70.3304443359375,130.1559713838619,7.683089675930078,32.000791127908634,3691.733898622513,36.666666666666664,8621,4671,-3950,1.4466033750522207,0.7834722502465619,-0.663131124805659,76,150,74,0.012452026355097796,0.02512848953411165,0.012676463179013853,False,
baseline,Baseline,49,24.5,25.0,500.0,77.63440953457315,95.34807121082194,9.525624665050328,12421.505525531597,1906.961424216439,76.27845696865802,1524.0999464080523,76.20499732040261,37,16666.021727991923,92.4727783203125,180.22624636910123,5.548581408903183,23.669712845944545,-4244.516202460327,64.86486486486487,4671,4656,-15,0.7834722502465619,0.7809247054171311,-0.0025475448294309047,150,590,440,0.02512848953411165,0.09872613983461935,0.0735976503005077,False,
baseline,Baseline,50,25.0,25.5,500.0,82.85518256001414,95.69860199808427,9.57893046886229,13256.82920960187,1913.9720399616854,76.55888159846677,1532.6288750179665,76.63144375089834,30,8973.725342616928,66.845947265625,134.24486763510336,7.449074349107648,32.58105098748779,4283.103866984942,53.333333333333336,4656,8498,3842,0.7809247054171311,1.4258928994301852,0.6449681940130539,590,158,-432,0.09872613983461935,0.02618131471754476,-0.07254482511707462,False,
baseline,Baseline,51,25.5,26.0,500.0,81.82468164836924,96.49739959303406,9.652971271608521,13091.94906373888,1929.9479918606812,77.19791967442734,1544.4754034573634,77.22377017286817,29,14298.206119783808,77.3048095703125,184.9588169126643,5.406608977566017,17.935965791043564,-1206.2570560449276,68.96551724137932,8498,7192,-1306,1.4258928994301852,1.206992390041999,-0.21890050938818606,158,4,-154,0.02618131471754476,0.0004702238806234184,-0.025711090836921344,False,
baseline,Baseline,52,26.0,26.5,500.0,76.26680131565145,95.55496842454687,9.555184522729723,12202.688210504173,1911.0993684909372,76.44397473963772,1528.8295236367558,76.4414761818378,29,12970.507145167558,73.326171875,176.8878261813331,5.65330029537968,29.051929261355014,-767.8189346633844,58.620689655172406,7192,3932,-3260,1.206992390041999,0.6597614248184283,-0.5472309652235708,4,19,15,0.0004702238806234184,0.0029179922381476404,0.002447768357524222,False,
baseline,Baseline,53,26.5,27.0,500.0,83.34299896362063,94.77490808864239,9.474337261865822,13334.879834179152,1895.498161772848,75.81992647091397,1515.8939618985314,75.79469809492653,33,18626.30093134709,90.6492919921875,205.47651859158896,4.866736145104876,27.597231464158632,-5291.421097167939,57.57575757575758,3932,5944,2012,0.6597614248184283,0.9971606985334102,0.33739927371498196,19,168,149,0.0029179922381476404,0.02792204574907691,0.025004053510929273,False,
baseline,Baseline,54,27.0,27.5,500.0,85.42135378293214,93.17162465516338,9.315082146870054,13667.416605268878,1863.432493103268,74.53729972413066,1490.4131434992087,74.5206571749604,31,14349.96764245704,65.9691162109375,217.52554023268627,4.597161321517941,21.27950866602424,-682.5510371881628,67.74193548387096,5944,5807,-137,0.9971606985334102,0.9740516482308186,-0.023109050302591666,168,266,98,0.02792204574907691,0.04445053973395582,0.016528493984878902,False,
baseline,Baseline,55,27.5,28.0,500.0,89.36266350262136,97.41079301164316,9.743286528938915,14298.026160419013,1948.2158602328636,77.92863440931478,1558.9258446302265,77.94629223151139,29,8921.106011940854,73.6793212890625,121.0801871659636,8.25898954574053,28.77411889139336,5376.920148478159,58.620689655172406,5807,6368,561,0.9740516482308186,1.0686945216311168,0.09464287340029842,266,164,-102,0.04445053973395582,0.027273603632787472,-0.017176936101168345,False,
baseline,Baseline,56,28.0,28.5,500.0,78.91615572279484,94.61355597531875,9.45636980064419,12626.58491564721,1892.2711195063748,75.69084478025502,1513.0191681030701,75.65095840515346,28,8294.891980474913,76.299072265625,108.71550248471381,9.198320176468,32.91558708849891,4331.692935172297,42.857142857142854,6368,7306,938,1.0686945216311168,1.2257501320011241,0.15705561037000734,164,401,237,0.027273603632787472,0.06694325023709428,0.03966964660430682,False,
baseline,Baseline,57,28.5,29.0,500.0,74.61135115038924,95.60872851898894,9.565126587076202,11937.816184061867,1912.1745703797787,76.48698281519091,1530.4202539321923,76.52101269660966,34,15683.885133502958,89.50927734375,175.22077709633177,5.707085749598213,29.764029800316845,-3746.068949441091,50.0,7306,6158,-1148,1.2257501320011241,1.033055952063881,-0.19269417993724347,401,198,-203,0.06694325023709428,0.03282325382279281,-0.034119996414301496,False,
baseline,Baseline,58,29.0,29.5,500.0,73.06081740858403,95.25020153840742,9.528433459988628,11689.730785373391,1905.0040307681484,76.20016123072605,1524.5493535981805,76.22746767990898,24,13000.754952502859,62.4886474609375,208.04986954838168,4.806539903969762,22.90813559636631,-1311.024167129468,54.166666666666664,6158,3378,-2780,1.033055952063881,0.5667432931152898,-0.466312658948591,198,35,-163,0.03282325382279281,0.005650068542676126,-0.027173185280116686,False,
baseline,Baseline,59,29.5,30.0,500.0,80.08621464887692,95.22483482260941,9.52135210024744,12813.794343820435,1904.4966964521882,76.17986785808762,1523.4163360395905,76.1708168019795,30,12266.475493453258,76.7515869140625,159.8204804180509,6.25702036049602,25.482026746044312,547.3188503671772,53.333333333333336,3378,9741,6363,0.5667432931152898,1.634533210906669,1.067789917791379,35,89,54,0.005650068542676126,0.014650466270180795,0.009000397727504668,False,
baseline,Baseline,60,30.0,30.5,500.0,78.56272972133512,95.20095582067079,9.518194133116685,12570.036755413435,1904.0191164134158,76.16076465653646,1522.9110612986697,76.14555306493352,27,13732.461218167982,81.095458984375,169.33699358941755,5.905384162096601,22.77336999433136,-1162.4244627545468,48.148148148148145,9741,9774,33,1.634533210906669,1.6403258663817575,0.005792655475088587,89,180,91,0.014650466270180795,0.02994792623904134,0.015297459968860543,False,
baseline,Baseline,61,30.5,31.0,500.0,71.46590673148867,94.5805351885374,9.460593703147879,11434.545077038125,1891.610703770748,75.66442815082996,1513.6949925036606,75.68474962518303,29,10479.96671482555,75.450439453125,138.8986835701126,7.199492279530674,34.73512760185279,954.5783622125746,44.827586206896555,9774,6037,-3737,1.6403258663817575,1.0127629499268402,-0.6275629164549174,180,58,-122,0.02994792623904134,0.00955834744272942,-0.020389578796311918,False,
baseline,Baseline,62,31.0,31.5,500.0,71.29042151809645,93.66471988431985,9.361365781103496,11406.467442895591,1873.2943976863971,74.93177590745586,1497.8185249765593,74.89092624882798,25,5691.431697131261,64.7230224609375,87.93519648385131,11.372010753210098,34.094263091612916,5715.03574576433,36.0,6037,6938,901,1.0127629499268402,1.1640940370998614,0.15133108717302102,58,301,243,0.00955834744272942,0.05034138816554699,0.04078304072281757,False,
baseline,Baseline,63,31.5,32.0,500.0,63.78805918692188,95.43991773317684,9.547260107579861,10206.089469907383,1908.7983546635369,76.35193418654148,1527.5616172127775,76.37808086063887,32,13631.580165446412,86.5216064453125,157.55116814737474,6.347144307204319,26.3960380205133,-3425.490695539029,40.625,6938,6985,47,1.1640940370998614,1.1718247675505733,0.007730730450712285,301,144,-157,0.05034138816554699,0.024120573913391247,-0.026220814252155746,False,
adaptive_t0_i100ms,Adaptive 100 ms,0,0.0,0.5,500.0,78.56238009485665,95.54724355169793,9.545171824196018,12569.980815177041,1910.9448710339584,76.43779484135831,1527.2274918713629,76.36137459356814,32,23611.89554725544,84.7947998046875,278.4592404444849,3.5911898574591032,31.16453800835753,-11041.9147320784,71.875,7824,3965,-3859,1.313002289261642,0.6651168106962745,-0.6478854785653675,4,459,455,0.0005420607335515448,0.07688109021228294,0.07633902947873142,False,
adaptive_t0_i100ms,Adaptive 100 ms,1,0.5,1.0,500.0,97.19121348210685,88.94861711918503,8.904416079751172,15550.594157137099,1778.9723423837004,71.15889369534801,1424.7065727601876,71.23532863800938,27,8781.159927702663,59.3304443359375,148.00428390494557,6.756561186041352,28.220252235244242,6769.434229434435,88.88888888888889,3965,5319,1354,0.6651168106962745,0.892590913199822,0.22747410250354747,459,4,-455,0.07688109021228294,0.0005719224177490364,-0.07630916779453392,False,
adaptive_t0_i100ms,Adaptive 100 ms,2,1.0,1.5,500.0,88.01960313576028,95.663423581578,9.564195219425756,14083.13650172165,1913.2684716315598,76.53073886526238,1530.271235108121,76.51356175540603,26,12263.679167612388,72.840087890625,168.36442023556103,5.939497184742987,27.933167861915592,1819.4573341092619,92.3076923076923,5319,4724,-595,0.892590913199822,0.7926839571171173,-0.0999069560827047,4,107,103,0.0005719224177490364,0.01771085060545453,0.01713892818770549,False,
adaptive_t0_i100ms,Adaptive 100 ms,3,1.5,2.0,500.0,69.92541928924754,94.81805977239246,9.479239113048095,11188.067086279607,1896.3611954478492,75.85444781791398,1516.6782580876952,75.83391290438477,26,11188.946089925179,80.6966552734375,138.6543971619625,7.212176609385837,32.35910206256332,-0.8790036455720838,69.23076923076923,4724,5563,839,0.7926839571171173,0.9334219912539291,0.14073803413681185,107,229,122,0.01771085060545453,0.0383282806933502,0.02061743008789567,False,
adaptive_t0_i100ms,Adaptive 100 ms,4,2.0,2.5,500.0,87.94708917891506,93.93443645324214,9.398154392324193,14071.53426862641,1878.6887290648428,75.14754916259375,1503.7047027718709,75.18523513859354,27,10702.43627660961,73.63232421875,145.3497005583358,6.879959134134247,21.630634686802676,3369.097992016801,92.5925925925926,5563,10307,4744,0.9334219912539291,1.7296975967266217,0.7962756054726927,229,5,-224,0.0383282806933502,0.000569338388869215,-0.037758942304481,False,
adaptive_t0_i100ms,Adaptive 100 ms,5,2.5,3.0,500.0,73.65384688034013,94.2636227776613,9.414654269480002,11784.61550085442,1885.2724555532259,75.41089822212905,1506.3446831168003,75.31723415584001,33,15070.341212283694,85.7978515625,175.6494007464232,5.693159189558825,25.21847978464966,-3285.725711429275,81.81818181818183,10307,3579,-6728,1.7296975967266217,0.6004384737186801,-1.1292591230079414,5,562,557,0.000569338388869215,0.09416281926760436,0.09359348087873517,False,
adaptive_t0_i100ms,Adaptive 100 ms,6,3.0,3.5,500.0,80.63218400899103,96.37325286865234,9.6490592377472,12901.149441438563,1927.4650573730469,77.09860229492188,1543.8494780395522,77.19247390197762,27,10195.52116044918,67.442138671875,151.17434531626083,6.614878985637231,29.67548920520732,2705.6282809893837,81.48148148148148,3579,11333,7754,0.6004384737186801,1.9015935640507116,1.3011550903320312,562,2,-560,0.09416281926760436,0.0001309949267133591,-0.09403182434089104,False,
adaptive_t0_i100ms,Adaptive 100 ms,7,3.5,4.0,500.0,68.74956128902453,95.89268684387207,9.58522754737853,10999.929806243925,1917.8537368774414,76.71414947509766,1533.636407580565,76.68182037902824,30,8102.33340519568,82.2462158203125,98.5131452478891,10.150929578826208,38.498772946017,2897.596401048245,70.0,11333,4329,-7004,1.9015935640507116,0.7265065889530553,-1.175086975097656,2,196,194,0.0001309949267133591,0.032803413750026315,0.03267241882331296,False,
adaptive_t0_i100ms,Adaptive 100 ms,8,4.0,4.5,500.0,65.54309107013182,95.52177461404992,9.550518886091218,10486.894571221092,1910.435492280998,76.41741969123996,1528.0830217745952,76.40415108872978,27,17371.12292973641,80.2589111328125,216.43855722127435,4.620248872651915,21.63497900294122,-6884.22835851532,81.48148148148148,4329,4992,663,0.7265065889530553,0.8376055744709477,0.11109898551789237,196,275,79,0.032803413750026315,0.04597257648511099,0.013169162735084687,False,
adaptive_t0_i100ms,Adaptive 100 ms,9,4.5,5.0,500.0,76.31099942600919,95.57353941182902,9.563050976468594,12209.759908161472,1911.4707882365801,76.45883152946317,1530.088156234975,76.50440781174873,29,10595.489375550527,76.744873046875,138.06120141835285,7.243164551131216,24.633549474755704,1614.2705326109444,79.3103448275862,4992,8570,3578,0.8376055744709477,1.437856076257743,0.6002505017867953,275,1,-274,0.04597257648511099,7.452724640751913e-06,-0.045965123760470246,False,
adaptive_t0_i100ms,Adaptive 100 ms,10,5.0,5.5,500.0,80.9770120095782,95.45146086402238,9.543321985290323,12956.321921532512,1909.0292172804475,76.36116869121793,1526.9315176464515,76.34657588232258,26,12841.676453443555,71.0595703125,180.71705749091186,5.533511965522621,26.49481582120514,114.64546808895648,80.76923076923077,8570,9982,1412,1.437856076257743,1.6751142038875,0.23725812762975695,1,91,90,7.452724640751913e-06,0.014942800870631916,0.014935348145991165,False,
adaptive_t0_i100ms,Adaptive 100 ms,11,5.5,6.0,500.0,85.69921857625312,93.69208415046259,9.371012615386395,13711.874972200634,1873.841683009252,74.95366732037019,1499.3620184618233,74.96810092309117,27,9134.14166358692,70.8514404296875,128.91963251829128,7.756770481471228,26.443436504474217,4577.733308613715,81.48148148148148,9982,9449,-533,1.6751142038875,1.5855978844940575,-0.08951631939344232,91,4,-87,0.014942800870631916,0.0003712356896368315,-0.014571565180995085,False,
adaptive_t0_i100ms,Adaptive 100 ms,12,6.0,6.5,500.0,72.66375320264972,95.04582227982608,9.504595696322099,11626.200512424073,1900.916445596522,76.03665782386088,1520.7353114115358,76.03676557057679,27,8533.863056380686,61.23046875,139.37281929400035,7.175000154732807,25.502022099093967,3092.3374560433876,77.77777777777779,9449,6408,-3041,1.5855978844940575,1.0752462129769298,-0.5103516715171278,4,5,1,0.0003712356896368315,0.00033357038628414036,-3.766530335269107e-05,False,
adaptive_t0_i100ms,Adaptive 100 ms,13,6.5,7.0,500.0,75.22298866529654,94.85119819641112,9.479084769446466,12035.67818644748,1897.0239639282227,75.8809585571289,1516.6535631114348,75.83267815557173,40,15502.234490586927,93.33349609375,166.09507989516982,6.020647936297364,28.65129930219887,-3466.556304139447,72.5,6408,4373,-2035,1.0752462129769298,0.7332662325081799,-0.34197998046875,5,290,285,0.00033357038628414036,0.04845375465829528,0.04812018427201114,False,
adaptive_t0_i100ms,Adaptive 100 ms,14,7.0,7.5,500.0,63.704348394263974,96.23970985412589,9.63000273357052,10192.695743082359,1924.7941970825177,76.99176788330067,1540.800437371283,77.04002186856415,30,13741.602182344626,72.4036865234375,189.79147115522065,5.2689406637358935,28.410506294615477,-3548.9064392622677,66.66666666666666,4373,7109,2736,0.7332662325081799,1.19292199422693,0.45965576171875,290,4,-286,0.04845375465829528,0.0004591688089942109,-0.047994585849301066,False,
adaptive_t0_i100ms,Adaptive 100 ms,15,7.5,8.0,500.0,86.18093717228608,95.40362358093262,9.540337927058726,13788.94994756587,1908.0724716186523,76.3228988647461,1526.4540683293963,76.32270341646984,34,14021.207335489155,87.1513671875,160.88338930270044,6.215682080879775,26.809237240775705,-232.2573879232841,82.35294117647058,7109,7422,313,1.19292199422693,1.245465634363649,0.052543640136719055,4,5,1,0.0004591688089942109,0.0005783231399629953,0.00011915433096878438,False,
adaptive_t0_i100ms,Adaptive 100 ms,16,8.0,8.5,500.0,90.6439006174819,89.32599959763758,8.93261735392623,14503.02409879722,1786.5199919527513,71.46079967810988,1429.2187766281968,71.46093883140982,26,9626.19434794828,51.371826171875,187.38275559334545,5.33667037200681,18.740788874741366,4876.8297508489395,92.3076923076923,7422,11076,3654,1.245465634363649,1.858785524124691,0.6133198897610419,5,6,1,0.0005783231399629953,0.0005312153629359421,-4.7107777027053196e-05,False,
adaptive_t0_i100ms,Adaptive 100 ms,17,8.5,9.0,500.0,85.49371638939218,96.69003221381173,9.669013345823213,13678.99462230263,1933.8006442762344,77.35202577104963,1547.0421353317142,77.35210676658575,30,14134.581970749588,80.1044921875,176.45180170002047,5.667269987415969,24.37070174411728,-455.58734844695755,80.0,11076,8969,-2107,1.858785524124691,1.5049973629385969,-0.3537881611860938,6,4,-2,0.0005312153629359421,0.00039893608191170964,-0.00013227928102423243,False,
adaptive_t0_i100ms,Adaptive 100 ms,18,9.0,9.5,500.0,77.25357749122425,95.529709189216,9.546117474367769,12360.572398595907,1910.5941837843202,76.4237673513727,1527.378795898843,76.36893979494211,31,13248.907305467148,84.3973388671875,156.98252436983103,6.370135809793237,26.011846443952894,-888.3349068712414,87.09677419354838,8969,3346,-5623,1.5049973629385969,0.5613783269954769,-0.9436190359431202,4,331,327,0.00039893608191170964,0.055241489772562415,0.0548425536906507,False,
adaptive_t0_i100ms,Adaptive 100 ms,19,9.5,10.0,500.0,71.89553581396997,96.93081855773926,9.699924748241937,11503.285730235313,1938.6163711547852,77.5446548461914,1551.98795971871,77.59939798593551,32,12754.439596779552,83.0089111328125,153.65145046141754,6.508236642068691,26.729587239375544,-1251.1538665442386,75.0,3346,8263,4917,0.5613783269954769,1.3866880804134458,0.8253097534179688,331,5,-326,0.055241489772562415,0.0005059794229977253,-0.054735510349564684,False,
adaptive_t0_i100ms,Adaptive 100 ms,20,10.0,10.5,500.0,72.2495237009833,96.23656272888184,9.619372914537166,11559.923792157428,1924.7312545776367,76.98925018310547,1539.0996663259466,76.95498331629732,29,11164.955778710486,62.6846923828125,178.1129547629686,5.614414747825573,21.13082019698781,394.96801344694177,86.20689655172413,8263,3871,-4392,1.3866880804134458,0.6490934759212582,-0.7375946044921875,5,207,202,0.0005059794229977253,0.034444782266292724,0.033938802843295,False,
adaptive_t0_i100ms,Adaptive 100 ms,21,10.5,11.0,500.0,73.71679089133644,95.09835243225098,9.51285969871524,11794.68654261398,1901.9670486450195,76.07868194580078,1522.057551794438,76.10287758972194,28,14507.863006198906,83.4117431640625,173.93070155197933,5.749416239209207,29.402540887167305,-2713.1764635849268,71.42857142857143,3871,4552,681,0.6490934759212582,0.7636564642025083,0.1145629882812501,207,63,-144,0.034444782266292724,0.010424614419390688,-0.02402016784690203,False,
adaptive_t0_i100ms,Adaptive 100 ms,22,11.0,11.5,500.0,71.04489476030658,94.47426869014053,9.443522904586757,11367.183161649069,1889.4853738028105,75.57941495211242,1510.9636647338812,75.54818323669402,29,9616.202910661912,78.323974609375,122.77470542858404,8.145000197794674,27.58382153215138,1750.980250987157,75.86206896551724,4552,4576,24,0.7636564642025083,0.7676994588674324,0.0040429946649239365,63,251,188,0.010424614419390688,0.04175492753002023,0.031330313110629546,False,
adaptive_t0_i100ms,Adaptive 100 ms,23,11.5,12.0,500.0,77.887923759895,95.5614148915085,9.557702080326635,12462.067801583213,1911.22829783017,76.44913191320688,1529.2323328522616,76.46161664261311,31,10139.072537534154,72.0787353515625,140.66662640626313,7.109006774015271,36.285301289506236,2322.995264049059,74.19354838709677,4576,5623,1047,0.7676994588674324,0.943430216559068,0.17573075769163565,251,176,-75,0.04175492753002023,0.029349405522408712,-0.012405522007611525,False,
adaptive_t0_i100ms,Adaptive 100 ms,24,12.0,12.5,500.0,61.73876130186472,95.36165528553846,9.539759567349599,9878.201808298356,1907.2331057107695,76.2893242284307,1526.3615307759355,76.31807653879676,32,10859.434608567792,74.314453125,146.128164198447,6.843307759905655,24.419536354944135,-981.2328002694358,75.0,5623,4483,-1140,0.943430216559068,0.7521818548275087,-0.1912483617315592,176,5,-171,0.029349405522408712,0.0006100249287569958,-0.028739380593651716,False,
adaptive_t0_i100ms,Adaptive 100 ms,25,12.5,13.0,500.0,85.17651885592302,96.63201671533825,9.663246323590602,13628.243016947683,1932.640334306765,77.30561337227061,1546.1194117744963,77.30597058872485,31,14082.698808637566,80.6671142578125,174.57794217888085,5.7281005121217,22.75539161608429,-454.455791689883,74.19354838709677,4483,7104,2621,0.7521818548275087,1.1918916637092527,0.439709808881744,5,3,-2,0.0006100249287569958,0.00020431657503789988,-0.0004057083537190959,False,
adaptive_t0_i100ms,Adaptive 100 ms,26,13.0,13.5,500.0,78.56888035835559,93.77768031071682,9.373755899956357,12571.020857336895,1875.5536062143365,75.02214424857345,1499.8009439930174,74.99004719965086,31,15562.760741356042,72.474853515625,214.7332486570785,4.656940675251298,25.16414467169037,-2991.739884019147,83.87096774193549,7104,3367,-3737,1.1918916637092527,0.5649347930654816,-0.6269568706437711,3,195,192,0.00020431657503789988,0.03233576682651039,0.032131450251472495,False,
adaptive_t0_i100ms,Adaptive 100 ms,27,13.5,14.0,500.0,80.83844274236972,96.19629740342806,9.615297826011943,12934.150838779155,1923.9259480685614,76.95703792274242,1538.4476521619108,76.92238260809553,29,10167.646963409778,72.75146484375,139.75865620365263,7.155191865488648,32.54589865127406,2766.503875369377,72.41379310344827,3367,2707,-660,0.5649347930654816,0.4543171584089628,-0.11061763465651882,195,401,206,0.03233576682651039,0.0671522554106574,0.03481648858414704,False,
adaptive_t0_i100ms,Adaptive 100 ms,28,14.0,14.5,500.0,75.48786470040213,96.39008156895652,9.644725721238819,12078.058352064341,1927.8016313791304,77.11206525516525,1543.156115398211,77.15780576991054,33,14369.94836690695,86.9580078125,165.25158209571248,6.051379280718822,29.235336350509645,-2291.890014842609,75.75757575757575,2707,5659,2952,0.4543171584089628,0.9495211903531214,0.49520403194415874,401,128,-273,0.0671522554106574,0.021300220851664307,-0.04585203455899313,False,
adaptive_t0_i100ms,Adaptive 100 ms,29,14.5,15.0,500.0,82.2310323058905,92.30836926828397,9.233404985471974,13156.965168942479,1846.1673853656794,73.8466954146271,1477.344797675516,73.86723988377584,23,10509.872122527286,65.8616943359375,159.57488231201734,6.2666503995578475,29.928887499249136,2647.0930464151934,73.91304347826086,5659,1533,-4126,0.9495211903531214,0.25712265072594703,-0.6923985396271745,128,6,-122,0.021300220851664307,0.00080868912664461,-0.020491531725019704,False,
adaptive_t0_i100ms,Adaptive 100 ms,30,15.0,15.5,500.0,82.09584548566086,96.48304392471891,9.648344092089678,13135.335277705737,1929.6608784943783,77.18643513977509,1543.7350547343485,77.18675273671744,33,12995.382597829474,87.2587890625,148.92921088466397,6.714599466819408,23.678420201167295,139.95267987626357,81.81818181818183,1533,7353,5820,0.25712265072594703,1.2338650011851913,0.9767423504592444,6,4,-2,0.00080868912664461,0.0002818435224997059,-0.0005268456041449036,False,
adaptive_t0_i100ms,Adaptive 100 ms,31,15.5,16.0,500.0,70.34542645603314,94.5508774424712,9.454827086913497,11255.268232965303,1891.0175488494242,75.64070195397699,1512.7723339061595,75.63861669530793,24,10018.63935973199,71.363037109375,140.38975589529437,7.123026844963112,21.890470986079027,1236.6288732333142,87.5,7353,5811,-1542,1.2338650011851913,0.9746175149816612,-0.25924748620353033,4,13,9,0.0002818435224997059,0.00210704274577603,0.0018251992232763237,False,
adaptive_t0_i100ms,Adaptive 100 ms,32,16.0,16.5,500.0,69.58618056045918,95.32828413818098,9.532796153957223,11133.78888967347,1906.5656827636194,76.26262731054476,1525.247384633156,76.26236923165781,30,14830.515288066274,79.9930419921875,185.3975660722428,5.3938140677118485,24.764724457805332,-3696.726398392804,80.0,5811,6253,442,0.9746175149816612,1.0491636663509474,0.07454615136928638,13,17,4,0.00210704274577603,0.00263911724032539,0.0005320744945493602,False,
adaptive_t0_i100ms,Adaptive 100 ms,33,16.5,17.0,500.0,62.957412301262025,95.64810325073229,9.56113476924295,10073.185968201924,1912.9620650146462,76.51848260058568,1529.7815630788718,76.48907815394358,28,10218.949273165885,70.4271240234375,145.09962482303143,6.891816579261559,32.17812731781333,-145.76330496396076,67.85714285714286,6253,6947,694,1.0491636663509474,1.165530614104943,0.11636694775399538,17,192,175,0.00263911724032539,0.03192491593345215,0.02928579869312676,False,
adaptive_t0_i100ms,Adaptive 100 ms,34,17.0,17.5,500.0,78.99059392421843,96.7722554071046,9.681001191514746,12638.49502787495,1935.445108142092,77.41780432568385,1548.9601906423595,77.448009532118,33,9370.464618935248,80.853759765625,115.89398744224017,8.628575321893942,33.203960561270144,3268.0304089397014,75.75757575757575,6947,9125,2178,1.165530614104943,1.530982819182979,0.3654522050780361,192,12,-180,0.03192491593345215,0.0017696928975073664,-0.030155223035944784,False,
adaptive_t0_i100ms,Adaptive 100 ms,35,17.5,18.0,500.0,81.46649729072969,96.43019045461642,9.643246798858648,13034.639566516751,1928.6038090923284,77.14415236369314,1542.919487817384,77.14597439086921,24,10310.941306911833,62.898193359375,163.93064341290787,6.100140761853804,20.108753653697207,2723.6982596049183,87.5,9125,3496,-5629,1.530982819182979,0.5867053334195288,-0.9442774857634504,12,2,-10,0.0017696928975073664,0.0002273698994049226,-0.0015423229981024434,False,
adaptive_t0_i100ms,Adaptive 100 ms,36,18.0,18.5,500.0,63.025700560757336,96.36551534067166,9.636079861385838,10084.112089721173,1927.3103068134333,77.09241227253733,1541.772777821734,77.08863889108666,32,9070.337682068868,96.4259033203125,94.06536386740974,10.630905562748417,37.24843635411344,1013.774407652305,65.625,3496,5935,2439,0.5867053334195288,0.9958189397884479,0.4091136063689193,2,24,22,0.0002273698994049226,0.0038202293009836213,0.0035928594015786986,False,
adaptive_t0_i100ms,Adaptive 100 ms,37,18.5,19.0,500.0,57.870434438060904,96.04186058044434,9.604617246583688,9259.269510089744,1920.8372116088867,76.83348846435547,1536.7387594533902,76.83693797266953,30,11727.802191065439,77.42431640625,151.47440410747654,6.601775434551067,32.00997699221833,-2468.5326809756953,70.0,5935,8119,2184,0.9958189397884479,1.3623197942806355,0.3665008544921877,24,4,-20,0.0038202293009836213,0.0003783503814721384,-0.003441878919511483,False,
adaptive_t0_i100ms,Adaptive 100 ms,38,19.0,19.5,500.0,54.40732039970201,94.65303421020508,9.458831897779715,8705.171263952321,1893.0606842041016,75.72242736816406,1513.4131036447543,75.6706551822377,24,8929.421833579006,64.300048828125,138.87115167591062,7.200919614562868,34.8578362707201,-224.25056962668532,75.0,8119,6606,-1513,1.3623197942806355,1.108123627288448,-0.25419616699218744,4,312,308,0.0003783503814721384,0.05190639568281959,0.051528045301347455,False,
adaptive_t0_i100ms,Adaptive 100 ms,39,19.5,20.0,500.0,55.41412247627988,95.25917053222656,9.530261681811794,8866.259596204782,1905.1834106445312,76.20733642578125,1524.841869089887,76.24209345449438,34,9679.571831323221,83.324462890625,116.16722743270499,8.608279822975842,33.86123335581975,-813.3122351184393,64.70588235294117,6606,3619,-2987,1.108123627288448,0.6068571477962608,-0.5012664794921875,312,103,-209,0.05190639568281959,0.017156996364248823,-0.034749399318570774,False,
adaptive_t0_i100ms,Adaptive 100 ms,40,20.0,20.5,500.0,61.93616886758052,94.33884620666504,9.435869857189664,9909.787018812884,1886.7769241333008,75.47107696533203,1509.7391771503462,75.4869588575173,31,6629.549867177256,67.375,98.39777168352143,10.162831768348562,25.8222758404355,3280.237151635628,80.64516129032258,3619,7317,3698,0.6068571477962608,1.2278135686946983,0.6209564208984375,103,11,-92,0.017156996364248823,0.0014505802531877296,-0.015706416111061088,False,
adaptive_t0_i100ms,Adaptive 100 ms,41,20.5,21.0,500.0,72.17674133126636,94.95316892210394,9.494898910050848,11548.278613002618,1899.0633784420788,75.96253513768329,1519.1838256081355,75.9591912804068,33,19270.416983983818,80.467041015625,239.4821126856387,4.175677209398396,25.298921426594543,-7722.1383709812,75.75757575757575,7317,4320,-2997,1.2278135686946983,0.7245298348201388,-0.5032837338745594,11,30,19,0.0014505802531877296,0.004715049358130445,0.0032644691049427163,False,
adaptive_t0_i100ms,Adaptive 100 ms,42,21.0,21.5,500.0,98.80024002490401,82.50408039580434,8.250945500537318,15808.038403984643,1650.0816079160868,66.00326431664348,1320.151280085971,66.00756400429856,22,9647.52035378552,51.232177734375,188.30978460071142,5.310398512325748,20.19249074513855,6160.5180501991235,95.45454545454545,4320,3443,-877,0.7245298348201388,0.5776726837040109,-0.14685715111612796,30,6,-24,0.004715049358130445,0.0005919019931773411,-0.004123147364953104,False,
adaptive_t0_i100ms,Adaptive 100 ms,43,21.5,22.0,500.0,78.81371139625658,96.63548232483045,9.662363581051476,12610.193823400863,1932.709646496609,77.30838585986407,1545.9781729682363,77.29890864841178,37,20570.17535652112,98.5125732421875,208.80761388650893,4.789097396340728,23.16684234604117,-7959.981533120255,83.78378378378379,3443,4541,1098,0.5776726837040109,0.7615811353628011,0.18390845165879005,6,60,54,0.0005919019931773411,0.009765834147403707,0.009173932154226365,False,
adaptive_t0_i100ms,Adaptive 100 ms,44,22.0,22.5,500.0,76.37433914765106,96.3397984368903,9.631775823669432,12219.894263623733,1926.795968737806,77.07183874951261,1541.084131787109,77.05420658935546,36,8826.603942034186,73.2603759765625,120.48264596482548,8.299950519778148,33.008018515944165,3393.2903215895476,66.66666666666666,4541,4353,-188,0.7615811353628011,0.7305291290147649,-0.031052006348036183,60,166,106,0.009765834147403707,0.02781724039741885,0.01805140625001515,False,
adaptive_t0_i100ms,Adaptive 100 ms,45,22.5,23.0,500.0,78.39188437501102,95.61932950392475,9.565341318219863,12542.701500001578,1912.386590078495,76.49546360313934,1530.454610915178,76.52273054575892,34,8742.449830906526,75.0986328125,116.41290265208882,8.590113099306494,25.76142706201253,3800.2516690950524,85.29411764705883,4353,10680,6327,0.7305291290147649,1.7920647324179368,1.0615356034031722,166,3,-163,0.02781724039741885,0.00020388213852339201,-0.027613358258895458,False,
adaptive_t0_i100ms,Adaptive 100 ms,46,23.0,23.5,500.0,69.58513358626374,95.03322596177387,9.499183126284015,11133.6213738019,1900.6645192354772,76.0265807694193,1519.8693002054424,75.9934650102721,31,9827.873752209834,73.1180419921875,134.41106304870584,7.439863782921167,30.438401558314613,1305.7476215920651,70.96774193548387,10680,6593,-4087,1.7920647324179368,1.1058159942488488,-0.6862487381690879,3,200,197,0.00020388213852339201,0.03331205301874648,0.03310817088022308,False,
adaptive_t0_i100ms,Adaptive 100 ms,47,23.5,24.0,500.0,65.12803013369708,94.33926582336424,9.438046036453215,10420.484821391408,1886.7853164672852,75.4714126586914,1510.0873658325145,75.50436829162572,31,17645.198561106576,80.5596923828125,219.03259606874067,4.5655305098340815,26.448045141516904,-7224.713739715167,83.87096774193549,6593,10404,3811,1.1058159942488488,1.745739089951974,0.639923095703125,200,4,-196,0.03331205301874648,0.00044797281880382356,-0.03286408019994265,False,
adaptive_t0_i100ms,Adaptive 100 ms,48,24.0,24.5,500.0,91.85540411640686,94.78462536443912,9.478479098661454,14696.864658624865,1895.6925072887825,75.82770029155154,1516.5566557858328,75.82783278929165,28,14911.551721822843,74.8018798828125,199.34728572575787,5.016371285715424,23.63877282783525,-214.6870631979782,82.14285714285714,10404,3100,-7304,1.745739089951974,0.5200132857053614,-1.2257258042466126,4,3,-1,0.00044797281880382356,0.0003739725896615943,-7.400022914222929e-05,False,
adaptive_t0_i100ms,Adaptive 100 ms,49,24.5,25.0,500.0,96.56128561257455,86.1290853632352,8.592994649991942,15449.805698011802,1722.5817072647042,68.9032682905879,1374.8791439987108,68.74395719993558,24,9926.274347180099,55.760009765625,178.0178014477225,5.617415740827832,18.2341978775877,5523.531350831703,91.66666666666666,3100,0,-3100,0.5200132857053614,7.50267903359969e-15,-0.520013285705354,3,954,951,0.0003739725896615943,0.15999648456818474,0.15962251197852315,False,
adaptive_t0_i100ms,Adaptive 100 ms,50,25.0,25.5,500.0,86.264133145305,96.02067129047865,9.621662070496907,13802.261303248575,1920.4134258095728,76.81653703238271,1539.4659312795047,76.9732965639752,34,16713.98857824347,85.8797607421875,194.6208097670317,5.138196687173571,23.12854560546543,-2911.7272749948934,88.23529411764706,0,9529,9529,7.50267903359969e-15,1.598914017421783,1.5989140174217755,954,17,-937,0.15999648456818474,0.0028238829952920764,-0.15717260157289273,False,
adaptive_t0_i100ms,Adaptive 100 ms,51,25.5,26.0,500.0,71.68563383533437,95.72182021019998,9.567484820030268,11469.701413653107,1914.4364042039997,76.5774561681601,1530.7975712048428,76.53987856024213,33,12477.715038966802,78.0111083984375,159.94792658550048,6.252034779991023,35.04125791548615,-1008.0136253136952,57.57575757575758,9529,2997,-6532,1.598914017421783,0.5025293214299095,-1.0963846959918737,17,242,225,0.0028238829952920764,0.040391306639869604,0.03756742364457752,False,
adaptive_t0_i100ms,Adaptive 100 ms,52,26.0,26.5,500.0,77.61636807265745,94.53875478025002,9.458888296497117,12418.6188916254,1890.7750956050004,75.63100382419998,1513.4221274395386,75.67110637197695,29,15448.333644981343,83.0196533203125,186.08044031908267,5.374019957633609,24.792968421925146,-3029.7147533559437,82.75862068965517,2997,4792,1795,0.5025293214299095,0.8039366910775502,0.30140736964764075,242,3,-239,0.040391306639869604,0.000411338471533421,-0.039979968168336176,False,
adaptive_t0_i100ms,Adaptive 100 ms,53,26.5,27.0,500.0,92.48897886033141,94.21126071625622,9.418269087032286,14798.236617653201,1884.2252143251244,75.36900857300498,1506.9230539251657,75.34615269625826,27,11986.767199755248,60.497314453125,198.13717861877865,5.047008375566039,24.922425085318334,2811.4694178979535,81.48148148148148,4792,3630,-1162,0.8039366910775502,0.6089240897522619,-0.19501260132528828,3,140,137,0.000411338471533421,0.023208532349965626,0.02279719387843221,False,
adaptive_t0_i100ms,Adaptive 100 ms,54,27.0,27.5,500.0,89.69755914219249,91.81945826183654,9.184815394029828,14351.609462750675,1836.389165236731,73.45556660946932,1469.5704630447726,73.47852315223867,29,12383.946747384858,75.815673828125,163.34283034217182,6.122093010787142,24.87371188838622,1967.6627153658173,89.65517241379311,3630,7650,4020,0.6089240897522619,1.283682797665832,0.6747587079135702,140,5,-135,0.023208532349965626,0.00026704515039702506,-0.0229414871995686,False,
adaptive_t0_i100ms,Adaptive 100 ms,55,27.5,28.0,500.0,75.54107574913192,95.37544631958008,9.537549870564591,12086.57211986087,1907.5089263916016,76.30035705566388,1526.0079792903343,76.30039896451669,32,16446.19134270261,90.7701416015625,181.18503565735878,5.5192195998521205,32.8386810692668,-4359.6192228417385,68.75,7650,7933,283,1.283682797665832,1.3309896213963013,0.04730682373046909,5,2,-3,0.00026704515039702506,0.00011527301649291854,-0.0001517721339041065,False,
adaptive_t0_i100ms,Adaptive 100 ms,56,28.0,28.5,500.0,84.19193226637354,95.65251790417169,9.565247215426643,13470.709162619569,1913.0503580834338,76.52201432333754,1530.439554468263,76.52197772341319,22,9180.528446481032,64.1201171875,143.1770378652824,6.984360166334187,23.606936344487,4290.180716138537,86.36363636363636,7933,10088,2155,1.3309896213963013,1.6928253957151984,0.3618357743188972,2,4,2,0.00011527301649291854,0.0002780525330334349,0.00016277951654051638,False,
adaptive_t0_i100ms,Adaptive 100 ms,57,28.5,29.0,500.0,72.95703162355554,93.49776781665351,9.344807003135337,11673.125059768914,1869.95535633307,74.79821425332261,1495.169120501654,74.75845602508267,30,12782.973996352253,81.0430908203125,157.73058340894806,6.339924562424905,26.26249481666794,-1109.8489365833393,80.0,10088,5580,-4508,1.6928253957151984,0.9362294895603638,-0.7565959061548346,4,242,238,0.0002780525330334349,0.04000928330970315,0.03973123077666972,False,
adaptive_t0_i100ms,Adaptive 100 ms,58,29.0,29.5,500.0,67.99518449318434,96.37650489807129,9.640221674306076,10879.229518909466,1927.5300979614258,77.10120391845703,1542.4354678889722,77.12177339444864,30,8022.746451056646,91.5543212890625,87.62826634612473,11.411842795680553,42.03428190247559,2856.4830678528197,53.333333333333336,5580,5387,-193,0.9362294895603638,0.9035070164158329,-0.032722473144530986,242,116,-126,0.04000928330970315,0.01927959003296828,-0.020729693276734875,False,
adaptive_t0_i100ms,Adaptive 100 ms,59,29.5,30.0,500.0,65.48981625398024,95.86562156677246,9.58895842327388,10478.370600636565,1917.3124313354492,76.69249725341797,1534.2333477238208,76.71166738619101,24,18269.822611755106,69.2159423828125,263.95396758033326,3.788539377403578,22.321603043805506,-7791.452011118541,87.5,5387,9755,4368,0.9035070164158329,1.6370046360447392,0.7334976196289062,116,5,-111,0.01927959003296828,0.0003688566739610174,-0.018910733359007264,False,
adaptive_t0_i100ms,Adaptive 100 ms,60,30.0,30.5,500.0,88.85585099751951,94.52284812927246,9.450407164647231,14216.93615960304,1890.4569625854492,75.61827850341797,1512.065146343557,75.60325731717788,33,15494.151065627257,80.8739013671875,191.58406857708005,5.219640690518428,30.646847866552736,-1277.2149060242173,78.78787878787878,9755,6140,-3615,1.6370046360447392,1.030246518368958,-0.6067581176757812,5,93,88,0.0003688566739610174,0.015481595648455347,0.01511273897449433,False,
adaptive_t0_i100ms,Adaptive 100 ms,61,30.5,31.0,500.0,83.6865266193317,95.65150950219103,9.56493254212919,13389.8442590931,1913.0301900438208,76.52120760175285,1530.3892067406705,76.51946033703354,27,9196.163756875647,62.1529541015625,147.96020381989308,6.758574090755282,29.467620878114488,4193.680502217454,74.07407407407408,6140,5066,-1074,1.030246518368958,0.8499889288231589,-0.18025758954579923,93,103,10,0.015481595648455347,0.01707075812664975,0.0015891624781944023,False,
adaptive_t0_i100ms,Adaptive 100 ms,62,31.0,31.5,500.0,93.59370863702469,93.22964161806013,9.325050720368516,14974.99338192396,1864.5928323612025,74.58371329444822,1492.0081152589628,74.6004057629481,29,10257.515825858747,69.5758056640625,147.42935030297448,6.782909901895053,26.62743066767073,4717.477556065212,79.3103448275862,5066,12436,7370,0.8499889288231589,2.087236632910217,1.237247704087058,103,4,-99,0.01707075812664975,0.0005959644167916201,-0.016474793709858132,False,
adaptive_t0_i100ms,Adaptive 100 ms,63,31.5,32.0,500.0,87.28984233597352,96.74377621221902,9.674428939819336,13966.374773755688,1934.8755242443804,77.39502096977526,1547.9086303710938,77.39543151855469,31,13977.540151892872,79.40087890625,176.03759989100874,5.680604601625654,24.710785564028733,-11.165378137184234,90.32258064516128,12436,6683,-5753,2.087236632910217,1.1214530288576587,-0.965783604052558,4,2,-2,0.0005959644167916201,0.00010768316679163326,-0.0004882812499999867,False,
