case,label,window_s,start_s,end_s,npu_utilization_pct,ssd_mean_utilization_pct,npu_link_mean_utilization_pct,compute_busy_npu_ms,admitted_request_count,admitted_compute_ms,admitted_io_gb,admitted_compute_ms_per_io_gb,admitted_io_per_compute_gbps,admitted_mean_raw_demand_gbps,inferred_compute_inventory_drop_ms
baseline,Baseline,8.0,0.0,8.0,78.63877341361012,95.09070827836727,9.509158303528032,201315.25993884192,471,202937.73782943486,1223.199462890625,165.90731437198232,6.027461801701465,27.213408227488262,-1622.4778905929415
baseline,Baseline,8.0,0.5,8.5,78.96363871502788,95.19725174223606,9.519556791869858,202146.9151104714,467,201292.64578956622,1215.5550537109375,165.59730896189765,6.0387454739985555,26.79034413756386,854.2693209051795
baseline,Baseline,8.0,1.0,9.0,79.29298091441892,95.40350556373593,9.5404119048363,202990.03114091244,466,198059.96762454195,1217.9532470703125,162.61705291312217,6.149416571546455,26.73384906431005,4930.0635163704865
baseline,Baseline,8.0,1.5,9.5,78.37987122963887,95.35804271697995,9.535886919561033,200652.4703478755,469,194685.4194244292,1211.03662109375,160.7593164677371,6.22047929770024,26.616141110072547,5967.05092344631
baseline,Baseline,8.0,2.0,10.0,78.18502843112003,95.17669845885952,9.517846779226307,200153.6727836673,477,202143.43146721486,1225.1236572265625,164.99839038683456,6.060665183796794,26.422342144781815,-1989.7586835475522
baseline,Baseline,8.0,2.5,10.5,78.98296143232305,95.1515060663223,9.515378204113258,202196.38126674702,477,204685.05263413175,1222.5347900390625,167.42677124762366,5.9727604644600305,25.909033169988007,-2488.671367384726
baseline,Baseline,8.0,3.0,11.0,79.54591311919529,95.33031325853351,9.53358457190813,203637.53758513994,476,197255.28431758194,1214.1397705078125,162.4650547729609,6.155169808039422,26.30018277661926,6382.2532675580005
baseline,Baseline,8.0,3.5,11.5,79.22028252564931,95.46842423744977,9.546950623528646,202803.92326566222,479,202581.6256953784,1218.8623046875,166.20550567220766,6.016647859862182,26.13875982651231,222.29757028381573
baseline,Baseline,8.0,4.0,12.0,78.84618268363563,95.53649753487564,9.553647782741757,201846.22767010724,476,195535.93087342093,1207.4742431640625,161.9379725740891,6.1752039012498114,26.137154718033447,6310.296796686307
baseline,Baseline,8.0,4.5,12.5,78.30234633729995,95.44265839282181,9.544226284003061,200454.0066234879,484,199537.35774609985,1218.3533935546875,163.77625638151378,6.105891184070775,25.984344429745416,916.648877388041
baseline,Baseline,8.0,5.0,13.0,78.01710134102336,95.39716436372481,9.539794190848134,199723.7794330198,482,201968.64915499598,1216.4600830078125,166.02982044064234,6.023014403954693,26.171813674631345,-2244.869721976167
baseline,Baseline,8.0,5.5,13.5,78.14185979680583,95.32877607375099,9.533308664001169,200043.16107982292,486,199999.29652560517,1220.3447265625,163.8875410958415,6.101745094919691,26.320206985080144,43.86455421775463
baseline,Baseline,8.0,6.0,14.0,77.98813360532922,95.3290646137891,9.533051449574364,199649.6220296428,481,197119.39802731265,1213.880615234375,162.38779625725633,6.158098225656011,26.924021817460428,2530.2240023301565
baseline,Baseline,8.0,6.5,14.5,77.96976937334868,95.33418226242064,9.53360266019284,199602.6095957726,486,202915.14387139367,1224.343505859375,165.73383441844302,6.033770976873742,26.633051830043666,-3312.5342756210594
baseline,Baseline,8.0,7.0,15.0,78.19711264672713,95.44022858142853,9.543328544942158,200184.60837562146,485,206257.15200746816,1232.86474609375,167.29909153536934,5.977318769771001,26.188381784012094,-6072.543631846696
baseline,Baseline,8.0,7.5,15.5,78.72490061945562,95.39412279326909,9.540263018621337,201535.7455858064,483,201094.08575556363,1218.0714111328125,165.0921973191581,6.057221457091571,27.066158599172045,441.65983024277375
baseline,Baseline,8.0,8.0,16.0,78.48946311188396,95.54015379307761,9.553869870048173,200933.02556642293,479,196219.437228477,1222.984619140625,160.4430948333249,6.232739408566275,27.37962126847408,4713.5883379459265
baseline,Baseline,8.0,8.5,16.5,77.74724551761555,95.48304206739022,9.54847015452252,199032.94852509582,483,195887.74425717618,1233.00439453125,158.87027258458932,6.294443785684055,27.01827682920579,3145.2042679196456
baseline,Baseline,8.0,9.0,17.0,77.29395438782747,95.38292071127282,9.538184534638358,197872.52323283834,478,198486.06697812982,1227.2855224609375,161.727701782164,6.183232612474335,27.44631863758766,-613.5437452914775
baseline,Baseline,8.0,9.5,17.5,77.13207526678823,95.40863275527954,9.54085878989636,197458.1126829779,474,195141.6911735397,1224.4522705078125,159.37059849022071,6.274683093829016,27.315223916592902,2316.4215094381943
baseline,Baseline,8.0,10.0,18.0,75.8620957861952,95.58622234268121,9.557873521714129,194206.9652126597,471,190611.92566273024,1217.167724609375,156.60284265580836,6.385580127672799,27.772607495196596,3595.039549929468
baseline,Baseline,8.0,10.5,18.5,75.46080040760828,95.57510890659145,9.557452883876916,193179.64904347717,473,188107.20125283577,1217.8404541015625,154.45964257412365,6.474183050890526,28.08376849905193,5072.447790641396
baseline,Baseline,8.0,11.0,19.0,74.37877834135126,95.57490587234497,9.55688788320481,190409.67255385924,474,185295.8198245403,1212.7137451171875,152.7943594031209,6.544744216386135,27.445383189450613,5113.8527293189545
baseline,Baseline,8.0,11.5,19.5,73.19451296660496,95.48322430094802,9.548459766637057,187377.9531945087,480,181962.66052340777,1230.783447265625,147.84295395560108,6.763934115523093,27.958201098143874,5415.292671100935
baseline,Baseline,8.0,12.0,20.0,71.97638190876773,95.52820414149305,9.552632428893482,184259.5376864454,477,182992.69239028683,1229.9281005859375,148.783243754744,6.721186974847863,28.067906236392396,1266.8452961585717
baseline,Baseline,8.0,12.5,20.5,71.37267131742229,95.5075826073634,9.550526239556858,182714.03857260104,470,180057.0760661311,1217.6121826171875,147.87719656279123,6.762367851458305,28.317364228567783,2656.9625064699503
baseline,Baseline,8.0,13.0,21.0,71.14016795269583,95.46715027379352,9.54647426283458,182118.82995890133,470,178222.5717222981,1215.7833251953125,146.59073539577219,6.821713509384856,28.295729274343326,3896.2582366032293
baseline,Baseline,8.0,13.5,21.5,70.58121787463662,95.55041568249744,9.554860926019611,180687.91775906977,470,176863.3621878358,1211.58447265625,145.97691385074012,6.850398282994869,28.612380191203037,3824.55557123397
baseline,Baseline,8.0,14.0,22.0,70.63396828555771,95.5441427230835,9.554528750691412,180822.95881102775,481,186492.7647096781,1231.0345458984375,151.49271426300336,6.6009775114592015,28.56078329968773,-5669.805898650346
baseline,Baseline,8.0,14.5,22.5,71.26962007902564,95.43427968330867,9.54349099499763,182450.22740230564,480,187968.41530925984,1219.947265625,154.07913161964456,6.490171572803072,28.51770734854456,-5518.187906954205
baseline,Baseline,8.0,15.0,23.0,72.00180342907902,95.42254939079437,9.54245188489812,184324.61677844232,480,182166.35184625533,1213.458984375,150.12155679912107,6.661268516806739,28.71882237880352,2158.264932186983
baseline,Baseline,8.0,15.5,23.5,71.74074518328591,95.54855615736956,9.555001496718967,183656.3076692119,483,185235.35774288,1221.537109375,151.64120379253623,6.594513727074618,28.69418015465201,-1579.0500736680988
baseline,Baseline,8.0,16.0,24.0,71.77766142654846,95.45172786190592,9.545248933460234,183750.81325196408,484,185556.33249553439,1215.6007080078125,152.6457917251738,6.551114109980953,28.569210659104574,-1805.5192435703066
baseline,Baseline,8.0,16.5,24.5,71.96324707252519,95.45317405180671,9.545122210454625,184225.91250566448,484,184184.31071626456,1208.1671142578125,152.44936610396863,6.559554989018531,29.05752856222822,41.60178939992329
baseline,Baseline,8.0,17.0,25.0,72.27211380291534,95.47596190178767,9.546934823715265,185016.61133546327,493,188181.61288857102,1223.843994140625,153.76274573354496,6.503525904336394,28.278726318710344,-3165.0015531077515
baseline,Baseline,8.0,17.5,25.5,73.29798555747341,95.42979934255501,9.542926392648095,187642.84302713192,495,187754.09162283348,1216.8038330078125,154.30103565561993,6.480837900737565,28.753472360316366,-111.24859570155968
baseline,Baseline,8.0,18.0,26.0,74.5610018443256,95.48593907446741,9.549342267860021,190876.16472147353,494,190343.5397384184,1221.228271484375,155.86237575966055,6.4159165746453,28.29876635569189,532.6249830551387
baseline,Baseline,8.0,18.5,26.5,74.45874128721107,95.52335523985013,9.552610914550174,190614.37769526034,492,194106.21880779328,1216.3822021484375,159.5766679789895,6.266580275580538,28.026809004923994,-3491.841112532944
baseline,Baseline,8.0,19.0,27.0,75.8713726543616,95.45156623584404,9.545653521083599,194230.7139951657,495,205323.11617700438,1237.49462890625,165.9183897698834,6.027059456079139,28.409492062393088,-11092.402181838697
baseline,Baseline,8.0,19.5,27.5,77.51520138501844,95.28430881799906,9.528203293832117,198438.9155456472,493,209247.87940819983,1218.419189453125,171.73718308074137,5.822850835569226,27.597441630949803,-10808.963862552628
baseline,Baseline,8.0,20.0,28.0,79.26668420520386,95.36753675129722,9.536808745938243,202922.71156532186,495,206128.857165384,1217.2012939453125,169.34656427882925,5.905050416927853,27.61240160908437,-3206.1456000621256
baseline,Baseline,8.0,20.5,28.5,80.24827938390239,95.32284675715572,9.532035863800962,205435.59522279009,495,202908.13482440243,1216.7635498046875,166.7605303076122,5.996622810897552,27.710642516297504,2527.4603983876586
baseline,Baseline,8.0,21.0,29.0,80.68852239803736,95.44166598031022,9.544314725174942,206562.61733897566,502,207287.45591013247,1238.883056640625,167.31801665947103,5.976642682988647,27.939461606823894,-724.8385711568117
baseline,Baseline,8.0,21.5,29.5,80.93979244267607,95.36415582768274,9.536552698688887,207205.8686532507,493,211395.0483379722,1224.60400390625,172.62318893590324,5.792964468819482,27.515706209201387,-4189.179684721486
baseline,Baseline,8.0,22.0,30.0,80.97201544820987,95.37480815515785,9.537460293924537,207288.3595474173,485,203174.7848987087,1211.5791015625,167.69419729730112,5.963235556845914,27.29120065407047,4113.5746487086
baseline,Baseline,8.0,22.5,30.5,80.68768006874504,95.38784508567925,9.538552591290012,206560.4609759873,482,203558.79483730163,1220.6414794921875,166.76378630192573,5.996505729304446,26.973333676846707,3001.6661386856867
baseline,Baseline,8.0,23.0,31.0,79.97186997942488,95.33167551124636,9.533592907295306,204727.9871473277,480,203018.2978746197,1217.00390625,166.81811523529748,5.99455280135192,27.441078141244716,1709.6892727079976
baseline,Baseline,8.0,23.5,31.5,79.51679817275071,95.21924742529008,9.521533429446862,203563.00332224183,475,194744.61013203376,1208.998291015625,161.07930968904645,6.208121961352067,27.577842501058306,8818.393190208066
baseline,Baseline,8.0,24.0,32.0,78.04844561813519,95.23721026280072,9.523629759558107,199804.02078242606,477,196741.20957721284,1223.4169921875,160.81287969152257,6.218407393227697,27.563533422905834,3062.81120521322
adaptive_t0_i100ms,Adaptive 100 ms,8.0,0.0,8.0,78.18647786723211,94.82628474499631,9.482627704561581,200157.3833401142,468,201657.6502741527,1219.8143310546875,165.3183153700068,6.048936548632572,27.77572777696902,-1500.2669340384891
adaptive_t0_i100ms,Adaptive 100 ms,8.0,0.5,8.5,78.94157289989624,94.43745699786754,9.44434305016972,202090.42662373438,462,187671.94907484562,1186.391357421875,158.18721866170034,6.3216232541429465,27.03254522531891,14418.477548888768
adaptive_t0_i100ms,Adaptive 100 ms,8.0,1.0,9.0,78.21047933160153,94.9212954412817,9.492130379299224,200218.8270888999,465,193025.37111789247,1207.1654052734375,159.89968754461606,6.253920913516324,26.791849754987656,7193.455971007439
adaptive_t0_i100ms,Adaptive 100 ms,8.0,1.5,9.5,77.53760272881803,94.91293829175909,9.491000520233097,198496.26298577417,470,194010.59925574728,1218.72265625,159.19175561461734,6.281732343104946,26.677265981748928,4485.663730026892
adaptive_t0_i100ms,Adaptive 100 ms,8.0,2.0,10.0,77.66073501161323,95.04498571584324,9.504793372432713,198811.48162972985,476,195576.09276260147,1221.034912109375,160.1724003327127,6.2432728605102,26.37043098625077,3235.3888671283785
adaptive_t0_i100ms,Adaptive 100 ms,8.0,2.5,10.5,76.67963716924253,95.18886860807073,9.518619530071026,196299.87115326087,478,196038.61226470236,1210.0872802734375,162.0036963122234,6.17269866529921,26.320275729339624,261.2588885585137
adaptive_t0_i100ms,Adaptive 100 ms,8.0,3.0,11.0,76.68357116992985,95.24103921148259,9.524757369398227,196309.94219502044,473,195476.13405861752,1207.701171875,161.85803128362764,6.178253819531984,26.579604884929356,833.8081364029204
adaptive_t0_i100ms,Adaptive 100 ms,8.0,3.5,11.5,76.08436559188709,95.1223527003256,9.5119113485757,194775.97591523096,475,194896.81580883026,1218.5830078125,159.93725052730957,6.252452112956938,26.464938371501848,-120.83989359930274
adaptive_t0_i100ms,Adaptive 100 ms,8.0,4.0,12.0,76.6555132463165,95.10164820330287,9.510191006884956,196238.11391057025,476,196933.5549411688,1208.41552734375,162.96840820479497,6.136158602858449,26.346064869868826,-695.4410305985657
adaptive_t0_i100ms,Adaptive 100 ms,8.0,4.5,12.5,76.41774263579981,95.09164074527091,9.509518549463605,195629.42114764752,481,190421.8666200002,1202.4710693359375,158.35879255303857,6.314774089131005,26.482344300075592,5207.554527647328
adaptive_t0_i100ms,Adaptive 100 ms,8.0,5.0,13.0,76.97183760016941,95.15779557674024,9.51578075865873,197047.9042564337,483,193909.0760530873,1206.393310546875,160.73454184289668,6.221438083777964,26.354144541753744,3138.8282033464056
adaptive_t0_i100ms,Adaptive 100 ms,8.0,5.5,13.5,76.821329371968,95.05318429215863,9.505182878325357,196662.6031922381,488,196630.1603409998,1207.80859375,162.79910687711134,6.1425398405585145,26.27105550643059,32.442851238301955
adaptive_t0_i100ms,Adaptive 100 ms,8.0,6.0,14.0,76.51753088235026,95.20969762046899,9.520450703989454,195884.87905881664,490,197663.66564082267,1209.7086181640625,163.39774940250547,6.120035334982811,26.63292522939647,-1778.7865820060251
adaptive_t0_i100ms,Adaptive 100 ms,8.0,6.5,14.5,76.69403785095972,95.29371382603965,9.52920883054675,196336.73689845687,496,203499.75095134898,1235.4361572265625,164.71895351370216,6.070946777334977,26.867630776805548,-7163.014052892104
adaptive_t0_i100ms,Adaptive 100 ms,8.0,7.0,15.0,77.13204057849681,95.1347870180317,9.513853844048343,197458.02388095186,479,198507.3885832895,1207.96435546875,164.33215738908024,6.085236242790599,26.865672872004858,-1049.3647023376252
adaptive_t0_i100ms,Adaptive 100 ms,8.0,7.5,15.5,78.2815091467091,95.14999539744375,9.51500017895579,200400.66341557528,482,197761.16899877426,1222.8194580078125,161.7255660299697,6.183314268411266,26.55130701968959,2639.494416801026
adaptive_t0_i100ms,Adaptive 100 ms,8.0,8.0,16.0,77.29178972694325,95.09669876378992,9.509655751446713,197866.9817009747,472,193758.60102301702,1207.0311279296875,160.52494135371126,6.229561534593768,26.295735637648107,4108.38067795767
adaptive_t0_i100ms,Adaptive 100 ms,8.0,8.5,16.5,75.9756822233793,95.47184154757387,9.54716692644865,194497.746491851,476,198962.92196313493,1235.65234375,161.01852836641368,6.210465405101706,26.611908495715944,-4465.175471283932
adaptive_t0_i100ms,Adaptive 100 ms,8.0,9.0,17.0,74.5671632178712,95.40672098738142,9.540424515412385,190891.93783775027,474,195047.28926555108,1225.9749755859375,159.09565296985852,6.28552685967765,27.082563199443133,-4155.351427800808
adaptive_t0_i100ms,Adaptive 100 ms,8.0,9.5,17.5,74.67572674493331,95.48438012599945,9.54885474773407,191169.8604670293,476,191168.84657901915,1222.431396484375,156.38411049389524,6.394511544950323,27.576677343057607,1.0138880101440009
adaptive_t0_i100ms,Adaptive 100 ms,8.0,10.0,18.0,75.27391183723077,95.45309086955427,9.545312375897614,192701.2143033108,468,188725.34828915147,1202.3206787109375,156.96756417056093,6.370742932045503,27.251627588299435,3975.8660141593136
adaptive_t0_i100ms,Adaptive 100 ms,8.0,10.5,18.5,74.6974228909666,95.46115040779114,9.546356560075658,191225.4026008745,471,186630.7301925098,1236.0618896484375,150.98817604156665,6.623035168824761,28.307681292872864,4594.672408364713
adaptive_t0_i100ms,Adaptive 100 ms,8.0,11.0,19.0,73.70702561263681,95.52011966705322,9.552091406817436,188689.98556835024,473,183850.66937737627,1230.074462890625,149.46304059132703,6.690617265938504,28.477687217481996,4839.316190973972
adaptive_t0_i100ms,Adaptive 100 ms,8.0,11.5,19.5,72.66717721509902,95.53129251205726,9.553048218891995,186027.97367065347,468,183163.88830029356,1216.050537109375,150.62193774913754,6.639139125042401,28.86026346139717,2864.085370359913
adaptive_t0_i100ms,Adaptive 100 ms,8.0,12.0,20.0,71.26256463487307,95.51240223960214,9.551333193984817,182432.16546527506,471,182704.38759408257,1227.2962646484375,148.86738667490263,6.7173880212178725,28.73257090033345,-272.22212880750885
adaptive_t0_i100ms,Adaptive 100 ms,8.0,12.5,20.5,71.2749026077303,95.44847667217255,9.544840087099821,182463.75067578958,470,178474.50285269207,1220.3568115234375,146.24780323870417,6.837709544038828,28.834268684579452,3989.2478230975103
adaptive_t0_i100ms,Adaptive 100 ms,8.0,13.0,21.0,70.46241651243926,95.3435486850954,9.534318373753587,180383.78627184452,472,183662.22102803842,1220.15673828125,150.52346576944748,6.643482429056421,28.986342264261335,-3278.434756193892
adaptive_t0_i100ms,Adaptive 100 ms,8.0,13.5,21.5,71.72687649159855,94.63894869041337,9.464142723789896,183620.8038184923,463,177746.98064046784,1198.9140625,148.2566484121691,6.745060074607209,28.82440574579265,5873.823178024468
adaptive_t0_i100ms,Adaptive 100 ms,8.0,14.0,22.0,71.60033078246639,94.66639774800102,9.467084333479868,183296.84680311396,471,188149.50903357923,1224.6751708984375,153.63217406910465,6.509053237443572,28.15083220003943,-4852.66223046527
adaptive_t0_i100ms,Adaptive 100 ms,8.0,14.5,22.5,71.65573543541927,94.66325505224688,9.46627496488178,183438.68271467334,474,182606.16460870637,1210.9775390625,150.79236296164024,6.631635583921368,28.444228973050095,832.5181059669703
adaptive_t0_i100ms,Adaptive 100 ms,8.0,15.0,23.0,71.41578868973923,94.87019006697443,9.487020985678525,182824.41904573244,485,180838.7423170856,1220.2144775390625,148.20242313613792,6.747528001491619,28.18574977495142,1985.676728646853
adaptive_t0_i100ms,Adaptive 100 ms,8.0,15.5,23.5,70.6338691960268,94.77957644429036,9.477698425315669,180822.7051418286,483,177671.23347146585,1206.07373046875,147.31374126058822,6.788233001503006,28.638284104597663,3151.471670362749
adaptive_t0_i100ms,Adaptive 100 ms,8.0,16.0,24.0,70.30778192588076,94.76635071809618,9.476649609661903,179987.92173025475,490,185297.79267284047,1215.2703857421875,152.47453969651022,6.558472004509272,28.830223098452652,-5309.870942585723
adaptive_t0_i100ms,Adaptive 100 ms,8.0,16.5,24.5,71.6996083981274,94.73237204473732,9.473254793705918,183550.99749920613,488,185378.8291065971,1210.0792236328125,153.1956135483974,6.527602043149106,28.78228119607997,-1827.831607390981
adaptive_t0_i100ms,Adaptive 100 ms,8.0,17.0,25.0,73.79985048008437,94.13743342676875,9.412746036252729,188927.617229016,484,185086.1541806114,1195.412109375,154.8304159955184,6.458679281911541,28.062781834401566,3841.4630484046065
adaptive_t0_i100ms,Adaptive 100 ms,8.0,17.5,25.5,74.2544466814022,94.09045941947963,9.409037341189114,190091.38350438964,485,192429.6781399197,1200.4381103515625,160.2995410430317,6.238321042550924,27.36706445343148,-2338.2946355300664
adaptive_t0_i100ms,Adaptive 100 ms,8.0,18.0,26.0,73.64314271543985,94.0461862792036,9.40430221751234,188526.44535152602,494,194596.4518719747,1215.551025390625,160.0890853672226,6.246522039314148,28.23234348873801,-6070.006520448689
adaptive_t0_i100ms,Adaptive 100 ms,8.0,18.5,26.5,74.5550594349337,93.93201374417724,9.393227744706795,190860.95215343023,491,200974.44783488722,1202.144775390625,167.1799037429436,5.981580187637885,27.441596342852904,-10113.495681456989
adaptive_t0_i100ms,Adaptive 100 ms,8.0,19.0,27.0,76.71871846132565,93.81760125266548,9.381580984734832,196399.91926099366,488,201233.41284357695,1185.2177734375,169.78602359289422,5.8897663001859195,27.021372893192257,-4833.4935825832945
adaptive_t0_i100ms,Adaptive 100 ms,8.0,19.5,27.5,78.92435838273127,93.64050275589244,9.364454953250464,202046.35745979205,493,204687.93775738275,1196.7333984375,171.03887801964163,5.8466239464290854,26.51354877513943,-2641.580297590699
adaptive_t0_i100ms,Adaptive 100 ms,8.0,20.0,28.0,80.18229296228442,93.64776999260204,9.364910465047515,205266.66998344814,491,211454.55726876212,1204.1790771484375,175.60059071072567,5.694741663183483,26.41697638749981,-6187.8872853139765
adaptive_t0_i100ms,Adaptive 100 ms,8.0,20.5,28.5,81.57327817470892,93.72987447369621,9.372996549937325,208827.59212725481,482,214005.53584806586,1200.9241943359375,178.20070313963677,5.611650135950402,26.326965673833236,-5177.943720811047
adaptive_t0_i100ms,Adaptive 100 ms,8.0,21.0,29.0,81.62204631797698,93.63891190460555,9.363615805755106,208952.4385740211,479,207518.09286043418,1201.500244140625,172.71581414356,5.789857778563392,26.393753428413444,1434.3457135869248
adaptive_t0_i100ms,Adaptive 100 ms,8.0,21.5,29.5,79.69673034724451,94.50593843599725,9.450445566615654,204023.62968894595,487,205893.3189577053,1241.8223876953125,165.79932927431028,6.031387487373538,27.637374851932766,-1869.6892687593645
adaptive_t0_i100ms,Adaptive 100 ms,8.0,22.0,30.0,78.86398690085221,94.45782213861862,9.445857744254553,201891.80646618165,474,203592.96621293935,1212.5257568359375,167.90815788046538,5.955636775622926,27.717187466538117,-1701.1597467577085
adaptive_t0_i100ms,Adaptive 100 ms,8.0,22.5,30.5,79.64408139146911,94.3442627443925,9.434522203065667,203888.84836216093,471,210260.51333653234,1220.1392822265625,172.32500944715093,5.802988220967906,27.518055567221477,-6371.664974371408
adaptive_t0_i100ms,Adaptive 100 ms,8.0,23.0,31.0,79.97499653173922,94.34627399428415,9.434496654559998,204735.99112125242,464,210714.22726250152,1207.193603515625,174.5488268400804,5.7290559787960555,27.760218568452547,-5978.236141249101
adaptive_t0_i100ms,Adaptive 100 ms,8.0,23.5,31.5,81.47553247241191,94.23354997280204,9.423613379190279,208577.36312937448,462,211143.86933615044,1203.6513671875,175.41945707212352,5.70062190757352,27.50940791518762,-2566.5062067759573
adaptive_t0_i100ms,Adaptive 100 ms,8.0,24.0,32.0,82.86064573505422,94.38383187210546,9.438387310650663,212123.2530817388,462,207476.2109269368,1202.4925537109375,172.53845796105546,5.795809304298496,27.392838549598586,4647.0421548020095
