case,family,kind,num_ssu,pressure_ttl_ms,cir_write_threshold_gbps,min_interval_ms,mean_npu_utilization_pct,primary_slo_alpha,sensitivity_slo_alpha,equal_npu_slo_pct,request_weighted_slo_pct,alpha_1p5_equal_npu_slo_pct,alpha_1p5_request_weighted_slo_pct,measurement_request_count,measurement_requests_per_npu_min,measurement_requests_per_npu_median,measurement_requests_per_npu_max,measurement_cohort_fingerprint,input_simulator_fingerprint,all_invariants_passed,source_artifact
baseline,baseline,baseline,2,0.0,0.0,0.0,42.610825790417856,2.0,1.5,28.78844246031746,27.95275590551181,23.728918650793652,22.83464566929134,254,6,8.0,9,88c0c370711b3a8f9db274e26f18a67bbd49795b124f6e7eb40ca8d32c92dc21,9dd1c2569f8c16d868ea66b156ae907c2130767360c72ca254ae86847c7ff7f6,True,results/ms_scale_control/frozen32_ssu2_selected7_measure8_backing128.json
layer_once_ttl_0ms,ttl,layer_once,2,0.0,0.0,0.0,38.11814731227619,2.0,1.5,55.1110955017205,56.91056910569105,40.438138250638254,42.68292682926829,246,4,7.0,13,bd6f73a0ee438d4bc86abea79e6e9043bbe6a4d3cf5a274a61073635ee9027e0,9dd1c2569f8c16d868ea66b156ae907c2130767360c72ca254ae86847c7ff7f6,True,results/ms_scale_control/frozen32_ssu2_selected7_measure8_backing128.json
layer_once_ttl_2ms,ttl,layer_once,2,2.0,0.0,0.0,38.226280629066196,2.0,1.5,51.39593045843046,53.2520325203252,40.0525863025863,42.27642276422765,246,4,7.0,13,29466b0c1a3459c2ff97823d8714f6fdb004fe9ee94b3d89bca5b41230a6ce6f,9dd1c2569f8c16d868ea66b156ae907c2130767360c72ca254ae86847c7ff7f6,True,results/ms_scale_control/frozen32_ssu2_selected7_measure8_backing128.json
layer_once_ttl_5ms,ttl,layer_once,2,5.0,0.0,0.0,38.3821421374683,2.0,1.5,49.34365981240981,51.229508196721305,38.10459505772006,40.57377049180328,244,3,7.0,12,0fbf1e8179f1d4847627af1326a8864794c2d4da497f88f672ab2d6247b679e3,9dd1c2569f8c16d868ea66b156ae907c2130767360c72ca254ae86847c7ff7f6,True,results/ms_scale_control/frozen32_ssu2_selected7_measure8_backing128.json
adaptive_t0_i25ms,threshold_interval,adaptive,2,0.0,0.0,25.0,39.64190314194661,2.0,1.5,72.92092068202265,79.75206611570248,53.37701338318115,55.78512396694215,242,1,7.0,19,50e04dbba1635a21da00df8d530db0927042d4ce3efd428a56972a8a3159b006,9dd1c2569f8c16d868ea66b156ae907c2130767360c72ca254ae86847c7ff7f6,True,results/ms_scale_control/frozen32_ssu2_selected7_measure8_backing128.json
adaptive_t0_i100ms,interval,adaptive,2,0.0,0.0,100.0,36.13246144939586,2.0,1.5,64.42640692640693,73.06122448979592,44.34309613997114,49.38775510204081,245,1,7.0,18,61d0af52e1281693d295c13b9cc7f59910754ca67a74d0b6485235603d1cf123,9dd1c2569f8c16d868ea66b156ae907c2130767360c72ca254ae86847c7ff7f6,True,results/ms_scale_control/frozen32_ssu2_selected7_measure8_backing128.json
adaptive_t0_i200ms,interval,adaptive,2,0.0,0.0,200.0,38.9914208056732,2.0,1.5,58.73685699512905,62.24899598393574,42.6932860848302,43.373493975903614,249,1,7.5,17,3c9305cf01f449a238bc6c414d074eaf560430a7039d17c37198ac85dbab6b4e,9dd1c2569f8c16d868ea66b156ae907c2130767360c72ca254ae86847c7ff7f6,True,results/ms_scale_control/frozen32_ssu2_selected7_measure8_backing128.json
baseline,baseline,baseline,3,0.0,0.0,0.0,57.90995496872885,2.0,1.5,40.61619803807304,38.81019830028329,36.605521214896214,34.56090651558073,353,7,11.0,15,ead63a916697535f2c03f6cf5adc191aa76acc5b0d6367a077296d386cc09ae9,4c7858bcf0027470d24c710a68c0ce87299dd6bb3794de2fc84ea507a501916f,True,results/ms_scale_control/frozen32_ssu3_selected7_measure8_backing128.json
layer_once_ttl_0ms,ttl,layer_once,3,0.0,0.0,0.0,59.39289691990247,2.0,1.5,65.95650851395337,67.13483146067416,52.80994026398438,54.49438202247191,356,6,10.5,22,5727a237131931be03011dcb7bc6ba938129d70906344a7fb0169a7f554af8bc,4c7858bcf0027470d24c710a68c0ce87299dd6bb3794de2fc84ea507a501916f,True,results/ms_scale_control/frozen32_ssu3_selected7_measure8_backing128.json
layer_once_ttl_2ms,ttl,layer_once,3,2.0,0.0,0.0,59.51639443721201,2.0,1.5,64.63675749291559,65.4494382022472,51.682075073619195,52.80898876404494,356,6,10.0,22,0aa10e293676a7ab8f0e339634f8f8dc671096c436d22c372fb0f0cbf4a70925,4c7858bcf0027470d24c710a68c0ce87299dd6bb3794de2fc84ea507a501916f,True,results/ms_scale_control/frozen32_ssu3_selected7_measure8_backing128.json
layer_once_ttl_5ms,ttl,layer_once,3,5.0,0.0,0.0,59.29760229427783,2.0,1.5,64.83965687090686,65.84022038567493,51.38827318514818,52.892561983471076,363,7,11.0,22,f3844c3f52d4bde54e17d18aa97f88079c69420c552ccb4023d1a7eeaf07f48e,4c7858bcf0027470d24c710a68c0ce87299dd6bb3794de2fc84ea507a501916f,True,results/ms_scale_control/frozen32_ssu3_selected7_measure8_backing128.json
adaptive_t0_i25ms,threshold_interval,adaptive,3,0.0,0.0,25.0,59.891804194687424,2.0,1.5,82.24439967873114,80.81395348837209,16.175938851417758,15.406976744186046,344,3,10.0,20,d6d9e08f6f5001a5b312c9219f8ff67eb14547ded6e247f2742358aa47e9d9e1,4c7858bcf0027470d24c710a68c0ce87299dd6bb3794de2fc84ea507a501916f,True,results/ms_scale_control/frozen32_ssu3_selected7_measure8_backing128.json
adaptive_t0_i100ms,interval,adaptive,3,0.0,0.0,100.0,60.20182622109003,2.0,1.5,72.45579507298258,71.30681818181817,27.844729055666555,26.420454545454547,352,5,11.0,22,9b60d317bf16b635184c2c2ee7f9edaf065bba79a7fa1b2a81dbff934696f6eb,4c7858bcf0027470d24c710a68c0ce87299dd6bb3794de2fc84ea507a501916f,True,results/ms_scale_control/frozen32_ssu3_selected7_measure8_backing128.json
adaptive_t0_i200ms,interval,adaptive,3,0.0,0.0,200.0,60.80121656922985,2.0,1.5,69.28373352546147,68.16901408450704,34.891756017675135,33.23943661971831,355,5,11.0,21,99296f8c1a2f650ef46b4b8714dc4c9666334d11cc6801eabe9230e1c4cb5d7e,4c7858bcf0027470d24c710a68c0ce87299dd6bb3794de2fc84ea507a501916f,True,results/ms_scale_control/frozen32_ssu3_selected7_measure8_backing128.json
baseline,baseline,baseline,4,0.0,0.0,0.0,78.63877341361004,2.0,1.5,56.39746542211229,54.35244161358811,51.66832368107039,49.469214437367306,471,8,14.0,22,86fc2d99dbaef188e3d33ecc6a880e44d483abc61dea0ba5632cb54a6ced4192,a97bf59f0850daa06469a7ecc458ed2110a4ae96f2aecb33da25b374fe36fc9d,True,results/ms_scale_control/frozen32_ssu4_selected7_measure8_backing128.json
layer_once_ttl_0ms,ttl,layer_once,4,0.0,0.0,0.0,78.43532559471463,2.0,1.5,77.77853401704505,77.41935483870968,64.91241065919374,64.08602150537635,465,5,13.0,24,4433d1a9719e36d00820f00d3d4758d49de38648fe0b89f404af0f963cd1256d,a97bf59f0850daa06469a7ecc458ed2110a4ae96f2aecb33da25b374fe36fc9d,True,results/ms_scale_control/frozen32_ssu4_selected7_measure8_backing128.json
layer_once_ttl_2ms,ttl,layer_once,4,2.0,0.0,0.0,78.44016028151682,2.0,1.5,77.11440829657342,76.49572649572649,65.01169008731749,64.1025641025641,468,5,13.0,24,6fc81d00ae71f81789edeade856b0656572010162ef9d5d455e2b0b47783aa11,a97bf59f0850daa06469a7ecc458ed2110a4ae96f2aecb33da25b374fe36fc9d,True,results/ms_scale_control/frozen32_ssu4_selected7_measure8_backing128.json
layer_once_ttl_5ms,ttl,layer_once,4,5.0,0.0,0.0,77.87895255141859,2.0,1.5,76.66035640983375,76.21052631578948,60.736859828636995,60.421052631578945,475,5,13.5,24,4bc7d98636ee41cbef8ab0e2c204043b0c212a1bb8eb7e0989db907184846c5c,a97bf59f0850daa06469a7ecc458ed2110a4ae96f2aecb33da25b374fe36fc9d,True,results/ms_scale_control/frozen32_ssu4_selected7_measure8_backing128.json
adaptive_t0_i25ms,threshold_interval,adaptive,4,0.0,0.0,25.0,78.57689051166476,2.0,1.5,89.24435108034642,87.99126637554585,56.025054727395215,54.58515283842795,458,4,14.0,24,e1fd2732c130fa95e3206a2b1c0f2c2afaa5d4c1111bec7c01f2835047002853,a97bf59f0850daa06469a7ecc458ed2110a4ae96f2aecb33da25b374fe36fc9d,True,results/ms_scale_control/frozen32_ssu4_selected7_measure8_backing128.json
adaptive_t0_i100ms,interval,adaptive,4,0.0,0.0,100.0,78.18647786723191,2.0,1.5,81.20518730607571,79.05982905982906,57.02411750291575,54.059829059829056,468,4,14.0,25,90023a2301cf6a562ceabfa1be08d8ea00de345c9752fcacbab86bc2444d8f04,a97bf59f0850daa06469a7ecc458ed2110a4ae96f2aecb33da25b374fe36fc9d,True,results/ms_scale_control/frozen32_ssu4_selected7_measure8_backing128.json
adaptive_t0_i200ms,interval,adaptive,4,0.0,0.0,200.0,79.77242318287254,2.0,1.5,75.26498209661425,73.72881355932203,57.84156960117196,56.567796610169495,472,7,14.0,25,9b161c7a7b0a4d0a501eed1ceab2b7ae347fdcf5e3cf62788396fe88d955811a,a97bf59f0850daa06469a7ecc458ed2110a4ae96f2aecb33da25b374fe36fc9d,True,results/ms_scale_control/frozen32_ssu4_selected7_measure8_backing128.json
baseline,baseline,baseline,5,0.0,0.0,0.0,93.15406023512809,2.0,1.5,78.14991225788334,75.82417582417582,71.53235605096134,68.86446886446886,546,7,17.0,26,35b053774f356f2e23bcaaf656713e23195e4eb4cb5d44a74957b85466830779,f3cf060f79ebca9284c143be891d4cc6cbf34988a576c6501c4a4511f84af6a0,True,results/ms_scale_control/remote_aux_ssu5.json
layer_once_ttl_0ms,ttl,layer_once,5,0.0,0.0,0.0,92.58626577863402,2.0,1.5,88.05193213835865,87.66114180478822,79.95493365470398,79.00552486187846,543,9,17.5,25,3689eda19c48520d7e6d049cd6439a5acc6711630277d8fcde2eadd2b4f3d901,f3cf060f79ebca9284c143be891d4cc6cbf34988a576c6501c4a4511f84af6a0,True,results/ms_scale_control/remote_aux_ssu5.json
layer_once_ttl_2ms,ttl,layer_once,5,2.0,0.0,0.0,92.54898857618385,2.0,1.5,88.1113227507142,88.13868613138686,78.25651915701258,77.91970802919708,548,9,18.0,25,6fdc9e506ba6348fb153ffc4f57f3dc45daa10296716b3f0787cf72d2e7a54e4,f3cf060f79ebca9284c143be891d4cc6cbf34988a576c6501c4a4511f84af6a0,True,results/ms_scale_control/frozen32_ssu5_ttl2_measure8_backing128.json
layer_once_ttl_5ms,ttl,layer_once,5,5.0,0.0,0.0,92.51781229960436,2.0,1.5,87.87903676978691,87.5,77.88275989123386,76.83823529411765,544,9,18.0,25,ecd0b0f25914fafc004258413c21c1ae15222e7154b8884cb3c72b8e38ac45d4,f3cf060f79ebca9284c143be891d4cc6cbf34988a576c6501c4a4511f84af6a0,True,results/ms_scale_control/remote_aux_ssu5.json
adaptive_t0_i25ms,threshold_interval,adaptive,5,0.0,0.0,25.0,91.6713621653698,2.0,1.5,92.5693838889224,92.05776173285199,76.44086141631131,75.27075812274369,554,9,16.5,28,363b87bbc6321ac279c2b48bedf492020bf7c02c8e53b325baf3d801b28a9c95,f3cf060f79ebca9284c143be891d4cc6cbf34988a576c6501c4a4511f84af6a0,True,results/ms_scale_control/remote_aux_ssu5.json
adaptive_t0_i100ms,interval,adaptive,5,0.0,0.0,100.0,92.09786755110328,2.0,1.5,86.13630086650397,85.4054054054054,76.81794338751608,75.31531531531532,555,7,17.0,29,94a65f8ced39e3db23d2cdd6a1f75ce793a09629d70c623118e13cda47c57031,f3cf060f79ebca9284c143be891d4cc6cbf34988a576c6501c4a4511f84af6a0,True,results/ms_scale_control/remote_aux_ssu5.json
adaptive_t0_i200ms,interval,adaptive,5,0.0,0.0,200.0,92.76598689487032,2.0,1.5,82.99815076779086,81.86813186813187,75.14274183902184,73.80952380952381,546,6,17.0,26,f37046adf5f2a988bc2f9dd272148efb05ae8db1090ae11f19e162c04f1e18cc,f3cf060f79ebca9284c143be891d4cc6cbf34988a576c6501c4a4511f84af6a0,True,results/ms_scale_control/remote_aux_ssu5.json
baseline,baseline,baseline,6,0.0,0.0,0.0,97.11210077113167,2.0,1.5,87.73418504963905,86.86868686868688,83.42779702515725,81.98653198653199,594,8,17.0,30,60e27ca6bb3d042e1f95b8b52225fe5a3d891d71aaea2a9cc0c3acca3652d7dd,,True,results/ms_scale_control/final_measure8_backing128_analysis/summary.csv
layer_once_ttl_0ms,ttl,layer_once,6,0.0,0.0,0.0,96.91402539529199,2.0,1.5,92.79869746407525,92.29480737018424,86.32513790018861,85.09212730318258,597,8,17.0,30,8e9d15de6f77600dced5e5e295ed6b9676c3bfdcabab063fc2ab2bfe50f364d4,,True,results/ms_scale_control/final_measure8_backing128_analysis/summary.csv
layer_once_ttl_2ms,ttl,layer_once,6,2.0,0.0,0.0,96.91153378809543,2.0,1.5,93.43676512558041,92.79731993299832,86.75043288033439,85.42713567839196,597,8,17.0,30,0f5a9b4a5381a4abca66cd8e7a916b744cac1430d526c9b8873a0a6a17d12aa4,,True,results/ms_scale_control/final_measure8_backing128_analysis/summary.csv
layer_once_ttl_5ms,ttl,layer_once,6,5.0,0.0,0.0,96.74926946778646,2.0,1.5,92.13473584185385,91.47157190635451,86.55371005579332,85.61872909698997,598,8,17.5,30,0264131b93fb759d7e56f85162c8c965cb59ef9c2bc76813763e4060c5383a6b,,True,results/ms_scale_control/final_measure8_backing128_analysis/summary.csv
adaptive_t0_i25ms,threshold_interval,adaptive,6,0.0,0.0,25.0,97.15814659078426,2.0,1.5,94.99040588700515,94.7107438016529,88.04885356677636,86.94214876033057,605,8,18.0,33,a47e5cad2c430539e104bb48f73a81a4b024a6c38300ef94a869b6eceb55ed5b,,True,results/ms_scale_control/final_measure8_backing128_analysis/summary.csv
adaptive_t0_i100ms,interval,adaptive,6,0.0,0.0,100.0,97.12659929792676,2.0,1.5,91.67756012841572,91.19601328903654,85.087155304799,84.0531561461794,602,9,17.0,30,28a73c41fba5f5b82ecc54a6a458f79f3cf8fa18f8797b1ae0778e19874ab55e,,True,results/ms_scale_control/final_measure8_backing128_analysis/summary.csv
adaptive_t0_i200ms,interval,adaptive,6,0.0,0.0,200.0,97.2345588515895,2.0,1.5,91.12945999323372,90.13377926421404,85.08933792743828,83.61204013377926,598,9,18.0,31,14fe4ea89287f0b91f16a47d5ab9988051a085fb8cafba63f0cd1288655940e2,,True,results/ms_scale_control/final_measure8_backing128_analysis/summary.csv
baseline,baseline,baseline,10,0.0,0.0,0.0,98.86865465632174,2.0,1.5,95.52086225826145,95.03205128205127,89.22763569908375,88.14102564102564,624,8,19.0,33,1008191b63c52fc62e3c7530e3ff591132f8fb1ba943826207e528ac0786a967,,True,results/ms_scale_control/final_measure8_backing128_analysis/summary.csv
layer_once_ttl_0ms,ttl,layer_once,10,0.0,0.0,0.0,98.97279963755526,2.0,1.5,97.23437152638151,96.8,89.2156051571619,88.16000000000001,625,8,19.0,33,1ff5e22dd11324312a897020da8e7005231c327e75f3bc44770156d8c24311ce,,True,results/ms_scale_control/final_measure8_backing128_analysis/summary.csv
layer_once_ttl_2ms,ttl,layer_once,10,2.0,0.0,0.0,98.98334000470686,2.0,1.5,97.22682744003308,96.7948717948718,89.34737013131819,88.30128205128204,624,8,19.0,33,72acc55d3cc5f72eb12cd49ff8ef81006cb4e82d63301bcf06c166bd6ba6f797,,True,results/ms_scale_control/final_measure8_backing128_analysis/summary.csv
layer_once_ttl_5ms,ttl,layer_once,10,5.0,0.0,0.0,98.97863728299626,2.0,1.5,97.2220197477254,96.78972712680579,89.3329470543951,88.28250401284109,623,8,19.0,33,43b51637d565f1e512e23982410886a3aae2b8b82a8f977558a84d027b65b8a6,,True,results/ms_scale_control/final_measure8_backing128_analysis/summary.csv
adaptive_t0_i25ms,threshold_interval,adaptive,10,0.0,0.0,25.0,98.9854976102159,2.0,1.5,97.22415910808087,96.8,89.24259511981364,88.16000000000001,625,8,19.0,33,91bbf61f487e89bc658a7144b8c3637bd23b5aaeef97113c9a6e7aca0d71d475,,True,results/ms_scale_control/final_measure8_backing128_analysis/summary.csv
adaptive_t0_i100ms,interval,adaptive,10,0.0,0.0,100.0,98.9768112341896,2.0,1.5,97.01582577474753,96.64536741214057,89.07919642700318,88.01916932907349,626,8,19.0,33,67ba1b287d411a7c4f7948e20331680334e763537800e0f21f2c0c9d5c92c265,,True,results/ms_scale_control/final_measure8_backing128_analysis/summary.csv
adaptive_t0_i200ms,interval,adaptive,10,0.0,0.0,200.0,98.97449927867923,2.0,1.5,97.23360971291956,96.80511182108627,89.26149632949105,88.17891373801918,626,8,19.0,33,809897b00b21c05be5531edec8bf1febb6060776018113c4a075856c202c5c03,,True,results/ms_scale_control/final_measure8_backing128_analysis/summary.csv
baseline,baseline,baseline,18,0.0,0.0,0.0,98.96155487857223,2.0,1.5,96.78506001759679,96.3258785942492,89.37883822672426,88.33865814696486,626,8,19.0,33,a4015c9b93c95ef74eb21341b6bc5989989b4ec365750adf83ebe92b32aa0abf,,True,results/ms_scale_control/final_measure8_backing128_analysis/summary.csv
layer_once_ttl_0ms,ttl,layer_once,18,0.0,0.0,0.0,98.97862623782846,2.0,1.5,97.23360971291956,96.80511182108627,89.23917490091962,88.17891373801918,626,8,19.0,33,8e2b7d88a3972d5121e1c307a1e56b400aca08864c0ba5ead4f030015aa796ec,,True,results/ms_scale_control/final_measure8_backing128_analysis/summary.csv
layer_once_ttl_2ms,ttl,layer_once,18,2.0,0.0,0.0,98.9784360161901,2.0,1.5,97.23360971291956,96.81020733652312,89.26149632949105,88.19776714513556,627,8,19.0,33,0668f324afc74e465b6096abcbd4900a3b3930125156838f2334c7158fe8c4d2,,True,results/ms_scale_control/final_measure8_backing128_analysis/summary.csv
layer_once_ttl_5ms,ttl,layer_once,18,5.0,0.0,0.0,98.97833738386642,2.0,1.5,97.22125793426343,96.8,89.35651679815282,88.32,625,8,19.0,33,fa4cfd9c0b988303338125762c9910955d01c7dc43d0648126339bb6dc5a4025,,True,results/ms_scale_control/final_measure8_backing128_analysis/summary.csv
adaptive_t0_i25ms,threshold_interval,adaptive,18,0.0,0.0,25.0,98.97893598497475,2.0,1.5,97.23360971291956,96.81020733652312,89.26149632949105,88.19776714513556,627,8,19.0,33,0668f324afc74e465b6096abcbd4900a3b3930125156838f2334c7158fe8c4d2,,True,results/ms_scale_control/final_measure8_backing128_analysis/summary.csv
adaptive_t0_i100ms,interval,adaptive,18,0.0,0.0,100.0,98.97884198734518,2.0,1.5,97.23360971291956,96.81020733652312,89.26149632949105,88.19776714513556,627,8,19.0,33,0668f324afc74e465b6096abcbd4900a3b3930125156838f2334c7158fe8c4d2,,True,results/ms_scale_control/final_measure8_backing128_analysis/summary.csv
adaptive_t0_i200ms,interval,adaptive,18,0.0,0.0,200.0,98.97876946287688,2.0,1.5,97.23360971291956,96.81020733652312,89.26149632949105,88.19776714513556,627,8,19.0,33,0668f324afc74e465b6096abcbd4900a3b3930125156838f2334c7158fe8c4d2,,True,results/ms_scale_control/final_measure8_backing128_analysis/summary.csv
