num_ssu,case,npu_id,sequence,selected_request_id,block,relative_start_s,relative_end_s,ssu_id,active_request_id_at_left_boundary,controller_request_id_at_left_boundary,left_boundary_ssd_command_request_id,active_request_matches_selected,controller_request_matches_selected,left_boundary_ssd_command_request_matches_selected,selected_request_manifest_demand_gbps_if_controller_match,installed_cir_gbps_npu_ssu_not_request_attributed,interval_average_attributed_ssd_service_gbps_npu_aggregate_not_request_attributed,npu_link_delivered_gbps_npu_aggregate_not_request_attributed,deadline_slack_alpha1p5_ms_if_active_request_matches_diagnostic_only,deadline_slack_alpha2_ms_if_active_request_matches_diagnostic_only,boundary_state_time_semantics,interval_bandwidth_time_semantics
3,baseline,13,46,1485,48,24.0,24.5,0,1421,1421,,False,False,False,,,1.410919189453125,1.410919189453125,,,demand/CIR/slack are left-boundary state at relative_start_s,"SSD/link are NPU-aggregate interval averages over [relative_start_s,relative_end_s); not request-attributed"
3,baseline,13,46,1485,48,24.0,24.5,1,1421,1421,,False,False,False,,,1.744598388671875,1.744598388671875,,,demand/CIR/slack are left-boundary state at relative_start_s,"SSD/link are NPU-aggregate interval averages over [relative_start_s,relative_end_s); not request-attributed"
3,baseline,13,46,1485,48,24.0,24.5,2,1421,1421,,False,False,False,,,1.56365966796875,1.56365966796875,,,demand/CIR/slack are left-boundary state at relative_start_s,"SSD/link are NPU-aggregate interval averages over [relative_start_s,relative_end_s); not request-attributed"
3,baseline,13,46,1485,49,24.5,25.0,0,1453,1453,,False,False,False,,,1.345794677734375,1.345794677734375,,,demand/CIR/slack are left-boundary state at relative_start_s,"SSD/link are NPU-aggregate interval averages over [relative_start_s,relative_end_s); not request-attributed"
3,baseline,13,46,1485,49,24.5,25.0,1,1453,1453,,False,False,False,,,1.431396484375,1.431396484375,,,demand/CIR/slack are left-boundary state at relative_start_s,"SSD/link are NPU-aggregate interval averages over [relative_start_s,relative_end_s); not request-attributed"
3,baseline,13,46,1485,49,24.5,25.0,2,1453,1453,,False,False,False,,,1.511962890625,1.511962890625,,,demand/CIR/slack are left-boundary state at relative_start_s,"SSD/link are NPU-aggregate interval averages over [relative_start_s,relative_end_s); not request-attributed"
3,baseline,13,46,1485,50,25.0,25.5,0,1485,1485,,True,True,False,8.87480748555908,,1.83154296875,1.83154296875,-133.4181845299841,-79.85738361701024,demand/CIR/slack are left-boundary state at relative_start_s,"SSD/link are NPU-aggregate interval averages over [relative_start_s,relative_end_s); not request-attributed"
3,baseline,13,46,1485,50,25.0,25.5,1,1485,1485,,True,True,False,10.10324129005737,,2.0316162109375,2.0316162109375,-133.4181845299841,-79.85738361701024,demand/CIR/slack are left-boundary state at relative_start_s,"SSD/link are NPU-aggregate interval averages over [relative_start_s,relative_end_s); not request-attributed"
3,baseline,13,46,1485,50,25.0,25.5,2,1485,1485,,True,True,False,9.852540513629148,,2.015838623046875,2.015838623046875,-133.4181845299841,-79.85738361701024,demand/CIR/slack are left-boundary state at relative_start_s,"SSD/link are NPU-aggregate interval averages over [relative_start_s,relative_end_s); not request-attributed"
3,baseline,13,46,1485,51,25.5,26.0,0,1517,1517,,False,False,False,,,1.6717529296875,1.6717529296875,,,demand/CIR/slack are left-boundary state at relative_start_s,"SSD/link are NPU-aggregate interval averages over [relative_start_s,relative_end_s); not request-attributed"
3,baseline,13,46,1485,51,25.5,26.0,1,1517,1517,,False,False,False,,,1.978240966796875,1.978240966796875,,,demand/CIR/slack are left-boundary state at relative_start_s,"SSD/link are NPU-aggregate interval averages over [relative_start_s,relative_end_s); not request-attributed"
3,baseline,13,46,1485,51,25.5,26.0,2,1517,1517,,False,False,False,,,1.856048583984375,1.856048583984375,,,demand/CIR/slack are left-boundary state at relative_start_s,"SSD/link are NPU-aggregate interval averages over [relative_start_s,relative_end_s); not request-attributed"
3,layer_once_ttl_5ms,13,46,1485,56,28.0,28.5,0,1389,1389,,False,False,False,,,1.11114501953125,1.11114501953125,,,demand/CIR/slack are left-boundary state at relative_start_s,"SSD/link are NPU-aggregate interval averages over [relative_start_s,relative_end_s); not request-attributed"
3,layer_once_ttl_5ms,13,46,1485,56,28.0,28.5,1,1389,1389,,False,False,False,,,1.0685450399154774,1.0682176158123156,,,demand/CIR/slack are left-boundary state at relative_start_s,"SSD/link are NPU-aggregate interval averages over [relative_start_s,relative_end_s); not request-attributed"
3,layer_once_ttl_5ms,13,46,1485,56,28.0,28.5,2,1389,1389,,False,False,False,,,1.132965087890625,1.132965087890625,,,demand/CIR/slack are left-boundary state at relative_start_s,"SSD/link are NPU-aggregate interval averages over [relative_start_s,relative_end_s); not request-attributed"
3,layer_once_ttl_5ms,13,46,1485,57,28.5,29.0,0,1421,1421,,False,False,False,,,3.2320556640625,3.2320556640625,,,demand/CIR/slack are left-boundary state at relative_start_s,"SSD/link are NPU-aggregate interval averages over [relative_start_s,relative_end_s); not request-attributed"
3,layer_once_ttl_5ms,13,46,1485,57,28.5,29.0,1,1421,1421,1421,False,False,False,,,3.8443272745376476,3.8446546986408094,,,demand/CIR/slack are left-boundary state at relative_start_s,"SSD/link are NPU-aggregate interval averages over [relative_start_s,relative_end_s); not request-attributed"
3,layer_once_ttl_5ms,13,46,1485,57,28.5,29.0,2,1421,1421,,False,False,False,,,3.658721923828125,3.658721923828125,,,demand/CIR/slack are left-boundary state at relative_start_s,"SSD/link are NPU-aggregate interval averages over [relative_start_s,relative_end_s); not request-attributed"
3,layer_once_ttl_5ms,13,46,1485,58,29.0,29.5,0,1485,1485,,True,True,False,8.87480748555908,,4.512725830078125,4.512725830078125,55.01580934720408,108.57661026017794,demand/CIR/slack are left-boundary state at relative_start_s,"SSD/link are NPU-aggregate interval averages over [relative_start_s,relative_end_s); not request-attributed"
3,layer_once_ttl_5ms,13,46,1485,58,29.0,29.5,1,1485,1485,,True,True,False,10.10324129005737,,5.114288330078125,5.114288330078125,55.01580934720408,108.57661026017794,demand/CIR/slack are left-boundary state at relative_start_s,"SSD/link are NPU-aggregate interval averages over [relative_start_s,relative_end_s); not request-attributed"
3,layer_once_ttl_5ms,13,46,1485,58,29.0,29.5,2,1485,1485,,True,True,False,9.85254051362915,,5.08575439453125,5.08575439453125,55.01580934720408,108.57661026017794,demand/CIR/slack are left-boundary state at relative_start_s,"SSD/link are NPU-aggregate interval averages over [relative_start_s,relative_end_s); not request-attributed"
3,layer_once_ttl_5ms,13,46,1485,59,29.5,30.0,0,1581,1581,,False,False,False,,,0.6297607421875,0.6297607421875,,,demand/CIR/slack are left-boundary state at relative_start_s,"SSD/link are NPU-aggregate interval averages over [relative_start_s,relative_end_s); not request-attributed"
3,layer_once_ttl_5ms,13,46,1485,59,29.5,30.0,1,1581,1581,,False,False,False,,,0.587127685546875,0.587127685546875,,,demand/CIR/slack are left-boundary state at relative_start_s,"SSD/link are NPU-aggregate interval averages over [relative_start_s,relative_end_s); not request-attributed"
3,layer_once_ttl_5ms,13,46,1485,59,29.5,30.0,2,1581,1581,,False,False,False,,,0.69287109375,0.69287109375,,,demand/CIR/slack are left-boundary state at relative_start_s,"SSD/link are NPU-aggregate interval averages over [relative_start_s,relative_end_s); not request-attributed"
3,adaptive_t0_i100ms,13,46,1485,52,26.0,26.5,0,1389,1389,,False,False,False,,0.4907765040435791,2.082977294921875,2.082977294921875,,,demand/CIR/slack are left-boundary state at relative_start_s,"SSD/link are NPU-aggregate interval averages over [relative_start_s,relative_end_s); not request-attributed"
3,adaptive_t0_i100ms,13,46,1485,52,26.0,26.5,1,1389,1389,,False,False,False,,0.415305532791971,2.25518798828125,2.25518798828125,,,demand/CIR/slack are left-boundary state at relative_start_s,"SSD/link are NPU-aggregate interval averages over [relative_start_s,relative_end_s); not request-attributed"
3,adaptive_t0_i100ms,13,46,1485,52,26.0,26.5,2,1389,1389,,False,False,False,,0.4671762115834622,2.255859375,2.255859375,,,demand/CIR/slack are left-boundary state at relative_start_s,"SSD/link are NPU-aggregate interval averages over [relative_start_s,relative_end_s); not request-attributed"
3,adaptive_t0_i100ms,13,46,1485,53,26.5,27.0,0,1421,1421,,False,False,False,,5.550329051827908,2.3658248303644314,2.365631103515625,,,demand/CIR/slack are left-boundary state at relative_start_s,"SSD/link are NPU-aggregate interval averages over [relative_start_s,relative_end_s); not request-attributed"
3,adaptive_t0_i100ms,13,46,1485,53,26.5,27.0,1,1421,1421,,False,False,False,,5.5410055209275075,2.736907958984375,2.7367465383053116,,,demand/CIR/slack are left-boundary state at relative_start_s,"SSD/link are NPU-aggregate interval averages over [relative_start_s,relative_end_s); not request-attributed"
3,adaptive_t0_i100ms,13,46,1485,53,26.5,27.0,2,1421,1421,,False,False,False,,5.6528792153003975,2.61370849609375,2.61370849609375,,,demand/CIR/slack are left-boundary state at relative_start_s,"SSD/link are NPU-aggregate interval averages over [relative_start_s,relative_end_s); not request-attributed"
3,adaptive_t0_i100ms,13,46,1485,54,27.0,27.5,0,1485,1485,1485,True,True,True,8.87480748555908,5.2018330941021595,0.6171463610418186,0.617340087890625,-59.70835667727221,-6.147555764298346,demand/CIR/slack are left-boundary state at relative_start_s,"SSD/link are NPU-aggregate interval averages over [relative_start_s,relative_end_s); not request-attributed"
3,adaptive_t0_i100ms,13,46,1485,54,27.0,27.5,1,1485,1485,,True,True,False,10.10324129005737,5.647880971108293,0.6198577880859375,0.6200192087650009,-59.70835667727221,-6.147555764298346,demand/CIR/slack are left-boundary state at relative_start_s,"SSD/link are NPU-aggregate interval averages over [relative_start_s,relative_end_s); not request-attributed"
3,adaptive_t0_i100ms,13,46,1485,54,27.0,27.5,2,1485,1485,,True,True,False,9.85254051362915,5.517691146758242,0.663665771484375,0.663665771484375,-59.70835667727221,-6.147555764298346,demand/CIR/slack are left-boundary state at relative_start_s,"SSD/link are NPU-aggregate interval averages over [relative_start_s,relative_end_s); not request-attributed"
3,adaptive_t0_i100ms,13,46,1485,55,27.5,28.0,0,1517,1517,,False,False,False,,0.1611571683292079,0.35784912109375,0.35784912109375,,,demand/CIR/slack are left-boundary state at relative_start_s,"SSD/link are NPU-aggregate interval averages over [relative_start_s,relative_end_s); not request-attributed"
3,adaptive_t0_i100ms,13,46,1485,55,27.5,28.0,1,1517,1517,,False,False,False,,0.1823175108094085,0.3853759765625,0.3853759765625,,,demand/CIR/slack are left-boundary state at relative_start_s,"SSD/link are NPU-aggregate interval averages over [relative_start_s,relative_end_s); not request-attributed"
3,adaptive_t0_i100ms,13,46,1485,55,27.5,28.0,2,1517,1517,,False,False,False,,0.17639261491495234,0.454864501953125,0.454864501953125,,,demand/CIR/slack are left-boundary state at relative_start_s,"SSD/link are NPU-aggregate interval averages over [relative_start_s,relative_end_s); not request-attributed"
4,baseline,16,114,3664,112,56.0,56.5,0,3600,3600,3600,False,False,False,,,1.752178408349863,1.752478869812336,,,demand/CIR/slack are left-boundary state at relative_start_s,"SSD/link are NPU-aggregate interval averages over [relative_start_s,relative_end_s); not request-attributed"
4,baseline,16,114,3664,112,56.0,56.5,1,3600,3600,,False,False,False,,,1.7200927734375,1.7200927734375,,,demand/CIR/slack are left-boundary state at relative_start_s,"SSD/link are NPU-aggregate interval averages over [relative_start_s,relative_end_s); not request-attributed"
4,baseline,16,114,3664,112,56.0,56.5,2,3600,3600,,False,False,False,,,1.541839599609375,1.541839599609375,,,demand/CIR/slack are left-boundary state at relative_start_s,"SSD/link are NPU-aggregate interval averages over [relative_start_s,relative_end_s); not request-attributed"
4,baseline,16,114,3664,112,56.0,56.5,3,3600,3600,,False,False,False,,,1.58111572265625,1.58111572265625,,,demand/CIR/slack are left-boundary state at relative_start_s,"SSD/link are NPU-aggregate interval averages over [relative_start_s,relative_end_s); not request-attributed"
4,baseline,16,114,3664,113,56.5,57.0,0,3632,3632,,False,False,False,,,2.083648681640625,2.083648681640625,,,demand/CIR/slack are left-boundary state at relative_start_s,"SSD/link are NPU-aggregate interval averages over [relative_start_s,relative_end_s); not request-attributed"
4,baseline,16,114,3664,113,56.5,57.0,1,3632,3632,,False,False,False,,,2.00946044921875,2.00946044921875,,,demand/CIR/slack are left-boundary state at relative_start_s,"SSD/link are NPU-aggregate interval averages over [relative_start_s,relative_end_s); not request-attributed"
4,baseline,16,114,3664,113,56.5,57.0,2,3632,3632,,False,False,False,,,1.7753143310546875,1.7753143310546875,,,demand/CIR/slack are left-boundary state at relative_start_s,"SSD/link are NPU-aggregate interval averages over [relative_start_s,relative_end_s); not request-attributed"
4,baseline,16,114,3664,113,56.5,57.0,3,3632,3632,,False,False,False,,,1.65899658203125,1.65899658203125,,,demand/CIR/slack are left-boundary state at relative_start_s,"SSD/link are NPU-aggregate interval averages over [relative_start_s,relative_end_s); not request-attributed"
4,baseline,16,114,3664,114,57.0,57.5,0,3664,3664,,True,True,False,27.246792358081056,,1.1668701171875,1.1668701171875,-317.1033587312029,-301.43171755181993,demand/CIR/slack are left-boundary state at relative_start_s,"SSD/link are NPU-aggregate interval averages over [relative_start_s,relative_end_s); not request-attributed"
4,baseline,16,114,3664,114,57.0,57.5,1,3664,3664,,True,True,False,26.561338462280272,,1.10845947265625,1.10845947265625,-317.1033587312029,-301.43171755181993,demand/CIR/slack are left-boundary state at relative_start_s,"SSD/link are NPU-aggregate interval averages over [relative_start_s,relative_end_s); not request-attributed"
4,baseline,16,114,3664,114,57.0,57.5,2,3664,3664,,True,True,False,23.433955062689208,,1.0790863037109375,1.0790863037109375,-317.1033587312029,-301.43171755181993,demand/CIR/slack are left-boundary state at relative_start_s,"SSD/link are NPU-aggregate interval averages over [relative_start_s,relative_end_s); not request-attributed"
4,baseline,16,114,3664,114,57.0,57.5,3,3664,3664,,True,True,False,21.420434243774412,,1.026214599609375,1.026214599609375,-317.1033587312029,-301.43171755181993,demand/CIR/slack are left-boundary state at relative_start_s,"SSD/link are NPU-aggregate interval averages over [relative_start_s,relative_end_s); not request-attributed"
4,baseline,16,114,3664,115,57.5,58.0,0,3728,3728,,False,False,False,,,1.67779541015625,1.67779541015625,,,demand/CIR/slack are left-boundary state at relative_start_s,"SSD/link are NPU-aggregate interval averages over [relative_start_s,relative_end_s); not request-attributed"
4,baseline,16,114,3664,115,57.5,58.0,1,3728,3728,,False,False,False,,,1.56298828125,1.56298828125,,,demand/CIR/slack are left-boundary state at relative_start_s,"SSD/link are NPU-aggregate interval averages over [relative_start_s,relative_end_s); not request-attributed"
4,baseline,16,114,3664,115,57.5,58.0,2,3728,3728,,False,False,False,,,1.442474365234375,1.442474365234375,,,demand/CIR/slack are left-boundary state at relative_start_s,"SSD/link are NPU-aggregate interval averages over [relative_start_s,relative_end_s); not request-attributed"
4,baseline,16,114,3664,115,57.5,58.0,3,3728,3728,,False,False,False,,,1.435760498046875,1.435760498046875,,,demand/CIR/slack are left-boundary state at relative_start_s,"SSD/link are NPU-aggregate interval averages over [relative_start_s,relative_end_s); not request-attributed"
4,layer_once_ttl_5ms,16,114,3664,117,58.5,59.0,0,3536,3536,,False,False,False,,,0.684478759765625,0.684478759765625,,,demand/CIR/slack are left-boundary state at relative_start_s,"SSD/link are NPU-aggregate interval averages over [relative_start_s,relative_end_s); not request-attributed"
4,layer_once_ttl_5ms,16,114,3664,117,58.5,59.0,1,3536,3536,,False,False,False,,,0.55523681640625,0.55523681640625,,,demand/CIR/slack are left-boundary state at relative_start_s,"SSD/link are NPU-aggregate interval averages over [relative_start_s,relative_end_s); not request-attributed"
4,layer_once_ttl_5ms,16,114,3664,117,58.5,59.0,2,3536,3536,,False,False,False,,,0.562957763671875,0.562957763671875,,,demand/CIR/slack are left-boundary state at relative_start_s,"SSD/link are NPU-aggregate interval averages over [relative_start_s,relative_end_s); not request-attributed"
4,layer_once_ttl_5ms,16,114,3664,117,58.5,59.0,3,3536,3536,,False,False,False,,,0.497161865234375,0.497161865234375,,,demand/CIR/slack are left-boundary state at relative_start_s,"SSD/link are NPU-aggregate interval averages over [relative_start_s,relative_end_s); not request-attributed"
4,layer_once_ttl_5ms,16,114,3664,118,59.0,59.5,0,3536,3568,,False,False,False,,,7.64239501953125,7.6175537109375,,,demand/CIR/slack are left-boundary state at relative_start_s,"SSD/link are NPU-aggregate interval averages over [relative_start_s,relative_end_s); not request-attributed"
4,layer_once_ttl_5ms,16,114,3664,118,59.0,59.5,1,3536,3568,,False,False,False,,,7.256218336583117,7.228028758404264,,,demand/CIR/slack are left-boundary state at relative_start_s,"SSD/link are NPU-aggregate interval averages over [relative_start_s,relative_end_s); not request-attributed"
4,layer_once_ttl_5ms,16,114,3664,118,59.0,59.5,2,3536,3568,,False,False,False,,,6.709339510629661,6.6776123046875,,,demand/CIR/slack are left-boundary state at relative_start_s,"SSD/link are NPU-aggregate interval averages over [relative_start_s,relative_end_s); not request-attributed"
4,layer_once_ttl_5ms,16,114,3664,118,59.0,59.5,3,3536,3568,,False,False,False,,,6.4649467450042835,6.4332275390625,,,demand/CIR/slack are left-boundary state at relative_start_s,"SSD/link are NPU-aggregate interval averages over [relative_start_s,relative_end_s); not request-attributed"
4,layer_once_ttl_5ms,16,114,3664,119,59.5,60.0,0,3728,3728,,False,False,False,,,1.365936279296875,1.390777587890625,,,demand/CIR/slack are left-boundary state at relative_start_s,"SSD/link are NPU-aggregate interval averages over [relative_start_s,relative_end_s); not request-attributed"
4,layer_once_ttl_5ms,16,114,3664,119,59.5,60.0,1,3728,3728,3728,False,False,False,,,1.4201122298231326,1.448301808001986,,,demand/CIR/slack are left-boundary state at relative_start_s,"SSD/link are NPU-aggregate interval averages over [relative_start_s,relative_end_s); not request-attributed"
4,layer_once_ttl_5ms,16,114,3664,119,59.5,60.0,2,3728,3728,3728,False,False,False,,,1.2979541905422138,1.329681396484375,,,demand/CIR/slack are left-boundary state at relative_start_s,"SSD/link are NPU-aggregate interval averages over [relative_start_s,relative_end_s); not request-attributed"
4,layer_once_ttl_5ms,16,114,3664,119,59.5,60.0,3,3728,3728,3728,False,False,False,,,1.2905769366363415,1.322296142578125,,,demand/CIR/slack are left-boundary state at relative_start_s,"SSD/link are NPU-aggregate interval averages over [relative_start_s,relative_end_s); not request-attributed"
4,adaptive_t0_i100ms,16,114,3664,113,56.5,57.0,0,3568,3600,,False,False,False,,4.3227366619542975,1.909759521484375,1.909759521484375,,,demand/CIR/slack are left-boundary state at relative_start_s,"SSD/link are NPU-aggregate interval averages over [relative_start_s,relative_end_s); not request-attributed"
4,adaptive_t0_i100ms,16,114,3664,113,56.5,57.0,1,3568,3600,,False,False,False,,4.113908803888872,1.751312255859375,1.751312255859375,,,demand/CIR/slack are left-boundary state at relative_start_s,"SSD/link are NPU-aggregate interval averages over [relative_start_s,relative_end_s); not request-attributed"
4,adaptive_t0_i100ms,16,114,3664,113,56.5,57.0,2,3568,3600,,False,False,False,,3.9364051245332607,1.581451416015625,1.581451416015625,,,demand/CIR/slack are left-boundary state at relative_start_s,"SSD/link are NPU-aggregate interval averages over [relative_start_s,relative_end_s); not request-attributed"
4,adaptive_t0_i100ms,16,114,3664,113,56.5,57.0,3,3568,3600,,False,False,False,,3.644046123241666,1.643890380859375,1.643890380859375,,,demand/CIR/slack are left-boundary state at relative_start_s,"SSD/link are NPU-aggregate interval averages over [relative_start_s,relative_end_s); not request-attributed"
4,adaptive_t0_i100ms,16,114,3664,114,57.0,57.5,0,3632,3632,,False,False,False,,0.9026744517814613,1.29376220703125,1.29376220703125,,,demand/CIR/slack are left-boundary state at relative_start_s,"SSD/link are NPU-aggregate interval averages over [relative_start_s,relative_end_s); not request-attributed"
4,adaptive_t0_i100ms,16,114,3664,114,57.0,57.5,1,3632,3632,,False,False,False,,0.8589551763390545,1.291412353515625,1.291412353515625,,,demand/CIR/slack are left-boundary state at relative_start_s,"SSD/link are NPU-aggregate interval averages over [relative_start_s,relative_end_s); not request-attributed"
4,adaptive_t0_i100ms,16,114,3664,114,57.0,57.5,2,3632,3632,,False,False,False,,0.7625155981572742,1.141021728515625,1.141021728515625,,,demand/CIR/slack are left-boundary state at relative_start_s,"SSD/link are NPU-aggregate interval averages over [relative_start_s,relative_end_s); not request-attributed"
4,adaptive_t0_i100ms,16,114,3664,114,57.0,57.5,3,3632,3632,,False,False,False,,0.7663731812845456,1.094696044921875,1.094696044921875,,,demand/CIR/slack are left-boundary state at relative_start_s,"SSD/link are NPU-aggregate interval averages over [relative_start_s,relative_end_s); not request-attributed"
4,adaptive_t0_i100ms,16,114,3664,115,57.5,58.0,0,3664,3664,,True,True,False,27.246792358081056,1.176223466459044,2.790618896484375,2.790618896484375,-169.81975441771442,-154.14811323833146,demand/CIR/slack are left-boundary state at relative_start_s,"SSD/link are NPU-aggregate interval averages over [relative_start_s,relative_end_s); not request-attributed"
4,adaptive_t0_i100ms,16,114,3664,115,57.5,58.0,1,3664,3664,,True,True,False,26.561338462280276,1.1466329390009549,2.6519775390625,2.6519775390625,-169.81975441771442,-154.14811323833146,demand/CIR/slack are left-boundary state at relative_start_s,"SSD/link are NPU-aggregate interval averages over [relative_start_s,relative_end_s); not request-attributed"
4,adaptive_t0_i100ms,16,114,3664,115,57.5,58.0,2,3664,3664,,True,True,False,23.43395506268921,1.011626157473423,2.5029296875,2.5027122418061367,-169.81975441771442,-154.14811323833146,demand/CIR/slack are left-boundary state at relative_start_s,"SSD/link are NPU-aggregate interval averages over [relative_start_s,relative_end_s); not request-attributed"
4,adaptive_t0_i100ms,16,114,3664,115,57.5,58.0,3,3664,3664,,True,True,False,21.420434243774416,0.9247039830652862,2.382080078125,2.382080078125,-169.81975441771442,-154.14811323833146,demand/CIR/slack are left-boundary state at relative_start_s,"SSD/link are NPU-aggregate interval averages over [relative_start_s,relative_end_s); not request-attributed"
4,adaptive_t0_i100ms,16,114,3664,116,58.0,58.5,0,3728,3728,,False,False,False,,4.0320475134088625,1.13262939453125,1.13262939453125,,,demand/CIR/slack are left-boundary state at relative_start_s,"SSD/link are NPU-aggregate interval averages over [relative_start_s,relative_end_s); not request-attributed"
4,adaptive_t0_i100ms,16,114,3664,116,58.0,58.5,1,3728,3728,,False,False,False,,3.89674390557635,1.150421142578125,1.150421142578125,,,demand/CIR/slack are left-boundary state at relative_start_s,"SSD/link are NPU-aggregate interval averages over [relative_start_s,relative_end_s); not request-attributed"
4,adaptive_t0_i100ms,16,114,3664,116,58.0,58.5,2,3728,3728,,False,False,False,,3.802031380093592,1.04736328125,1.0475807269438633,,,demand/CIR/slack are left-boundary state at relative_start_s,"SSD/link are NPU-aggregate interval averages over [relative_start_s,relative_end_s); not request-attributed"
4,adaptive_t0_i100ms,16,114,3664,116,58.0,58.5,3,3728,3728,,False,False,False,,3.8290921016600947,1.03057861328125,1.03057861328125,,,demand/CIR/slack are left-boundary state at relative_start_s,"SSD/link are NPU-aggregate interval averages over [relative_start_s,relative_end_s); not request-attributed"
5,baseline,11,80,2571,56,28.0,28.5,0,2539,2539,,False,False,False,,,0.36456298828125,0.36456298828125,,,demand/CIR/slack are left-boundary state at relative_start_s,"SSD/link are NPU-aggregate interval averages over [relative_start_s,relative_end_s); not request-attributed"
5,baseline,11,80,2571,56,28.0,28.5,1,2539,2539,,False,False,False,,,0.32025146484375,0.32025146484375,,,demand/CIR/slack are left-boundary state at relative_start_s,"SSD/link are NPU-aggregate interval averages over [relative_start_s,relative_end_s); not request-attributed"
5,baseline,11,80,2571,56,28.0,28.5,2,2539,2539,,False,False,False,,,0.33636474609375,0.33636474609375,,,demand/CIR/slack are left-boundary state at relative_start_s,"SSD/link are NPU-aggregate interval averages over [relative_start_s,relative_end_s); not request-attributed"
5,baseline,11,80,2571,56,28.0,28.5,3,2539,2539,,False,False,False,,,0.346435546875,0.346435546875,,,demand/CIR/slack are left-boundary state at relative_start_s,"SSD/link are NPU-aggregate interval averages over [relative_start_s,relative_end_s); not request-attributed"
5,baseline,11,80,2571,56,28.0,28.5,4,2539,2539,,False,False,False,,,0.37261962890625,0.37261962890625,,,demand/CIR/slack are left-boundary state at relative_start_s,"SSD/link are NPU-aggregate interval averages over [relative_start_s,relative_end_s); not request-attributed"
5,baseline,11,80,2571,57,28.5,29.0,0,2539,,,False,False,False,,,1.2439117431640625,1.2439117431640625,,,demand/CIR/slack are left-boundary state at relative_start_s,"SSD/link are NPU-aggregate interval averages over [relative_start_s,relative_end_s); not request-attributed"
5,baseline,11,80,2571,57,28.5,29.0,1,2539,,,False,False,False,,,1.243408203125,1.243408203125,,,demand/CIR/slack are left-boundary state at relative_start_s,"SSD/link are NPU-aggregate interval averages over [relative_start_s,relative_end_s); not request-attributed"
5,baseline,11,80,2571,57,28.5,29.0,2,2539,,,False,False,False,,,1.157470703125,1.157470703125,,,demand/CIR/slack are left-boundary state at relative_start_s,"SSD/link are NPU-aggregate interval averages over [relative_start_s,relative_end_s); not request-attributed"
5,baseline,11,80,2571,57,28.5,29.0,3,2539,,,False,False,False,,,1.14605712890625,1.14605712890625,,,demand/CIR/slack are left-boundary state at relative_start_s,"SSD/link are NPU-aggregate interval averages over [relative_start_s,relative_end_s); not request-attributed"
5,baseline,11,80,2571,57,28.5,29.0,4,2539,,,False,False,False,,,1.27496337890625,1.27496337890625,,,demand/CIR/slack are left-boundary state at relative_start_s,"SSD/link are NPU-aggregate interval averages over [relative_start_s,relative_end_s); not request-attributed"
5,baseline,11,80,2571,58,29.0,29.5,0,2603,2603,,False,False,False,,,1.4134368896484375,1.4134368896484375,,,demand/CIR/slack are left-boundary state at relative_start_s,"SSD/link are NPU-aggregate interval averages over [relative_start_s,relative_end_s); not request-attributed"
5,baseline,11,80,2571,58,29.0,29.5,1,2603,2603,,False,False,False,,,1.2742919921875,1.2742919921875,,,demand/CIR/slack are left-boundary state at relative_start_s,"SSD/link are NPU-aggregate interval averages over [relative_start_s,relative_end_s); not request-attributed"
5,baseline,11,80,2571,58,29.0,29.5,2,2603,2603,,False,False,False,,,1.141357421875,1.141357421875,,,demand/CIR/slack are left-boundary state at relative_start_s,"SSD/link are NPU-aggregate interval averages over [relative_start_s,relative_end_s); not request-attributed"
5,baseline,11,80,2571,58,29.0,29.5,3,2603,2603,,False,False,False,,,1.17156982421875,1.17156982421875,,,demand/CIR/slack are left-boundary state at relative_start_s,"SSD/link are NPU-aggregate interval averages over [relative_start_s,relative_end_s); not request-attributed"
5,baseline,11,80,2571,58,29.0,29.5,4,2603,2603,,False,False,False,,,1.26824951171875,1.26824951171875,,,demand/CIR/slack are left-boundary state at relative_start_s,"SSD/link are NPU-aggregate interval averages over [relative_start_s,relative_end_s); not request-attributed"
5,layer_once_ttl_5ms,11,80,2571,56,28.0,28.5,0,2539,2539,,False,False,False,,,0.36456298828125,0.36456298828125,,,demand/CIR/slack are left-boundary state at relative_start_s,"SSD/link are NPU-aggregate interval averages over [relative_start_s,relative_end_s); not request-attributed"
5,layer_once_ttl_5ms,11,80,2571,56,28.0,28.5,1,2539,2539,,False,False,False,,,0.32025146484375,0.32025146484375,,,demand/CIR/slack are left-boundary state at relative_start_s,"SSD/link are NPU-aggregate interval averages over [relative_start_s,relative_end_s); not request-attributed"
5,layer_once_ttl_5ms,11,80,2571,56,28.0,28.5,2,2539,2539,,False,False,False,,,0.33636474609375,0.33636474609375,,,demand/CIR/slack are left-boundary state at relative_start_s,"SSD/link are NPU-aggregate interval averages over [relative_start_s,relative_end_s); not request-attributed"
5,layer_once_ttl_5ms,11,80,2571,56,28.0,28.5,3,2539,2539,,False,False,False,,,0.346435546875,0.346435546875,,,demand/CIR/slack are left-boundary state at relative_start_s,"SSD/link are NPU-aggregate interval averages over [relative_start_s,relative_end_s); not request-attributed"
5,layer_once_ttl_5ms,11,80,2571,56,28.0,28.5,4,2539,2539,,False,False,False,,,0.37261962890625,0.37261962890625,,,demand/CIR/slack are left-boundary state at relative_start_s,"SSD/link are NPU-aggregate interval averages over [relative_start_s,relative_end_s); not request-attributed"
5,layer_once_ttl_5ms,11,80,2571,57,28.5,29.0,0,2539,2539,,False,False,False,,,0.3731201043550385,0.366912841796875,,,demand/CIR/slack are left-boundary state at relative_start_s,"SSD/link are NPU-aggregate interval averages over [relative_start_s,relative_end_s); not request-attributed"
5,layer_once_ttl_5ms,11,80,2571,57,28.5,29.0,1,2539,2539,,False,False,False,,,0.33639666567847826,0.336029052734375,,,demand/CIR/slack are left-boundary state at relative_start_s,"SSD/link are NPU-aggregate interval averages over [relative_start_s,relative_end_s); not request-attributed"
5,layer_once_ttl_5ms,11,80,2571,57,28.5,29.0,2,2539,2539,,False,False,False,,,0.3481379332568082,0.343414306640625,,,demand/CIR/slack are left-boundary state at relative_start_s,"SSD/link are NPU-aggregate interval averages over [relative_start_s,relative_end_s); not request-attributed"
5,layer_once_ttl_5ms,11,80,2571,57,28.5,29.0,3,2539,2539,,False,False,False,,,0.3523261002491864,0.3509674072265625,,,demand/CIR/slack are left-boundary state at relative_start_s,"SSD/link are NPU-aggregate interval averages over [relative_start_s,relative_end_s); not request-attributed"
5,layer_once_ttl_5ms,11,80,2571,57,28.5,29.0,4,2539,2539,,False,False,False,,,0.3836055807617953,0.37744315875825407,,,demand/CIR/slack are left-boundary state at relative_start_s,"SSD/link are NPU-aggregate interval averages over [relative_start_s,relative_end_s); not request-attributed"
5,layer_once_ttl_5ms,11,80,2571,58,29.0,29.5,0,2571,2571,2571,True,True,True,18.507056106426997,,2.8847839483793365,2.8909912109375,38.70858664714722,51.69587343821232,demand/CIR/slack are left-boundary state at relative_start_s,"SSD/link are NPU-aggregate interval averages over [relative_start_s,relative_end_s); not request-attributed"
5,layer_once_ttl_5ms,11,80,2571,58,29.0,29.5,1,2571,2571,2571,True,True,True,19.0240129809082,,2.7946152972121467,2.79498291015625,38.70858664714722,51.69587343821232,demand/CIR/slack are left-boundary state at relative_start_s,"SSD/link are NPU-aggregate interval averages over [relative_start_s,relative_end_s); not request-attributed"
5,layer_once_ttl_5ms,11,80,2571,58,29.0,29.5,2,2571,2571,2571,True,True,True,17.886707857049558,,2.539832037446317,2.5445556640625,38.70858664714722,51.69587343821232,demand/CIR/slack are left-boundary state at relative_start_s,"SSD/link are NPU-aggregate interval averages over [relative_start_s,relative_end_s); not request-attributed"
5,layer_once_ttl_5ms,11,80,2571,58,29.0,29.5,3,2571,2571,2571,True,True,True,17.214663920223995,,2.5594780989695636,2.5608367919921875,38.70858664714722,51.69587343821232,demand/CIR/slack are left-boundary state at relative_start_s,"SSD/link are NPU-aggregate interval averages over [relative_start_s,relative_end_s); not request-attributed"
5,layer_once_ttl_5ms,11,80,2571,58,29.0,29.5,4,2571,2571,2571,True,True,True,19.95453535497436,,2.8121952004882047,2.818357622491746,38.70858664714722,51.69587343821232,demand/CIR/slack are left-boundary state at relative_start_s,"SSD/link are NPU-aggregate interval averages over [relative_start_s,relative_end_s); not request-attributed"
5,layer_once_ttl_5ms,11,80,2571,59,29.5,30.0,0,2699,2699,,False,False,False,,,1.7382934441987885,1.73822021484375,,,demand/CIR/slack are left-boundary state at relative_start_s,"SSD/link are NPU-aggregate interval averages over [relative_start_s,relative_end_s); not request-attributed"
5,layer_once_ttl_5ms,11,80,2571,59,29.5,30.0,1,2699,2699,,False,False,False,,,1.5350431024743045,1.529083251953125,,,demand/CIR/slack are left-boundary state at relative_start_s,"SSD/link are NPU-aggregate interval averages over [relative_start_s,relative_end_s); not request-attributed"
5,layer_once_ttl_5ms,11,80,2571,59,29.5,30.0,2,2699,2699,,False,False,False,,,1.3893441845057595,1.383876509928811,,,demand/CIR/slack are left-boundary state at relative_start_s,"SSD/link are NPU-aggregate interval averages over [relative_start_s,relative_end_s); not request-attributed"
5,layer_once_ttl_5ms,11,80,2571,59,29.5,30.0,3,2699,2699,,False,False,False,,,1.3913503446622002,1.38372802734375,,,demand/CIR/slack are left-boundary state at relative_start_s,"SSD/link are NPU-aggregate interval averages over [relative_start_s,relative_end_s); not request-attributed"
5,layer_once_ttl_5ms,11,80,2571,59,29.5,30.0,4,2699,2699,,False,False,False,,,1.598448642963774,1.59185791015625,,,demand/CIR/slack are left-boundary state at relative_start_s,"SSD/link are NPU-aggregate interval averages over [relative_start_s,relative_end_s); not request-attributed"
5,adaptive_t0_i100ms,11,80,2571,55,27.5,28.0,0,2539,2539,,False,False,False,,0.3692303788513183,0.360198974609375,0.360198974609375,,,demand/CIR/slack are left-boundary state at relative_start_s,"SSD/link are NPU-aggregate interval averages over [relative_start_s,relative_end_s); not request-attributed"
5,adaptive_t0_i100ms,11,80,2571,55,27.5,28.0,1,2539,2539,,False,False,False,,0.324351548272705,0.318572998046875,0.31890869140625,,,demand/CIR/slack are left-boundary state at relative_start_s,"SSD/link are NPU-aggregate interval averages over [relative_start_s,relative_end_s); not request-attributed"
5,adaptive_t0_i100ms,11,80,2571,55,27.5,28.0,2,2539,2539,,False,False,False,,0.3406711230285644,0.334686279296875,0.33502197265625,,,demand/CIR/slack are left-boundary state at relative_start_s,"SSD/link are NPU-aggregate interval averages over [relative_start_s,relative_end_s); not request-attributed"
5,adaptive_t0_i100ms,11,80,2571,55,27.5,28.0,3,2539,2539,2539,False,False,False,,0.3508708572509765,0.3375253686594135,0.33907437439847854,,,demand/CIR/slack are left-boundary state at relative_start_s,"SSD/link are NPU-aggregate interval averages over [relative_start_s,relative_end_s); not request-attributed"
5,adaptive_t0_i100ms,11,80,2571,55,27.5,28.0,4,2539,2539,,False,False,False,,0.377390166229248,0.372283935546875,0.372283935546875,,,demand/CIR/slack are left-boundary state at relative_start_s,"SSD/link are NPU-aggregate interval averages over [relative_start_s,relative_end_s); not request-attributed"
5,adaptive_t0_i100ms,11,80,2571,56,28.0,28.5,0,2539,2539,,False,False,False,,0.20989266136248821,0.7281382447294931,0.72711181640625,,,demand/CIR/slack are left-boundary state at relative_start_s,"SSD/link are NPU-aggregate interval averages over [relative_start_s,relative_end_s); not request-attributed"
5,adaptive_t0_i100ms,11,80,2571,56,28.0,28.5,1,2539,2539,,False,False,False,,0.1843808461692576,0.716705322265625,0.71636962890625,,,demand/CIR/slack are left-boundary state at relative_start_s,"SSD/link are NPU-aggregate interval averages over [relative_start_s,relative_end_s); not request-attributed"
5,adaptive_t0_i100ms,11,80,2571,56,28.0,28.5,2,2539,2539,,False,False,False,,0.1936578698758869,0.6915283203125,0.691192626953125,,,demand/CIR/slack are left-boundary state at relative_start_s,"SSD/link are NPU-aggregate interval averages over [relative_start_s,relative_end_s); not request-attributed"
5,adaptive_t0_i100ms,11,80,2571,56,28.0,28.5,3,2539,2539,,False,False,False,,0.19945600969253022,0.6769256591796875,0.6765202277871083,,,demand/CIR/slack are left-boundary state at relative_start_s,"SSD/link are NPU-aggregate interval averages over [relative_start_s,relative_end_s); not request-attributed"
5,adaptive_t0_i100ms,11,80,2571,56,28.0,28.5,4,2539,2539,,False,False,False,,0.21453117321580284,0.769744873046875,0.7694091796875,,,demand/CIR/slack are left-boundary state at relative_start_s,"SSD/link are NPU-aggregate interval averages over [relative_start_s,relative_end_s); not request-attributed"
5,adaptive_t0_i100ms,11,80,2571,57,28.5,29.0,0,2571,2571,2571,True,True,True,18.507056106426997,1.729975954801506,2.335063659567382,2.336090087890625,-100.50486397091919,-87.5175771798541,demand/CIR/slack are left-boundary state at relative_start_s,"SSD/link are NPU-aggregate interval averages over [relative_start_s,relative_end_s); not request-attributed"
5,adaptive_t0_i100ms,11,80,2571,57,28.5,29.0,1,2571,2571,,True,True,False,19.0240129809082,1.7782993054942855,2.169586181640625,2.169921875,-100.50486397091919,-87.5175771798541,demand/CIR/slack are left-boundary state at relative_start_s,"SSD/link are NPU-aggregate interval averages over [relative_start_s,relative_end_s); not request-attributed"
5,adaptive_t0_i100ms,11,80,2571,57,28.5,29.0,2,2571,2571,,True,True,False,17.886707857049558,1.6719879339701706,1.960784912109375,1.96112060546875,-100.50486397091919,-87.5175771798541,demand/CIR/slack are left-boundary state at relative_start_s,"SSD/link are NPU-aggregate interval averages over [relative_start_s,relative_end_s); not request-attributed"
5,adaptive_t0_i100ms,11,80,2571,57,28.5,29.0,3,2571,2571,,True,True,False,17.214663920223995,1.609167578069557,1.9972076416015625,1.9976130729941417,-100.50486397091919,-87.5175771798541,demand/CIR/slack are left-boundary state at relative_start_s,"SSD/link are NPU-aggregate interval averages over [relative_start_s,relative_end_s); not request-attributed"
5,adaptive_t0_i100ms,11,80,2571,57,28.5,29.0,4,2571,2571,,True,True,False,19.95453535497436,1.8652813367412884,2.17529296875,2.175628662109375,-100.50486397091919,-87.5175771798541,demand/CIR/slack are left-boundary state at relative_start_s,"SSD/link are NPU-aggregate interval averages over [relative_start_s,relative_end_s); not request-attributed"
5,adaptive_t0_i100ms,11,80,2571,58,29.0,29.5,0,2699,2699,,False,False,False,,0.5102250916526745,0.8231201171875,0.8231201171875,,,demand/CIR/slack are left-boundary state at relative_start_s,"SSD/link are NPU-aggregate interval averages over [relative_start_s,relative_end_s); not request-attributed"
5,adaptive_t0_i100ms,11,80,2571,58,29.0,29.5,1,2699,2699,,False,False,False,,0.4779031401452652,0.763702392578125,0.763702392578125,,,demand/CIR/slack are left-boundary state at relative_start_s,"SSD/link are NPU-aggregate interval averages over [relative_start_s,relative_end_s); not request-attributed"
5,adaptive_t0_i100ms,11,80,2571,58,29.0,29.5,2,2699,2699,,False,False,False,,0.4248027912402357,0.68212890625,0.68212890625,,,demand/CIR/slack are left-boundary state at relative_start_s,"SSD/link are NPU-aggregate interval averages over [relative_start_s,relative_end_s); not request-attributed"
5,adaptive_t0_i100ms,11,80,2571,58,29.0,29.5,3,2699,2699,,False,False,False,,0.42018536959632014,0.6767578125,0.6767578125,,,demand/CIR/slack are left-boundary state at relative_start_s,"SSD/link are NPU-aggregate interval averages over [relative_start_s,relative_end_s); not request-attributed"
5,adaptive_t0_i100ms,11,80,2571,58,29.0,29.5,4,2699,2699,,False,False,False,,0.4940641158989698,0.78887939453125,0.78887939453125,,,demand/CIR/slack are left-boundary state at relative_start_s,"SSD/link are NPU-aggregate interval averages over [relative_start_s,relative_end_s); not request-attributed"
