num_ssu,case,boundary,relative_time_s,ssu_id,read_only_left_boundary_snapshot,estimated_next_arbitration_rate_is_not_historical_service,path_state_present,path_is_active_command,active_command_npu_id,active_command_request_id,active_command_layer,active_command_path_id,active_command_remaining_gb,active_command_start_time_ms,active_command_age_ms,active_command_physical_service_gbps,aggregate_ssd_outstanding_gb,pressure_reports_cumulative,pressure_cache_hits_cumulative,pressure_cache_time_ms,pressure_cache_age_ms,pressure_ttl_ms,path_id,group_id,cir_gbps,path_weight,virtual_finish,estimated_next_arbitration_rate_gbps,pending_blocks,pending_gb,active_remaining_gb,head_wait_age_ms,head_npu_id,head_request_id,head_layer
5,baseline,0,0.0,2,True,True,True,True,2,674,12,0,0.0001124684411479393,9533.212289680307,0.0013844559634890174,40.0,0.008672649105210439,0,0,,,0.0,0,0,0.20833333333333334,1.0,0.00010490417480468754,40.0,51,0.0085601806640635,0.0001124684411479393,0.0895924638643919,2,674,12
5,baseline,1,0.5,2,True,True,False,False,,,,,,,,,0.0,0,0,,,0.0,,,,,,,,,,,,,
5,baseline,2,1.0,2,True,True,True,True,2,866,9,0,5.988820550555828e-05,10533.210975174416,0.0026989618545485428,40.0,0.05511359914300556,0,0,,,0.0,0,0,0.20833333333333334,1.0,0.014434814453124186,40.0,328,0.055053710937501193,5.988820550555828e-05,2.2219984741404915,2,866,9
5,baseline,3,1.5,2,True,True,True,True,4,612,9,0,0.00015804977556399538,11033.213429213667,0.00024492260308761615,40.0,0.098516204072439,0,0,,,0.0,0,0,0.20833333333333334,1.0,0.0021987915039062716,40.0,586,0.09835815429687628,0.00015804977556399538,1.5445922129674727,4,612,9
5,baseline,4,2.0,2,True,True,True,True,8,712,1,0,8.948972092184706e-05,11533.211715212301,0.001958923969141324,40.0,0.14359840085373438,0,0,,,0.0,0,0,0.20833333333333334,1.0,0.012961959838866496,40.0,855,0.14350891113281378,8.948972092184706e-05,3.6759862558301393,8,712,1
5,baseline,5,2.5,2,True,True,True,True,2,1026,13,0,8.079079132585321e-05,12033.211497739061,0.00217639720904117,40.0,0.016026225361638353,0,0,,,0.0,0,0,0.20833333333333334,1.0,0.016323089599608695,40.0,95,0.015945434570313777,8.079079132585321e-05,3.5778563726107677,2,1026,13
5,baseline,6,3.0,2,True,True,True,True,24,856,14,0,3.428809039178308e-05,12533.210335171538,0.003338964732392924,40.0,0.0018806015669542834,0,0,,,0.0,0,0,0.20833333333333334,1.0,0.0012546539306640648,40.0,11,0.0018463134765638115,3.428809039178308e-05,1.1042967294615664,24,856,14
5,baseline,7,3.5,2,True,True,True,True,25,697,14,0,7.501423380745109e-05,13033.211353325123,0.0023208111470012227,40.0,0.1871401387455262,0,0,,,0.0,0,0,0.20833333333333334,1.0,0.009269332885741801,40.0,1115,0.18706512451172008,7.501423380745109e-05,3.984268297390372,25,697,14
5,baseline,8,4.0,2,True,True,True,True,11,907,11,0,1.3979077557451085e-05,13533.209827446217,0.0038466900532512227,40.0,0.01008477985880745,0,0,,,0.0,0,0,0.20833333333333334,1.0,0.0018253326416015766,40.0,60,0.01007080078125138,1.3979077557451085e-05,0.7512900006404379,11,907,11
5,baseline,9,4.5,2,True,True,True,True,13,813,3,0,6.244229371077392e-06,14033.209634075012,0.0040400612579105655,40.0,0.022833392666871077,0,0,,,0.0,0,0,0.20833333333333334,1.0,0.0006042480468749984,40.0,136,0.02282714843750147,6.244229371077392e-06,0.5320919416499237,13,813,3
5,baseline,10,5.0,2,True,True,True,True,10,1034,5,0,0.00010444656443723943,14533.212089133389,0.0015850028812565142,40.0,0.07597114578318724,0,0,,,0.0,0,0,0.20833333333333334,1.0,0.00607185363769519,40.0,452,0.0758666992187515,0.00010444656443723943,2.589592452375655,10,1034,5
5,baseline,11,5.5,2,True,True,True,True,22,822,15,0,2.148892817785964e-05,15033.210015192482,0.003658943787741009,40.0,0.0035462692016153597,0,0,,,0.0,0,0,0.20833333333333334,1.0,7.5531005859375e-05,40.0,21,0.003524780273438999,2.148892817785964e-05,0.06599378271857859,22,822,15
5,baseline,12,6.0,2,True,True,True,True,18,1042,8,0,0.00010766130733827595,15533.212169501961,0.0015046343087306013,40.0,0.11894311052608827,0,0,,,0.0,0,0,0.20833333333333334,1.0,0.02241592407226696,40.0,708,0.1188354492187515,0.00010766130733827595,2.1773028771094687,18,1042,8
5,baseline,13,6.5,2,True,True,True,True,24,1048,15,0,0.00015171967308560855,16033.213270961105,0.000403175165047287,40.0,0.01223668061058561,0,0,,,0.0,0,0,0.20833333333333334,1.0,0.027254104614260748,40.0,72,0.012084960937501554,0.00015171967308560855,2.0447420874315867,24,1048,15
5,baseline,14,7.0,2,True,True,True,True,30,1022,11,0,0.00010741297883214432,16533.21216329375,0.0015108425213838927,40.0,0.009338980361644645,0,0,,,0.0,0,0,0.20833333333333334,1.0,0.0011329650878906248,40.0,55,0.00923156738281411,0.00010741297883214432,0.4998048848719918,30,1022,11
5,baseline,15,7.5,2,True,True,True,True,1,1121,0,0,0.00015549023053608834,17033.21336522504,0.0003089112287852913,40.0,0.16002945263287985,0,0,,,0.0,0,0,0.20833333333333334,1.0,0.008583259582519202,40.0,953,0.1598739624023454,0.00015549023053608834,3.7737413947797904,1,1121,0
5,baseline,16,8.0,2,True,True,True,True,6,1478,12,0,0.00013919209639425388,17533.212957771688,0.0007163645823311526,40.0,0.027246430865925507,0,0,,,0.0,0,0,0.20833333333333334,1.0,0.0005538940429687487,40.0,162,0.02710723876953297,0.00013919209639425388,0.4844142398251279,6,1478,12
5,baseline,17,8.5,2,True,True,True,True,25,1049,2,0,7.06515212368686e-05,18033.21124425731,0.0024298789612657856,40.0,0.09322555874779936,0,0,,,0.0,0,0,0.20833333333333334,1.0,0.00486335754394529,40.0,555,0.09315490722656422,7.06515212368686e-05,2.1040958091034554,25,1049,2
5,baseline,18,9.0,2,True,True,True,True,16,1328,6,0,0.0001146053249249235,18533.2123431024,0.001331033869064413,40.0,0.048454449074924924,0,0,,,0.0,0,0,0.20833333333333334,1.0,0.013507461547850826,40.0,288,0.04833984375000172,0.0001146053249249235,2.4331779786043626,16,1328,6
5,baseline,19,9.5,2,True,True,True,True,23,1399,15,0,5.357016867492348e-05,19033.210817223495,0.002856912775314413,40.0,0.06987778891867492,0,0,,,0.0,0,0,0.20833333333333334,1.0,0.014699172973631979,40.0,416,0.06982421875000175,5.357016867492348e-05,1.9562324005673872,23,1399,15
5,baseline,20,10.0,2,True,True,False,False,,,,,,,,,0.0,0,0,,,0.0,,,,,,,,,,,,,
5,baseline,21,10.5,2,True,True,True,True,29,1021,0,0,3.27635742723942e-05,20033.210297058635,0.0033770776353776455,40.0,0.0760673094727099,0,0,,,0.0,0,0,0.20833333333333334,1.0,0.0020477294921875185,40.0,453,0.0760345458984393,3.27635742723942e-05,1.6967628750680888,29,1021,0
5,baseline,22,11.0,2,True,True,True,True,11,1611,12,0,9.73008939763531e-05,20533.211910491627,0.0017636446427786723,40.0,0.08217432726116386,0,0,,,0.0,0,0,0.20833333333333334,1.0,0.0047878265380859215,40.0,489,0.08207702636718946,9.73008939763531e-05,1.8614162275043782,11,1611,12
5,baseline,23,11.5,2,True,True,True,True,23,1719,8,0,9.232252516085282e-05,21033.211786032407,0.0018881038631661795,40.0,0.12245255201734837,0,0,,,0.0,0,0,0.20833333333333334,1.0,0.0040744781494141055,40.0,729,0.12236022949218955,9.232252516085282e-05,1.1090827866792097,23,1719,8
5,baseline,24,12.0,2,True,True,True,True,30,1630,5,0,0.00011851103801745921,21533.21244074523,0.0012333910417510197,40.0,0.06625010283489247,0,0,,,0.0,0,0,0.20833333333333334,1.0,0.0026561737060547186,40.0,394,0.06613159179687711,0.00011851103801745921,2.035208616136515,23,1751,8
5,baseline,25,12.5,2,True,True,True,True,2,1826,9,0,6.208369304658854e-06,22033.20963317851,0.004040957759571029,40.0,0.06764842028336716,0,0,,,0.0,0,0,0.20833333333333334,1.0,0.0038646697998047435,40.0,403,0.06764221191406472,6.208369304658854e-06,1.828101757742843,2,1826,9
5,baseline,26,13.0,2,True,True,True,True,7,1639,6,0,0.0001353472266055178,22533.212861649943,0.0008124863270495553,40.0,0.05535690484379302,0,0,,,0.0,0,0,0.20833333333333334,1.0,0.005274581909179631,40.0,329,0.05522155761718972,0.0001353472266055178,0.7306056506895402,7,1639,6
5,baseline,27,13.5,2,True,True,True,True,10,1674,2,0,5.192513359361328e-05,23033.210776097618,0.002898038652347168,40.0,0.15564579720390614,0,0,,,0.0,0,0,0.20833333333333334,1.0,0.008199310302734077,40.0,927,0.15559387207031472,5.192513359361328e-05,3.32619543916735,10,1674,2
5,baseline,28,14.0,2,True,True,True,True,31,1727,4,0,0.00010187636042246595,23533.21202487829,0.0016492579816258512,40.0,0.004130196672922466,0,0,,,0.0,0,0,0.20833333333333334,1.0,0.007091522216796669,40.0,24,0.004028320312502248,0.00010187636042246595,1.091245023846568,31,1727,4
5,baseline,29,14.5,2,True,True,True,True,23,2007,3,0,7.521561303292404e-05,24033.211358359604,0.0023157766663643997,40.0,0.061171407019282927,0,0,,,0.0,0,0,0.20833333333333334,1.0,0.0037513732910156787,40.0,364,0.06109619140625233,7.521561303292404e-05,2.32533968730786,23,2007,3
5,baseline,30,15.0,2,True,True,True,True,22,1526,9,0,0.00012196430499898271,24533.212527076903,0.0011470593672129326,40.0,0.03805531391437398,0,0,,,0.0,0,0,0.20833333333333334,1.0,0.00027275085449218755,40.0,226,0.03793334960937733,0.00012196430499898271,0.23720174650588888,22,1526,9
5,baseline,31,15.5,2,True,True,False,False,,,,,,,,,0.0,0,0,,,0.0,,,,,,,,,,,,,
5,baseline,32,16.0,2,True,True,True,True,22,1654,13,0,0.00015026474808109923,25533.21323458798,0.00043954829016001895,40.0,0.1426520958027686,0,0,,,0.0,0,0,0.20833333333333334,1.0,0.006040382385253787,40.0,849,0.1425018310546901,0.00015026474808109923,1.8595547980257834,22,1654,13
5,baseline,33,16.5,2,True,True,True,True,25,1497,14,0,4.531688551651314e-05,26033.210610891416,0.0030632448542746715,40.0,0.002227323721454013,0,0,,,0.0,0,0,0.20833333333333334,1.0,8.392333984375e-06,40.0,13,0.002182006835940109,4.531688551651314e-05,0.006259411835344508,25,1497,14
5,baseline,34,17.0,2,True,True,False,False,,,,,,,,,0.0,0,0,,,0.0,,,,,,,,,,,,,
5,baseline,35,17.5,2,True,True,False,False,,,,,,,,,0.0,0,0,,,0.0,,,,,,,,,,,,,
5,baseline,36,18.0,2,True,True,False,False,,,,,,,,,0.0,0,0,,,0.0,,,,,,,,,,,,,
5,baseline,37,18.5,2,True,True,True,True,29,1437,14,0,0.0001307105652813334,28033.21274573341,0.000928402860154165,40.0,0.020608005487156335,0,0,,,0.0,0,0,0.20833333333333334,1.0,0.0006000518798828109,40.0,122,0.020477294921877665,0.0001307105652813334,0.5252841149558662,29,1437,14
5,baseline,38,19.0,2,True,True,False,False,,,,,,,,,0.0,0,0,,,0.0,,,,,,,,,,,,,
5,baseline,39,19.5,2,True,True,True,True,26,2682,9,0,0.00015221458481391893,29033.2132833339,0.00039080237183952704,40.0,0.028014763412938917,0,0,,,0.0,0,0,0.20833333333333334,1.0,0.004196166992187533,40.0,166,0.02786254882812772,0.00015221458481391893,2.0156972548065824,26,2682,9
5,baseline,40,20.0,2,True,True,False,False,,,,,,,,,0.0,0,0,,,0.0,,,,,,,,,,,,,
5,baseline,41,20.5,2,True,True,False,False,,,,,,,,,0.0,0,0,,,0.0,,,,,,,,,,,,,
5,baseline,42,21.0,2,True,True,False,False,,,,,,,,,0.0,0,0,,,0.0,,,,,,,,,,,,,
5,baseline,43,21.5,2,True,True,True,True,6,2854,7,0,1.5302444808184775e-07,31033.20948179489,0.004192341380985454,40.0,0.06781021161819809,0,0,,,0.0,0,0,0.20833333333333334,1.0,0.007674789428710683,40.0,404,0.06781005859375314,1.5302444808184775e-07,4.01142481421266,19,1971,12
5,baseline,44,22.0,2,True,True,False,False,,,,,,,,,0.0,0,0,,,0.0,,,,,,,,,,,,,
5,baseline,45,22.5,2,True,True,True,True,6,2886,6,0,3.8951187307247905e-05,32033.21045174896,0.0032223873095063027,40.0,0.02622303321855725,0,0,,,0.0,0,0,0.20833333333333334,1.0,0.001720428466796887,40.0,156,0.026184082031253303,3.8951187307247905e-05,1.5957055060462153,11,2347,3
5,baseline,46,23.0,2,True,True,False,False,,,,,,,,,0.0,0,0,,,0.0,,,,,,,,,,,,,
5,baseline,47,23.5,2,True,True,True,True,1,2049,13,0,0.00012248822225956245,33033.212540174834,0.0011339614356984384,40.0,0.030838430605072062,0,0,,,0.0,0,0,0.20833333333333334,1.0,0.00044479370117187417,40.0,183,0.030715942382815928,0.00012248822225956245,0.38873149695427855,1,2049,13
5,baseline,48,24.0,2,True,True,True,True,29,1789,4,0,0.00010657233884558082,33533.21214227775,0.0015318585210479796,40.0,0.03140997810056433,0,0,,,0.0,0,0,0.20833333333333334,1.0,0.001892471313476578,40.0,187,0.03130340576172225,0.00010657233884558082,0.7276959230293869,29,1789,4
5,baseline,49,24.5,2,True,True,True,True,1,2113,13,0,6.689306785119698e-05,34033.211150295974,0.0025238402959075756,40.0,0.037832395997538695,0,0,,,0.0,0,0,0.20833333333333334,1.0,0.0003440856933593747,40.0,225,0.037765502929691004,6.689306785119698e-05,0.3014133676988422,1,2113,13
5,baseline,50,25.0,2,True,True,True,True,8,2152,7,0,6.842536618933085e-05,34533.21118860343,0.0024855328374542296,40.0,0.011985539624001833,0,0,,,0.0,0,0,0.20833333333333334,1.0,0.00010490417480468754,40.0,71,0.011917114257816068,6.842536618933085e-05,0.09069354096573079,8,2152,7
5,baseline,51,25.5,2,True,True,False,False,,,,,,,,,0.0,0,0,,,0.0,,,,,,,,,,,,,
5,baseline,52,26.0,2,True,True,True,True,7,2663,11,0,0.00011316331074340272,35533.21230705205,0.0013670842236024328,40.0,0.0996462443654309,0,0,,,0.0,0,0,0.20833333333333334,1.0,0.03287277221680167,40.0,593,0.09953308105469127,0.00011316331074340272,3.540080364960886,7,2663,11
5,baseline,53,26.5,2,True,True,True,True,24,2168,2,0,5.303924670442939e-05,36033.210803950446,0.0028701858245767653,40.0,0.013984313660766929,0,0,,,0.0,0,0,0.20833333333333334,1.0,0.00019721984863281265,40.0,83,0.01393127441406633,5.303924670442939e-05,0.1723938680588617,24,2168,2
5,baseline,54,27.0,2,True,True,False,False,,,,,,,,,0.0,0,0,,,0.0,,,,,,,,,,,,,
5,baseline,55,27.5,2,True,True,True,True,10,2730,4,0,5.869990418432281e-05,37033.21094546688,0.00272866938757943,40.0,0.08062510615418432,0,0,,,0.0,0,0,0.20833333333333334,1.0,0.002589035034179717,40.0,480,0.08056640625000389,5.869990418432281e-05,1.8092555341063417,10,2730,4
5,baseline,56,28.0,2,True,True,True,True,29,2013,9,0,6.006459443597123e-05,37533.21097958414,0.0026945521312882192,40.0,0.13987634877412347,0,0,,,0.0,0,0,0.20833333333333334,1.0,0.008350372314452814,40.0,833,0.13981628417969139,6.006459443597123e-05,2.8496366229082923,29,2013,9
5,baseline,57,28.5,2,True,True,True,True,25,2201,1,0,7.083718373905866e-06,38033.20965506224,0.004019074032839853,40.0,0.020316531960561407,0,0,,,0.0,0,0,0.20833333333333334,1.0,0.0002979278564453124,40.0,121,0.020309448242191497,7.083718373905866e-06,0.2622507643827703,25,2201,1
5,baseline,58,29.0,2,True,True,False,False,,,,,,,,,0.0,0,0,,,0.0,,,,,,,,,,,,,
5,baseline,59,29.5,2,True,True,True,True,25,2265,8,0,0.00015247904695570472,39033.21328994545,0.0003841908182948828,40.0,0.039596448773518214,0,0,,,0.0,0,0,0.20833333333333334,1.0,0.00034828186035156216,40.0,235,0.039443969726566726,0.00015247904695570472,0.30296988522604806,25,2265,8
5,baseline,60,30.0,2,True,True,False,False,,,,,,,,,0.0,0,0,,,0.0,,,,,,,,,,,,,
5,baseline,61,30.5,2,True,True,True,True,11,2859,14,0,7.268236222444103e-05,40033.21129502833,0.0023791079365764745,40.0,0.13250371263566194,0,0,,,0.0,0,0,0.20833333333333334,1.0,0.002286911010742211,40.0,789,0.13243103027344194,7.268236222444103e-05,1.1451026262002415,11,2859,14
5,baseline,62,31.0,2,True,True,True,True,11,2955,15,0,0.00016223051556153224,40533.21353373217,0.00014040410314919427,40.0,0.011575804734311532,0,0,,,0.0,0,0,0.20833333333333334,1.0,0.00018463134765625013,40.0,68,0.011413574218754559,0.00016223051556153224,0.15857558532297844,11,2955,15
5,baseline,63,31.5,2,True,True,True,True,10,3018,14,0,0.00012669690331676975,41033.21264539186,0.0010287444092682563,40.0,0.04662022717675427,0,0,,,0.0,0,0,0.20833333333333334,1.0,0.0009819030761718717,40.0,277,0.046493530273442094,0.00012669690331676975,0.8617356565446244,10,3018,14
5,baseline,64,32.0,2,True,True,True,True,22,3030,8,0,3.454045159742236e-05,41533.21034148057,0.003332655702251941,40.0,0.019001215256284922,0,0,,,0.0,0,0,0.20833333333333334,1.0,0.0005496978759765612,40.0,113,0.01896667480469219,3.454045159742236e-05,0.4833343663412961,22,3030,8
5,baseline,65,32.5,2,True,True,True,True,14,2894,14,0,0.00010998148034559562,42033.21222750629,0.0014466299835476093,40.0,0.015048335972533095,0,0,,,0.0,0,0,0.20833333333333334,1.0,0.00020141601562500015,40.0,89,0.014938354492192302,0.00010998148034559562,0.1746664792226511,14,2894,14
5,baseline,66,33.0,2,True,True,True,True,19,2835,5,0,0.00015903471736237407,42533.21345383721,0.00022029905812814832,40.0,0.08525730131892487,0,0,,,0.0,0,0,0.20833333333333334,1.0,0.006157875061035027,40.0,507,0.0850982666015673,0.00015903471736237407,2.9974538072856376,19,2835,5
5,baseline,67,33.5,2,True,True,True,True,30,2974,6,0,9.831777366343886e-05,43033.21193591362,0.0017382226506015286,40.0,0.026953786523663443,0,0,,,0.0,0,0,0.20833333333333334,1.0,0.00038604736328124947,40.0,160,0.026855468750004864,9.831777366343886e-05,0.33758942010172177,30,2974,6
5,baseline,68,34.0,2,True,True,True,True,16,2768,15,0,0.0001457940661930479,43533.21312282093,0.0005513153373613022,40.0,0.10941398254275556,0,0,,,0.0,0,0,0.20833333333333334,1.0,0.010335159301757338,40.0,651,0.10926818847656741,0.0001457940661930479,1.6462414132038248,16,2768,15
5,baseline,69,34.5,2,True,True,True,True,22,3094,1,0,0.00010954111290629953,44033.2122164971,0.0014576391695300117,40.0,0.1095455762691563,0,0,,,0.0,0,0,0.20833333333333334,1.0,0.0063236236572264196,40.0,652,0.10943603515625488,0.00010954111290629953,2.448096148793411,22,3094,1
5,baseline,70,35.0,2,True,True,True,True,24,2872,2,0,0.0001058018021285534,44533.21212301433,0.0015511219389736652,40.0,0.057005826216191054,0,0,,,0.0,0,0,0.20833333333333334,1.0,0.002842903137207066,40.0,339,0.05690002441406744,0.0001058018021285534,1.734910072547791,24,2872,2
5,baseline,71,35.5,2,True,True,True,True,13,2605,6,0,0.00014421475847484544,45033.21308333824,0.000590798030316364,40.0,0.022299976477224846,0,0,,,0.0,0,0,0.20833333333333334,1.0,0.003969573974609427,40.0,132,0.022155761718754954,0.00014421475847484544,0.20153414764354238,13,2605,6
5,baseline,72,36.0,2,True,True,False,False,,,,,,,,,0.0,0,0,,,0.0,,,,,,,,,,,,,
5,baseline,73,36.5,2,True,True,True,True,7,3431,3,0,0.00013855740980943667,46033.21294190452,0.0007322317469515838,40.0,0.06895569608168445,0,0,,,0.0,0,0,0.20833333333333334,1.0,0.0016407012939453228,40.0,410,0.06881713867188011,0.00013855740980943667,0.8344651050138054,7,3431,3
5,baseline,74,37.0,2,True,True,True,True,29,2493,8,0,6.437691044993695e-06,46533.209638911554,0.0040352247160626575,40.0,0.10642123261292001,0,0,,,0.0,0,0,0.20833333333333334,1.0,0.008526611328124675,40.0,634,0.10641479492188019,6.437691044993695e-06,3.363516078374232,29,2493,8
5,baseline,75,37.5,2,True,True,True,True,9,3049,9,0,0.00010838235495612026,47033.21218752815,0.0014866081182844937,40.0,0.10098423684714362,0,0,,,0.0,0,0,0.20833333333333334,1.0,0.004095458984375041,40.0,601,0.10087585449219286,0.00010838235495612026,2.898510022983828,9,3049,9
5,baseline,76,38.0,2,True,True,True,True,25,2745,8,0,0.00013362717698328197,47533.2128186487,0.0008554875676054507,40.0,0.10671626877854579,0,0,,,0.0,0,0,0.20833333333333334,1.0,0.008958816528319952,40.0,635,0.10658264160156788,0.00013362717698328197,1.459105300178635,9,3081,1
5,baseline,77,38.5,2,True,True,True,True,31,3455,13,0,1.5314400370698423e-05,48033.20986082929,0.0038133069829200394,40.0,0.0401306708456832,0,0,,,0.0,0,0,0.20833333333333334,1.0,0.011426162719725998,40.0,239,0.040115356445317885,1.5314400370698423e-05,0.4898231002007378,31,3455,13
5,baseline,78,39.0,2,True,True,True,True,12,3468,13,0,8.277620043372735e-05,48533.21154737429,0.002126761981344316,40.0,0.038100049149652475,0,0,,,0.0,0,0,0.20833333333333334,1.0,0.007695770263671619,40.0,227,0.03801727294922423,8.277620043372735e-05,0.9189317562486394,12,3468,13
5,baseline,79,39.5,2,True,True,True,True,22,3414,6,0,5.133894534083083e-05,49033.21076144291,0.002912693358666729,40.0,0.009618599687528331,0,0,,,0.0,0,0,0.20833333333333334,1.0,0.007229995727538845,40.0,57,0.009567260742192996,5.133894534083083e-05,2.89674458574882,22,3414,6
5,baseline,80,40.0,2,True,True,False,False,,,,,,,,,0.0,0,0,,,0.0,,,,,,,,,,,,,
5,baseline,81,40.5,2,True,True,True,True,22,3446,14,0,4.826128191780302e-05,50033.210684501326,0.0029896349442424253,40.0,0.030260663625667802,0,0,,,0.0,0,0,0.20833333333333334,1.0,0.0008224487304687473,40.0,180,0.03021240234375555,4.826128191780302e-05,0.7232422008964932,22,3446,14
5,baseline,82,41.0,2,True,True,False,False,,,,,,,,,0.0,0,0,,,0.0,,,,,,,,,,,,,
5,baseline,83,41.5,2,True,True,True,True,27,3099,10,0,2.956173440907153e-05,51033.21021701264,0.0034571236319607124,40.0,0.03326320431253408,0,0,,,0.0,0,0,0.20833333333333334,1.0,0.003168106079101604,40.0,198,0.033233642578130634,2.956173440907153e-05,1.3158190631947946,27,3099,10
5,baseline,84,42.0,2,True,True,False,False,,,,,,,,,0.0,0,0,,,0.0,,,,,,,,,,,,,
5,baseline,85,42.5,2,True,True,True,True,7,3751,15,0,9.750243450980637e-05,52033.21191553014,0.0017586061294423416,40.0,0.12883590575482232,0,0,,,0.0,0,0,0.20833333333333334,1.0,0.008081817626952837,40.0,767,0.1287384033203184,9.750243450980637e-05,4.523867773612437,7,3751,15
5,baseline,86,43.0,2,True,True,True,True,29,2717,10,0,0.00013630438217660413,52533.21288557883,0.000788557437772397,40.0,0.1332387213743641,0,0,,,0.0,0,0,0.20833333333333334,1.0,0.006415939331054537,40.0,793,0.13310241699219352,0.00013630438217660413,4.809186586200667,1,3905,12
5,baseline,87,43.5,2,True,True,True,True,23,3927,6,0,8.232172287534922e-05,53033.21153601235,0.0021381239203037694,40.0,0.05110771234787535,0,0,,,0.0,0,0,0.20833333333333334,1.0,0.008476257324218429,40.0,304,0.05102539062500605,8.232172287534922e-05,2.3237490261381026,23,3927,6
5,baseline,88,44.0,2,True,True,True,True,10,4074,9,0,0.00012999449565541,53533.21272783167,0.0009463046008022502,40.0,0.08170348082378041,0,0,,,0.0,0,0,0.20833333333333334,1.0,0.004294776916503931,40.0,486,0.0815734863281311,0.00012999449565541,2.7397839385885163,10,4074,9
5,baseline,89,44.5,2,True,True,True,True,26,4346,14,0,0.00014488275803159923,54033.21310003823,0.0005740980413975194,40.0,0.12284080560959411,0,0,,,0.0,0,0,0.20833333333333334,1.0,0.015043258666991324,40.0,731,0.1226959228515686,0.00014488275803159923,2.215111940924544,26,4346,14
5,baseline,90,45.0,2,True,True,True,True,21,3669,11,0,6.706293381284922e-05,54533.21115454262,0.0025195936468662694,40.0,0.16254264887131284,0,0,,,0.0,0,0,0.20833333333333334,1.0,0.006034088134765506,40.0,968,0.1624755859375061,6.706293381284922e-05,2.381679353537038,21,3669,11
5,baseline,91,45.5,2,True,True,True,True,8,3976,8,0,3.881228796672075e-05,55033.21044827648,0.003225859793019481,40.0,0.01296300662390422,0,0,,,0.0,0,0,0.20833333333333334,1.0,0.0008853912353515594,40.0,77,0.012924194335943731,3.881228796672075e-05,0.7789209308175487,8,3976,8
5,baseline,92,46.0,2,True,True,True,True,30,3806,10,0,6.92538172006607e-05,55533.21120931471,0.0024648215621709824,40.0,0.01618253506720066,0,0,,,0.0,0,0,0.20833333333333334,1.0,0.014539718627928865,40.0,96,0.0161132812500063,6.92538172006607e-05,1.180518475957797,30,3806,10
5,baseline,93,46.5,2,True,True,False,False,,,,,,,,,0.0,0,0,,,0.0,,,,,,,,,,,,,
5,baseline,94,47.0,2,True,True,True,True,5,3397,2,0,7.553656469099228e-06,56533.20966681069,0.004007325580460019,40.0,0.1087722020939691,0,0,,,0.0,0,0,0.20833333333333334,1.0,0.006762123107909977,40.0,648,0.10876464843750638,7.553656469099228e-06,3.373530228411255,5,3397,2
5,baseline,95,47.5,2,True,True,True,True,13,3501,11,0,9.679584356490522e-05,57033.21189786537,0.0017762709030648693,40.0,0.021749017523252406,0,0,,,0.0,0,0,0.20833333333333334,1.0,7.5531005859375e-05,40.0,129,0.02165222167969391,9.679584356490522e-05,0.06411110999761149,13,3501,11
5,baseline,96,48.0,2,True,True,True,True,23,4311,9,0,0.00014646675408584996,57533.21313963813,0.0005344981400412507,40.0,0.06980283882439835,0,0,,,0.0,0,0,0.20833333333333334,1.0,0.007112503051757604,40.0,415,0.069656372070319,0.00014646675408584996,2.1113006150335423,23,4311,9
5,baseline,97,48.5,2,True,True,True,True,8,4328,0,0,0.00014335687912534926,58033.213061891256,0.0006122450140537694,40.0,0.0076964574650628505,0,0,,,0.0,0,0,0.20833333333333334,1.0,2.9373168945312497e-05,40.0,45,0.007553100585944107,0.00014335687912534926,0.022289247055596206,8,4328,0
5,baseline,98,49.0,2,True,True,True,True,17,4849,15,0,9.910639084409923e-05,58533.21195562905,0.0017185072210850194,40.0,0.025276108343969098,0,0,,,0.0,0,0,0.20833333333333334,1.0,0.007674789428710683,40.0,150,0.02517700195313166,9.910639084409923e-05,0.253880860938807,17,4849,15
5,baseline,99,49.5,2,True,True,False,False,,,,,,,,,0.0,0,0,,,0.0,,,,,,,,,,,,,
5,baseline,100,50.0,2,True,True,True,True,9,4009,5,0,0.00015762701572384684,59533.21341864467,0.0002554915990913287,40.0,0.025250705629005096,0,0,,,0.0,0,0,0.20833333333333334,1.0,0.006277465820312361,40.0,150,0.025093078613288022,0.00015762701572384684,1.6564730211612186,9,4009,5
5,baseline,101,50.5,2,True,True,True,True,4,3940,5,0,2.721598051721232e-05,60033.21015836879,0.0035157674792571925,40.0,0.09016088297270472,0,0,,,0.0,0,0,0.20833333333333334,1.0,0.006537628173827964,40.0,537,0.09013366699219429,2.721598051721232e-05,1.6471886435247143,4,3940,5
5,baseline,102,51.0,2,True,True,True,True,12,4140,4,0,0.00015301424253266304,60533.21330332534,0.0003708109288709238,40.0,0.06527752596128267,0,0,,,0.0,0,0,0.20833333333333334,1.0,0.01538734436035067,40.0,388,0.06512451171875683,0.00015301424253266304,1.6601558308684616,12,4140,4
5,baseline,103,51.5,2,True,True,True,True,12,4140,11,0,7.515893346862868e-05,61033.211356942615,0.002317193655471783,40.0,0.00913887963659363,0,0,,,0.0,0,0,0.20833333333333334,1.0,0.005421447753906182,40.0,54,0.009063720703131967,7.515893346862868e-05,0.825506799199502,12,4140,11
5,baseline,104,52.0,2,True,True,True,True,31,4703,8,0,0.0001645733416080475,61533.21359230282,8.183345198631287e-05,40.0,0.046490256935358056,0,0,,,0.0,0,0,0.20833333333333334,1.0,0.020968246459961794,40.0,276,0.046325683593756994,0.0001645733416080475,0.9915542461676523,31,4703,8
5,baseline,105,52.5,2,True,True,True,True,28,4700,2,0,7.835255644749852e-05,62033.21143678319,0.0022373530810000375,40.0,0.0594960771658225,0,0,,,0.0,0,0,0.20833333333333334,1.0,0.0032226562500000428,40.0,354,0.05941772460938208,7.835255644749852e-05,1.8029392680400633,17,5137,9
5,baseline,106,53.0,2,True,True,True,True,9,4329,9,0,3.2222548034042156e-05,62533.21028353298,0.003390603291336447,40.0,0.011110103407409044,0,0,,,0.0,0,0,0.20833333333333334,1.0,0.0008853912353515594,40.0,66,0.011077880859382307,3.2222548034042156e-05,0.7790856743158656,9,4329,9
5,baseline,107,53.5,2,True,True,True,True,18,4370,13,0,6.644774402957436e-06,63033.20964408864,0.004030047632113565,40.0,0.0010137248525279577,0,0,,,0.0,0,0,0.20833333333333334,1.0,0.0010322570800781227,40.0,6,0.001007080078132487,6.644774402957436e-06,0.9184909635878284,18,4370,13
5,baseline,108,54.0,2,True,True,True,True,25,3897,13,0,9.234923170879486e-05,63533.21178670007,0.0018874361994676292,40.0,0.017380557239521296,0,0,,,0.0,0,0,0.20833333333333334,1.0,0.0006126403808593734,40.0,103,0.017288208007820223,9.234923170879486e-05,0.5373316519107902,25,3897,13
5,baseline,109,54.5,2,True,True,True,True,28,4860,3,0,0.00013202208327129484,64033.21277852136,0.0008956149104051292,40.0,0.0897621490363963,0,0,,,0.0,0,0,0.20833333333333334,1.0,0.0035625457763672373,40.0,534,0.08963012695313274,0.00013202208327129484,2.065707898582332,28,4860,3
5,baseline,110,55.0,2,True,True,True,True,3,4643,9,0,0.00015491026686504487,64533.21335072595,0.0003234103205613792,40.0,0.008379397571552545,0,0,,,0.0,0,0,0.20833333333333334,1.0,0.0009273529052734342,40.0,49,0.008224487304695292,0.00015491026686504487,0.8129801513932762,3,4643,9
5,baseline,111,55.5,2,True,True,True,True,17,5233,12,0,0.00010533129971008748,65033.21211125177,0.001562884499435313,40.0,0.024946639893460087,0,0,,,0.0,0,0,0.20833333333333334,1.0,0.003109359741210978,40.0,148,0.024841308593757827,0.00010533129971008748,0.26989307315670885,17,5233,12
5,baseline,112,56.0,2,True,True,True,True,6,4742,1,0,0.00016682267189025883,65533.213648536075,2.5600194931030273e-05,40.0,0.03440754532814026,0,0,,,0.0,0,0,0.20833333333333334,1.0,0.0008686065673828095,40.0,204,0.034240722656257855,0.00016682267189025883,0.44487733123241924,6,4742,1
5,baseline,113,56.49999999999999,2,True,True,True,True,27,3771,1,0,9.549260255880653e-05,66033.21186528433,0.0018088519282173365,40.0,0.010669833422871306,0,0,,,0.0,0,0,0.20833333333333334,1.0,0.005517959594726486,40.0,63,0.010574340820320563,9.549260255880653e-05,1.2672663256089436,27,3771,1
5,baseline,114,56.99999999999999,2,True,True,True,True,24,4568,2,0,2.0718174637295294e-05,66533.20999592364,0.0036782126262551174,40.0,0.054822659092606044,0,0,,,0.0,0,0,0.20833333333333334,1.0,0.0011035919189453117,40.0,327,0.054801940917976855,2.0718174637295294e-05,0.9715739583334653,24,4568,2
5,baseline,115,57.49999999999999,2,True,True,True,True,29,3613,0,0,2.814180566929281e-05,67033.21018151441,0.00349262185045518,40.0,0.007245549032231793,0,0,,,0.0,0,0,0.20833333333333334,1.0,2.5177001953125e-05,40.0,43,0.00721740722657066,2.814180566929281e-05,0.021473456668900326,29,3613,0
5,baseline,116,57.99999999999999,2,True,True,True,True,24,4696,12,0,2.166181046050041e-05,67533.21001951453,0.0036546217306749895,40.0,0.0983798161073355,0,0,,,0.0,0,0,0.20833333333333334,1.0,0.006189346313476431,40.0,586,0.09835815429688316,2.166181046050041e-05,2.314818254832062,24,4696,12
5,baseline,117,58.49999999999999,2,True,True,False,False,,,,,,,,,0.0,0,0,,,0.0,,,,,,,,,,,,,
5,baseline,118,58.99999999999999,2,True,True,True,True,12,4524,11,0,2.6855868054553856e-05,68533.21014936597,0.0035247702908236533,40.0,0.30332580606336706,0,0,,,0.0,0,0,0.20833333333333334,1.0,0.014243888854979672,40.0,1807,0.3032989501953207,2.6855868054553856e-05,5.326137658528751,27,3899,8
5,baseline,119,59.49999999999999,2,True,True,True,True,0,5216,3,0,5.2916617714799944e-05,69033.21080088471,0.0028732515493175015,40.0,0.1407084341958398,0,0,,,0.0,0,0,0.20833333333333334,1.0,0.013614463806151599,40.0,838,0.14065551757813324,5.2916617714799944e-05,1.8990817140729632,0,5216,3
5,baseline,120,59.99999999999999,2,True,True,True,True,6,5094,13,0,0.0001575291604967788,69533.21341619828,0.00025793797976803035,40.0,0.08777349595737179,0,0,,,0.0,0,0,0.20833333333333334,1.0,0.0025932312011719048,40.0,522,0.08761596679688327,0.0001575291604967788,2.4302992597658886,6,5094,13
5,baseline,121,60.49999999999999,2,True,True,True,True,26,5498,2,0,0.00014099797524977476,70033.21300291865,0.0006712176109431311,40.0,0.08993897160806227,0,0,,,0.0,0,0,0.20833333333333334,1.0,0.012995529174803993,40.0,535,0.08979797363282077,0.00014099797524977476,1.7325805189175298,26,5498,2
5,baseline,122,60.99999999999999,2,True,True,True,True,20,5172,2,0,1.1139859561808412e-05,70533.20975646576,0.00391767050314229,40.0,0.019145661343936807,0,0,,,0.0,0,0,0.20833333333333334,1.0,0.0037933349609375546,40.0,114,0.019134521484383327,1.1139859561808412e-05,1.2590724136243807,20,5172,2
5,baseline,123,61.49999999999999,2,True,True,True,True,17,5745,1,0,4.7876574099063875e-05,71033.21067488362,0.002999252639710903,40.0,0.06500454161316156,0,0,,,0.0,0,0,0.20833333333333334,1.0,0.003566741943359425,40.0,387,0.06495666503907083,4.7876574099063875e-05,2.043391862520366,17,5745,1
5,baseline,124,61.99999999999999,2,True,True,False,False,,,,,,,,,0.0,0,0,,,0.0,,,,,,,,,,,,,
5,baseline,125,62.49999999999999,2,True,True,True,True,14,5390,8,0,1.0227737366221842e-05,72033.2097336627,0.003940473558031954,40.0,0.052881931838928725,0,0,,,0.0,0,0,0.20833333333333334,1.0,0.0040996551513672284,40.0,315,0.052871704101570965,1.0227737366221842e-05,0.9894088465516688,14,5390,8
5,baseline,126,62.99999999999999,2,True,True,True,True,15,5487,7,0,6.590058968868107e-05,72533.21112548401,0.0025486522499704733,40.0,0.04068479707406368,0,0,,,0.0,0,0,0.20833333333333334,1.0,0.010637283325194813,40.0,242,0.04061889648438352,6.590058968868107e-05,2.0124100916291354,15,5487,7
5,baseline,127,63.49999999999999,2,True,True,True,True,28,5372,10,0,0.00012602473550941794,73033.21262858766,0.0010455486044520512,40.0,0.06340422297769692,0,0,,,0.0,0,0,0.20833333333333334,1.0,0.0064579010009764085,40.0,377,0.06327819824219605,0.00012602473550941794,3.1218811578291934,28,5372,10
5,baseline,128,63.99999999999999,2,True,True,True,True,23,5367,10,0,0.00015749943850096315,73533.21341545523,0.0002586810296634212,40.0,0.016606474047875963,0,0,,,0.0,0,0,0.20833333333333334,1.0,0.0003189086914062498,40.0,98,0.016448974609383604,0.00015749943850096315,0.27697120363882277,23,5367,10
