num_ssu,case,case_label,npu_id,compute_ms,io_barrier_ms,other_ms,measurement_ms,compute_fraction,io_barrier_fraction,other_fraction,idle_fraction,delta_vs_baseline_compute_ms,delta_vs_baseline_io_barrier_ms,delta_vs_baseline_other_ms,includes_carry_in,full_window_idle_root_cause_evidence
3,baseline,Baseline,0,38542.97823722431,25457.021762775687,0.0,64000.0,0.6022340349566299,0.3977659650433701,0.0,0.3977659650433701,0.0,0.0,0.0,True,True
3,baseline,Baseline,1,34662.97672603509,29337.023273964915,0.0,64000.0,0.5416090113442983,0.45839098865570177,0.0,0.45839098865570177,0.0,0.0,0.0,True,True
3,baseline,Baseline,2,33701.115246664966,30298.884753335034,0.0,64000.0,0.5265799257291401,0.4734200742708599,0.0,0.4734200742708599,0.0,0.0,0.0,True,True
3,baseline,Baseline,3,36486.06723459253,27513.932765407477,0.0,64000.0,0.5700948005405082,0.42990519945949185,0.0,0.42990519945949185,0.0,0.0,0.0,True,True
3,baseline,Baseline,4,38194.518759137616,25805.481240862384,0.0,64000.0,0.5967893556115252,0.40321064438847476,0.0,0.40321064438847476,0.0,0.0,0.0,True,True
3,baseline,Baseline,5,40573.47337536526,23426.52662463474,0.0,64000.0,0.6339605214900822,0.3660394785099178,0.0,0.3660394785099178,0.0,0.0,0.0,True,True
3,baseline,Baseline,6,35620.254517496534,28379.74548250347,0.0,64000.0,0.5565664768358833,0.4434335231641167,0.0,0.4434335231641167,0.0,0.0,0.0,True,True
3,baseline,Baseline,7,36201.606806720345,27798.393193279655,0.0,64000.0,0.5656501063550053,0.4343498936449946,0.0,0.4343498936449946,0.0,0.0,0.0,True,True
3,baseline,Baseline,8,36090.94455373307,27909.05544626693,0.0,64000.0,0.5639210086520792,0.43607899134792083,0.0,0.43607899134792083,0.0,0.0,0.0,True,True
3,baseline,Baseline,9,36755.383746076535,27244.61625392347,0.0,64000.0,0.5743028710324458,0.4256971289675542,0.0,0.4256971289675542,0.0,0.0,0.0,True,True
3,baseline,Baseline,10,34590.75354348158,29409.246456518424,0.0,64000.0,0.5404805241168997,0.4595194758831004,0.0,0.4595194758831004,0.0,0.0,0.0,True,True
3,baseline,Baseline,11,34048.40617652348,29951.59382347652,0.0,64000.0,0.5320063465081794,0.46799365349182065,0.0,0.46799365349182065,0.0,0.0,0.0,True,True
3,baseline,Baseline,12,34048.939014387644,29951.06098561236,0.0,64000.0,0.5320146720998069,0.4679853279001931,0.0,0.4679853279001931,0.0,0.0,0.0,True,True
3,baseline,Baseline,13,41639.75570521239,22360.24429478761,0.0,64000.0,0.6506211828939436,0.34937881710605645,0.0,0.34937881710605645,0.0,0.0,0.0,True,True
3,baseline,Baseline,14,39568.06098642567,24431.93901357433,0.0,64000.0,0.6182509529129011,0.3817490470870989,0.0,0.3817490470870989,0.0,0.0,0.0,True,True
3,baseline,Baseline,15,32537.747665936557,31462.252334063447,0.0,64000.0,0.5084023072802587,0.49159769271974135,0.0,0.49159769271974135,0.0,0.0,0.0,True,True
3,baseline,Baseline,16,39815.709035892774,24184.290964107226,0.0,64000.0,0.6221204536858246,0.3778795463141754,0.0,0.3778795463141754,0.0,0.0,0.0,True,True
3,baseline,Baseline,17,34359.1337032566,29640.8662967434,0.0,64000.0,0.5368614641133844,0.46313853588661563,0.0,0.46313853588661563,0.0,0.0,0.0,True,True
3,baseline,Baseline,18,37207.97938825403,26792.020611745967,0.0,64000.0,0.5813746779414692,0.41862532205853076,0.0,0.41862532205853076,0.0,0.0,0.0,True,True
3,baseline,Baseline,19,38794.74987694453,25205.250123055474,0.0,64000.0,0.6061679668272583,0.3938320331727418,0.0,0.3938320331727418,0.0,0.0,0.0,True,True
3,baseline,Baseline,20,39243.14809731775,24756.851902682247,0.0,64000.0,0.6131741890205898,0.3868258109794101,0.0,0.3868258109794101,0.0,0.0,0.0,True,True
3,baseline,Baseline,21,35424.8644041255,28575.1355958745,0.0,64000.0,0.553513506314461,0.44648649368553905,0.0,0.44648649368553905,0.0,0.0,0.0,True,True
3,baseline,Baseline,22,37246.83494168962,26753.165058310376,0.0,64000.0,0.5819817959639003,0.4180182040360996,0.0,0.4180182040360996,0.0,0.0,0.0,True,True
3,baseline,Baseline,23,36827.351341254434,27172.64865874557,0.0,64000.0,0.5754273647071005,0.4245726352928995,0.0,0.4245726352928995,0.0,0.0,0.0,True,True
3,baseline,Baseline,24,39251.70822984262,24748.291770157382,0.0,64000.0,0.6133079410912909,0.3866920589087091,0.0,0.3866920589087091,0.0,0.0,0.0,True,True
3,baseline,Baseline,25,44121.849693147735,19878.150306852265,0.0,64000.0,0.6894039014554334,0.31059609854456666,0.0,0.31059609854456666,0.0,0.0,0.0,True,True
3,baseline,Baseline,26,32360.61679837393,31639.38320162607,0.0,64000.0,0.5056346374745926,0.49436536252540736,0.0,0.49436536252540736,0.0,0.0,0.0,True,True
3,baseline,Baseline,27,38228.08665894412,25771.913341055882,0.0,64000.0,0.5973138540460019,0.40268614595399815,0.0,0.40268614595399815,0.0,0.0,0.0,True,True
3,baseline,Baseline,28,33747.78437576973,30252.215624230274,0.0,64000.0,0.527309130871402,0.47269086912859803,0.0,0.47269086912859803,0.0,0.0,0.0,True,True
3,baseline,Baseline,29,45336.73419054833,18663.265809451674,0.0,64000.0,0.7083864717273177,0.2916135282726824,0.0,0.2916135282726824,0.0,0.0,0.0,True,True
3,baseline,Baseline,30,37628.09386422609,26371.906135773916,0.0,64000.0,0.5879389666285326,0.41206103337146743,0.0,0.41206103337146743,0.0,0.0,0.0,True,True
3,baseline,Baseline,31,38862.46949676551,25137.530503234495,0.0,64000.0,0.607226085886961,0.39277391411303897,0.0,0.39277391411303897,0.0,0.0,0.0,True,True
3,layer_once_ttl_5ms,Layer once: TTL 5 ms,0,38544.81651065382,25455.18348934618,0.0,64000.0,0.602262757978966,0.39773724202103405,0.0,0.39773724202103405,1.8382734295082628,-1.8382734295082628,0.0,True,True
3,layer_once_ttl_5ms,Layer once: TTL 5 ms,1,36142.7717661248,27857.2282338752,0.0,64000.0,0.5647308088457,0.4352691911543,0.0,0.4352691911543,1479.7950400897098,-1479.7950400897134,0.0,True,True
3,layer_once_ttl_5ms,Layer once: TTL 5 ms,2,34194.995795727504,29805.004204272496,0.0,64000.0,0.5342968093082422,0.46570319069175775,0.0,0.46570319069175775,493.8805490625382,-493.8805490625382,0.0,True,True
3,layer_once_ttl_5ms,Layer once: TTL 5 ms,3,34878.1541874291,29121.8458125709,0.0,64000.0,0.5449711591785796,0.4550288408214203,0.0,0.4550288408214203,-1607.913047163427,1607.9130471634235,0.0,True,True
3,layer_once_ttl_5ms,Layer once: TTL 5 ms,4,40540.57814886509,23459.421851134914,0.0,64000.0,0.633446533576017,0.366553466423983,0.0,0.366553466423983,2346.059389727474,-2346.0593897274703,0.0,True,True
3,layer_once_ttl_5ms,Layer once: TTL 5 ms,5,42053.14657082152,21946.85342917848,0.0,64000.0,0.6570804151690862,0.3429195848309138,0.0,0.3429195848309138,1479.6731954562565,-1479.6731954562565,0.0,True,True
3,layer_once_ttl_5ms,Layer once: TTL 5 ms,6,34862.08305795105,29137.91694204895,0.0,64000.0,0.5447200477804852,0.45527995221951484,0.0,0.45527995221951484,-758.1714595454832,758.1714595454796,0.0,True,True
3,layer_once_ttl_5ms,Layer once: TTL 5 ms,7,37435.75042648554,26564.249573514462,0.0,64000.0,0.5849336004138366,0.4150663995861635,0.0,0.4150663995861635,1234.1436197651929,-1234.1436197651929,0.0,True,True
3,layer_once_ttl_5ms,Layer once: TTL 5 ms,8,38446.134197096675,25553.865802903325,0.0,64000.0,0.6007208468296356,0.39927915317036444,0.0,0.39927915317036444,2355.1896433636066,-2355.1896433636066,0.0,True,True
3,layer_once_ttl_5ms,Layer once: TTL 5 ms,9,38851.414616130656,25148.58538386935,0.0,64000.0,0.6070533533770415,0.3929466466229586,0.0,0.3929466466229586,2096.030870054121,-2096.0308700541173,0.0,True,True
3,layer_once_ttl_5ms,Layer once: TTL 5 ms,10,35498.567402714325,28501.432597285682,0.0,64000.0,0.5546651156674113,0.4453348843325888,0.0,0.4453348843325888,907.813859232745,-907.8138592327414,0.0,True,True
3,layer_once_ttl_5ms,Layer once: TTL 5 ms,11,34349.51306032907,29650.486939670933,0.0,64000.0,0.5367111415676417,0.46328885843235834,0.0,0.46328885843235834,301.10688380558713,-301.10688380558713,0.0,True,True
3,layer_once_ttl_5ms,Layer once: TTL 5 ms,12,43436.03270716669,20563.96729283331,0.0,64000.0,0.6786880110494795,0.32131198895052043,0.0,0.32131198895052043,9387.093692779046,-9387.09369277905,0.0,True,True
3,layer_once_ttl_5ms,Layer once: TTL 5 ms,13,40986.79476763621,23013.205232363794,0.0,64000.0,0.6404186682443158,0.3595813317556843,0.0,0.3595813317556843,-652.9609375761793,652.9609375761829,0.0,True,True
3,layer_once_ttl_5ms,Layer once: TTL 5 ms,14,35628.900475425144,28371.099524574856,0.0,64000.0,0.5567015699285178,0.4432984300714821,0.0,0.4432984300714821,-3939.1605110005257,3939.1605110005257,0.0,True,True
3,layer_once_ttl_5ms,Layer once: TTL 5 ms,15,36722.20814519058,27277.79185480942,0.0,64000.0,0.5737845022686029,0.4262154977313972,0.0,0.4262154977313972,4184.460479254027,-4184.460479254027,0.0,True,True
3,layer_once_ttl_5ms,Layer once: TTL 5 ms,16,36068.258273610874,27931.74172638913,0.0,64000.0,0.5635665355251699,0.43643346447483017,0.0,0.43643346447483017,-3747.4507622819,3747.4507622819037,0.0,True,True
3,layer_once_ttl_5ms,Layer once: TTL 5 ms,17,36131.551696788454,27868.448303211546,0.0,64000.0,0.5645554952623196,0.4354445047376804,0.0,0.4354445047376804,1772.4179935318534,-1772.4179935318534,0.0,True,True
3,layer_once_ttl_5ms,Layer once: TTL 5 ms,18,33360.80510321281,30639.194896787194,0.0,64000.0,0.5212625797377002,0.47873742026229993,0.0,0.47873742026229993,-3847.1742850412193,3847.1742850412265,0.0,True,True
3,layer_once_ttl_5ms,Layer once: TTL 5 ms,19,34602.09173301382,29397.908266986182,0.0,64000.0,0.5406576833283409,0.4593423166716591,0.0,0.4593423166716591,-4192.658143930712,4192.658143930708,0.0,True,True
3,layer_once_ttl_5ms,Layer once: TTL 5 ms,20,39256.78801827066,24743.21198172935,0.0,64000.0,0.613387312785479,0.3866126872145211,0.0,0.3866126872145211,13.639920952904504,-13.639920952897228,0.0,True,True
3,layer_once_ttl_5ms,Layer once: TTL 5 ms,21,36732.11390257212,27267.886097427887,0.0,64000.0,0.5739392797276894,0.42606072027231073,0.0,0.42606072027231073,1307.2494984466175,-1307.2494984466139,0.0,True,True
3,layer_once_ttl_5ms,Layer once: TTL 5 ms,22,35999.648387757254,28000.35161224275,0.0,64000.0,0.5624945060587071,0.43750549394129296,0.0,0.43750549394129296,-1247.1865539323699,1247.1865539323735,0.0,True,True
3,layer_once_ttl_5ms,Layer once: TTL 5 ms,23,37963.575579908604,26036.424420091396,0.0,64000.0,0.593180868436072,0.40681913156392807,0.0,0.40681913156392807,1136.2242386541693,-1136.224238654173,0.0,True,True
3,layer_once_ttl_5ms,Layer once: TTL 5 ms,24,39882.85051335552,24117.14948664448,0.0,64000.0,0.62316953927118,0.37683046072882004,0.0,0.37683046072882004,631.1422835129051,-631.1422835129015,0.0,True,True
3,layer_once_ttl_5ms,Layer once: TTL 5 ms,25,41739.09642432995,22260.90357567005,0.0,64000.0,0.6521733816301555,0.3478266183698445,0.0,0.3478266183698445,-2382.7532688177816,2382.7532688177853,0.0,True,True
3,layer_once_ttl_5ms,Layer once: TTL 5 ms,26,33373.06588580482,30626.93411419518,0.0,64000.0,0.5214541544657003,0.4785458455342997,0.0,0.4785458455342997,1012.4490874308904,-1012.4490874308904,0.0,True,True
3,layer_once_ttl_5ms,Layer once: TTL 5 ms,27,38746.281057361004,25253.718942638996,0.0,64000.0,0.6054106415212657,0.39458935847873433,0.0,0.39458935847873433,518.1943984168829,-518.1943984168865,0.0,True,True
3,layer_once_ttl_5ms,Layer once: TTL 5 ms,28,34013.27624565751,29986.723754342496,0.0,64000.0,0.5314574413383986,0.4685425586616015,0.0,0.4685425586616015,265.4918698877809,-265.4918698877773,0.0,True,True
3,layer_once_ttl_5ms,Layer once: TTL 5 ms,29,36302.560771309814,27697.439228690186,0.0,64000.0,0.5672275120517158,0.43277248794828416,0.0,0.43277248794828416,-9034.17341923852,9034.173419238512,0.0,True,True
3,layer_once_ttl_5ms,Layer once: TTL 5 ms,30,38507.45174216723,25492.548257832772,0.0,64000.0,0.6016789334713629,0.3983210665286371,0.0,0.3983210665286371,879.35787794114,-879.3578779411437,0.0,True,True
3,layer_once_ttl_5ms,Layer once: TTL 5 ms,31,39119.84336675355,24880.15663324645,0.0,64000.0,0.6112475526055242,0.3887524473944758,0.0,0.3887524473944758,257.3738699880414,-257.37386998804504,0.0,True,True
3,adaptive_t0_i100ms,"Adaptive: event-driven, min 100 ms",0,35510.97960273769,28489.020397262306,7.275957614183426e-12,64000.0,0.5548590562927763,0.4451409437072235,1.1368683772161603e-16,0.4451409437072236,-3031.9986344866265,3031.9986344866193,7.275957614183426e-12,True,True
3,adaptive_t0_i100ms,"Adaptive: event-driven, min 100 ms",1,33955.71106643589,30044.28893356411,0.0,64000.0,0.5305579854130608,0.4694420145869392,0.0,0.4694420145869392,-707.2656595992012,707.2656595991939,0.0,True,True
3,adaptive_t0_i100ms,"Adaptive: event-driven, min 100 ms",2,35551.60701741871,28448.392982581285,0.0,64000.0,0.5554938596471674,0.4445061403528326,0.0,0.4445061403528326,1850.491770753746,-1850.4917707537497,0.0,True,True
3,adaptive_t0_i100ms,"Adaptive: event-driven, min 100 ms",3,38819.490239017054,25180.509760982946,0.0,64000.0,0.6065545349846415,0.39344546501535854,0.0,0.39344546501535854,2333.423004424527,-2333.4230044245305,0.0,True,True
3,adaptive_t0_i100ms,"Adaptive: event-driven, min 100 ms",4,38135.19566324334,25864.804336756653,0.0,64000.0,0.5958624322381773,0.4041375677618227,0.0,0.4041375677618227,-59.32309589427314,59.3230958942695,0.0,True,True
3,adaptive_t0_i100ms,"Adaptive: event-driven, min 100 ms",5,39357.379175095884,24642.620824904112,0.0,64000.0,0.6149590496108732,0.3850409503891267,0.0,0.3850409503891267,-1216.0942002693773,1216.0942002693737,0.0,True,True
3,adaptive_t0_i100ms,"Adaptive: event-driven, min 100 ms",6,41500.774654938476,22499.22534506152,0.0,64000.0,0.6484496039834137,0.3515503960165863,0.0,0.3515503960165863,5880.520137441941,-5880.5201374419485,0.0,True,True
3,adaptive_t0_i100ms,"Adaptive: event-driven, min 100 ms",7,35732.75418139436,28267.245818605636,0.0,64000.0,0.5583242840842869,0.44167571591571303,0.0,0.44167571591571303,-468.85262532598426,468.8526253259806,0.0,True,True
3,adaptive_t0_i100ms,"Adaptive: event-driven, min 100 ms",8,38542.78312066893,25457.216879331067,0.0,64000.0,0.602230986260452,0.3977690137395479,0.0,0.3977690137395479,2451.8385669358613,-2451.838566935865,0.0,True,True
3,adaptive_t0_i100ms,"Adaptive: event-driven, min 100 ms",9,37383.019560165274,26616.980439834726,0.0,64000.0,0.5841096806275824,0.4158903193724176,0.0,0.4158903193724176,627.6358140887387,-627.6358140887423,0.0,True,True
3,adaptive_t0_i100ms,"Adaptive: event-driven, min 100 ms",10,36730.16958025714,27269.83041974286,0.0,64000.0,0.5739088996915178,0.4260911003084822,0.0,0.4260911003084822,2139.416036775561,-2139.416036775565,0.0,True,True
3,adaptive_t0_i100ms,"Adaptive: event-driven, min 100 ms",11,35945.15709608792,28054.842903912082,0.0,64000.0,0.5616430796263737,0.4383569203736263,0.0,0.4383569203736263,1896.750919564438,-1896.750919564438,0.0,True,True
3,adaptive_t0_i100ms,"Adaptive: event-driven, min 100 ms",12,38118.18840035773,25881.81159964227,0.0,64000.0,0.5955966937555895,0.4044033062444105,0.0,0.4044033062444105,4069.2493859700844,-4069.249385970088,0.0,True,True
3,adaptive_t0_i100ms,"Adaptive: event-driven, min 100 ms",13,39199.15706677742,24800.84293322258,0.0,64000.0,0.6124868291683973,0.3875131708316028,0.0,0.3875131708316028,-2440.598638434967,2440.598638434967,0.0,True,True
3,adaptive_t0_i100ms,"Adaptive: event-driven, min 100 ms",14,41837.547970370106,22162.452029629894,0.0,64000.0,0.6537116870370329,0.3462883129629671,0.0,0.3462883129629671,2269.4869839444364,-2269.4869839444364,0.0,True,True
3,adaptive_t0_i100ms,"Adaptive: event-driven, min 100 ms",15,37215.91424736056,26784.085752639436,0.0,64000.0,0.5814986601150087,0.41850133988499116,0.0,0.41850133988499116,4678.166581424004,-4678.166581424011,0.0,True,True
3,adaptive_t0_i100ms,"Adaptive: event-driven, min 100 ms",16,40034.510710067036,23965.489289932957,7.275957614183426e-12,64000.0,0.6255392298447975,0.37446077015520246,1.1368683772161603e-16,0.37446077015520257,218.80167417426128,-218.80167417426856,7.275957614183426e-12,True,True
3,adaptive_t0_i100ms,"Adaptive: event-driven, min 100 ms",17,38127.6693947002,25872.3306052998,0.0,64000.0,0.5957448342921906,0.4042551657078094,0.0,0.4042551657078094,3768.535691443598,-3768.535691443598,0.0,True,True
3,adaptive_t0_i100ms,"Adaptive: event-driven, min 100 ms",18,37378.39185071891,26621.608149281088,0.0,64000.0,0.5840373726674829,0.415962627332517,0.0,0.415962627332517,170.41246246487572,-170.41246246487935,0.0,True,True
3,adaptive_t0_i100ms,"Adaptive: event-driven, min 100 ms",19,39093.7447866398,24906.2552133602,0.0,64000.0,0.6108397622912469,0.38916023770875313,0.0,0.38916023770875313,298.9949096952696,-298.99490969527324,0.0,True,True
3,adaptive_t0_i100ms,"Adaptive: event-driven, min 100 ms",20,40121.07835072749,23878.92164927251,0.0,64000.0,0.626891849230117,0.37310815076988296,0.0,0.37310815076988296,877.9302534097369,-877.9302534097369,0.0,True,True
3,adaptive_t0_i100ms,"Adaptive: event-driven, min 100 ms",21,35644.61188880465,28355.38811119535,0.0,64000.0,0.5569470607625726,0.44305293923742733,0.0,0.44305293923742733,219.7474846791447,-219.74748467915197,0.0,True,True
3,adaptive_t0_i100ms,"Adaptive: event-driven, min 100 ms",22,40398.716462037184,23601.283537962812,0.0,64000.0,0.631229944719331,0.3687700552806689,0.0,0.3687700552806689,3151.8815203475606,-3151.881520347564,0.0,True,True
3,adaptive_t0_i100ms,"Adaptive: event-driven, min 100 ms",23,37689.82463863991,26310.17536136009,0.0,64000.0,0.5889035099787486,0.41109649002125137,0.0,0.41109649002125137,862.473297385477,-862.4732973854807,0.0,True,True
3,adaptive_t0_i100ms,"Adaptive: event-driven, min 100 ms",24,36126.41361311295,27873.58638688705,0.0,64000.0,0.5644752127048899,0.4355247872951102,0.0,0.4355247872951102,-3125.2946167296686,3125.2946167296686,0.0,True,True
3,adaptive_t0_i100ms,"Adaptive: event-driven, min 100 ms",25,40334.07096465422,23665.92903534578,0.0,64000.0,0.6302198588227221,0.3697801411772778,0.0,0.3697801411772778,-3787.7787284935184,3787.778728493515,0.0,True,True
3,adaptive_t0_i100ms,"Adaptive: event-driven, min 100 ms",26,32436.71515784301,31563.284842156987,0.0,64000.0,0.506823674341297,0.4931763256587029,0.0,0.4931763256587029,76.0983594690806,-76.09835946908424,0.0,True,True
3,adaptive_t0_i100ms,"Adaptive: event-driven, min 100 ms",27,37606.878968262245,26393.12103173775,0.0,64000.0,0.5876074838790976,0.4123925161209024,0.0,0.4123925161209024,-621.2076906818766,621.2076906818693,0.0,True,True
3,adaptive_t0_i100ms,"Adaptive: event-driven, min 100 ms",28,34684.94230698551,29315.05769301448,7.275957614183426e-12,64000.0,0.5419522235466486,0.45804777645335126,1.1368683772161603e-16,0.4580477764533514,937.1579312157846,-937.1579312157919,7.275957614183426e-12,True,True
3,adaptive_t0_i100ms,"Adaptive: event-driven, min 100 ms",29,40188.69647323202,23811.303526767977,0.0,64000.0,0.6279483823942503,0.3720516176057496,0.0,0.3720516176057496,-5148.037717316314,5148.037717316303,0.0,True,True
3,adaptive_t0_i100ms,"Adaptive: event-driven, min 100 ms",30,34299.535706748655,29700.46429325134,0.0,64000.0,0.5359302454179478,0.4640697545820522,0.0,0.4640697545820522,-3328.5581574774333,3328.558157477426,0.0,True,True
3,adaptive_t0_i100ms,"Adaptive: event-driven, min 100 ms",31,39098.86475171687,24901.135248283128,0.0,64000.0,0.6109197617455762,0.3890802382544239,0.0,0.3890802382544239,236.3952549513633,-236.39525495136695,0.0,True,True
4,baseline,Baseline,0,51049.07171366749,12950.92828633251,0.0,63999.99999999999,0.7976417455260546,0.20235825447394548,0.0,0.20235825447394548,0.0,0.0,0.0,True,True
4,baseline,Baseline,1,44391.629991481175,19608.370008518817,0.0,63999.99999999999,0.6936192186168935,0.30638078138310654,0.0,0.30638078138310654,0.0,0.0,0.0,True,True
4,baseline,Baseline,2,45743.694525392835,18256.305474607158,0.0,63999.99999999999,0.7147452269592631,0.2852547730407369,0.0,0.2852547730407369,0.0,0.0,0.0,True,True
4,baseline,Baseline,3,49866.91394326416,14133.086056735834,0.0,63999.99999999999,0.7791705303635026,0.22082946963649744,0.0,0.22082946963649744,0.0,0.0,0.0,True,True
4,baseline,Baseline,4,48923.553014312165,15076.446985687831,0.0,63999.99999999999,0.7644305158486276,0.23556948415137238,0.0,0.23556948415137238,0.0,0.0,0.0,True,True
4,baseline,Baseline,5,53649.51534514319,10350.484654856808,0.0,63999.99999999999,0.8382736772678624,0.16172632273213763,0.0,0.16172632273213763,0.0,0.0,0.0,True,True
4,baseline,Baseline,6,48408.32933250271,15591.670667497281,0.0,63999.99999999999,0.756380145820355,0.24361985417964505,0.0,0.24361985417964505,0.0,0.0,0.0,True,True
4,baseline,Baseline,7,49440.52603287462,14559.47396712537,0.0,63999.99999999999,0.7725082192636661,0.22749178073633394,0.0,0.22749178073633394,0.0,0.0,0.0,True,True
4,baseline,Baseline,8,46309.83208835421,17690.16791164578,0.0,63999.99999999999,0.7235911263805346,0.27640887361946537,0.0,0.27640887361946537,0.0,0.0,0.0,True,True
4,baseline,Baseline,9,48259.825613039655,15740.174386960334,7.275957614183426e-12,63999.99999999999,0.7540597752037447,0.24594022479625524,1.1368683772161603e-16,0.24594022479625535,0.0,0.0,0.0,True,True
4,baseline,Baseline,10,49046.6190027722,14953.380997227796,0.0,63999.99999999999,0.7663534219183157,0.23364657808168435,0.0,0.23364657808168435,0.0,0.0,0.0,True,True
4,baseline,Baseline,11,48125.19856151488,15874.801438485112,0.0,63999.99999999999,0.7519562275236701,0.24804377247632992,0.0,0.24804377247632992,0.0,0.0,0.0,True,True
4,baseline,Baseline,12,48535.45630975471,15464.543690245286,0.0,63999.99999999999,0.7583665048399174,0.24163349516008262,0.0,0.24163349516008262,0.0,0.0,0.0,True,True
4,baseline,Baseline,13,50415.313145377615,13584.686854622378,0.0,63999.99999999999,0.7877392678965254,0.21226073210347468,0.0,0.21226073210347468,0.0,0.0,0.0,True,True
4,baseline,Baseline,14,49228.1552157709,14771.844784229092,0.0,63999.99999999999,0.7691899252464204,0.2308100747535796,0.0,0.2308100747535796,0.0,0.0,0.0,True,True
4,baseline,Baseline,15,49413.20555450725,14586.794445492742,0.0,63999.99999999999,0.7720813367891759,0.22791866321082413,0.0,0.22791866321082413,0.0,0.0,0.0,True,True
4,baseline,Baseline,16,50104.57749282948,13895.422507170515,0.0,63999.99999999999,0.7828840233254607,0.21711597667453933,0.0,0.21711597667453933,0.0,0.0,0.0,True,True
4,baseline,Baseline,17,45537.6078362451,18462.392163754892,0.0,63999.99999999999,0.7115251224413298,0.28847487755867024,0.0,0.28847487755867024,0.0,0.0,0.0,True,True
4,baseline,Baseline,18,49193.25286853366,14806.747131466336,0.0,63999.99999999999,0.7686445760708385,0.23135542392916153,0.0,0.23135542392916153,0.0,0.0,0.0,True,True
4,baseline,Baseline,19,50343.5639978921,13656.43600210789,0.0,63999.99999999999,0.7866181874670642,0.2133818125329358,0.0,0.2133818125329358,0.0,0.0,0.0,True,True
4,baseline,Baseline,20,47868.202371215266,16131.797628784727,0.0,63999.99999999999,0.7479406620502386,0.2520593379497614,0.0,0.2520593379497614,0.0,0.0,0.0,True,True
4,baseline,Baseline,21,48164.496575774334,15835.50342422566,0.0,63999.99999999999,0.752570258996474,0.24742974100352597,0.0,0.24742974100352597,0.0,0.0,0.0,True,True
4,baseline,Baseline,22,47791.35821282451,16208.641787175482,0.0,63999.99999999999,0.7467399720753831,0.25326002792461694,0.0,0.25326002792461694,0.0,0.0,0.0,True,True
4,baseline,Baseline,23,47592.1350192451,16407.864980754894,0.0,63999.99999999999,0.7436271096757048,0.2563728903242952,0.0,0.2563728903242952,0.0,0.0,0.0,True,True
4,baseline,Baseline,24,48555.587024509055,15444.412975490937,0.0,63999.99999999999,0.758681047257954,0.24131895274204593,0.0,0.24131895274204593,0.0,0.0,0.0,True,True
4,baseline,Baseline,25,50922.67716379923,13077.322836200765,0.0,63999.99999999999,0.7956668306843631,0.20433316931563697,0.0,0.20433316931563697,0.0,0.0,0.0,True,True
4,baseline,Baseline,26,46835.19451447871,17164.805485521283,0.0,63999.99999999999,0.7317999142887299,0.2682000857112701,0.0,0.2682000857112701,0.0,0.0,0.0,True,True
4,baseline,Baseline,27,50919.65845218913,13080.341547810869,0.0,63999.99999999999,0.7956196633154552,0.20438033668454486,0.0,0.20438033668454486,0.0,0.0,0.0,True,True
4,baseline,Baseline,28,49578.52489417812,14421.475105821875,0.0,63999.99999999999,0.7746644514715332,0.22533554852846682,0.0,0.22533554852846682,0.0,0.0,0.0,True,True
4,baseline,Baseline,29,54763.10141973977,9236.898580260226,0.0,63999.99999999999,0.855673459683434,0.14432654031656605,0.0,0.14432654031656605,0.0,0.0,0.0,True,True
4,baseline,Baseline,30,48227.44602877065,15772.55397122934,0.0,63999.99999999999,0.7535538441995415,0.24644615580045845,0.0,0.24644615580045845,0.0,0.0,0.0,True,True
4,baseline,Baseline,31,48954.34755684549,15045.652443154504,0.0,63999.99999999999,0.7649116805757108,0.23508831942428915,0.0,0.23508831942428915,0.0,0.0,0.0,True,True
4,layer_once_ttl_5ms,Layer once: TTL 5 ms,0,49377.85081110062,14622.149188899375,0.0,64000.0,0.7715289189234472,0.22847108107655273,0.0,0.22847108107655273,-1671.2209025668635,1671.2209025668653,0.0,True,True
4,layer_once_ttl_5ms,Layer once: TTL 5 ms,1,48256.41305232505,15743.586947674945,7.275957614183426e-12,64000.0,0.7540064539425789,0.24599354605742102,1.1368683772161603e-16,0.24599354605742113,3864.7830608438744,-3864.7830608438726,7.275957614183426e-12,True,True
4,layer_once_ttl_5ms,Layer once: TTL 5 ms,2,45683.11893424356,18316.88106575644,0.0,64000.0,0.7137987333475556,0.2862012666524444,0.0,0.2862012666524444,-60.57559114927426,60.575591149281536,0.0,True,True
4,layer_once_ttl_5ms,Layer once: TTL 5 ms,3,44903.791744856506,19096.208255143494,0.0,64000.0,0.7016217460133829,0.2983782539866171,0.0,0.2983782539866171,-4963.122198407655,4963.12219840766,0.0,True,True
4,layer_once_ttl_5ms,Layer once: TTL 5 ms,4,48941.644862678535,15058.355137321463,0.0,64000.0,0.7647132009793521,0.23528679902064786,0.0,0.23528679902064786,18.09184836636996,-18.09184836636814,0.0,True,True
4,layer_once_ttl_5ms,Layer once: TTL 5 ms,5,50647.478888270736,13352.521111729262,0.0,64000.0,0.7913668576292302,0.20863314237076971,0.0,0.20863314237076971,-3002.0364568724544,3002.0364568724544,0.0,True,True
4,layer_once_ttl_5ms,Layer once: TTL 5 ms,6,48233.586110236625,15766.413889763366,7.275957614183426e-12,64000.0,0.7536497829724472,0.24635021702755258,1.1368683772161603e-16,0.2463502170275527,-174.74322226608638,174.74322226608456,7.275957614183426e-12,True,True
4,layer_once_ttl_5ms,Layer once: TTL 5 ms,7,49320.12438359721,14679.875616402782,7.275957614183426e-12,64000.0,0.7706269434937064,0.22937305650629347,1.1368683772161603e-16,0.22937305650629358,-120.40164927740989,120.4016492774117,7.275957614183426e-12,True,True
4,layer_once_ttl_5ms,Layer once: TTL 5 ms,8,49044.9696385585,14955.030361441493,7.275957614183426e-12,64000.0,0.7663276506024765,0.23367234939752332,1.1368683772161603e-16,0.23367234939752343,2735.1375502042865,-2735.1375502042883,7.275957614183426e-12,True,True
4,layer_once_ttl_5ms,Layer once: TTL 5 ms,9,48206.878600281314,15793.12139971868,7.275957614183426e-12,64000.0,0.7532324781293955,0.24676752187060438,1.1368683772161603e-16,0.2467675218706045,-52.94701275834086,52.94701275834632,0.0,True,True
4,layer_once_ttl_5ms,Layer once: TTL 5 ms,10,47163.636833971286,16836.363166028706,7.275957614183426e-12,64000.0,0.7369318255308014,0.26306817446919856,1.1368683772161603e-16,0.26306817446919867,-1882.9821688009106,1882.9821688009106,7.275957614183426e-12,True,True
4,layer_once_ttl_5ms,Layer once: TTL 5 ms,11,49285.46790242514,14714.532097574856,7.275957614183426e-12,64000.0,0.7700854359753928,0.22991456402460714,1.1368683772161603e-16,0.22991456402460725,1160.2693409102576,-1160.2693409102558,7.275957614183426e-12,True,True
4,layer_once_ttl_5ms,Layer once: TTL 5 ms,12,51947.18931005715,12052.810689942846,7.275957614183426e-12,64000.0,0.8116748329696429,0.18832516703035695,1.1368683772161603e-16,0.18832516703035707,3411.73300030244,-3411.73300030244,7.275957614183426e-12,True,True
4,layer_once_ttl_5ms,Layer once: TTL 5 ms,13,50833.00405776269,13166.9959422373,7.275957614183426e-12,64000.0,0.7942656884025421,0.2057343115974578,1.1368683772161603e-16,0.20573431159745792,417.69091238507826,-417.69091238507826,7.275957614183426e-12,True,True
4,layer_once_ttl_5ms,Layer once: TTL 5 ms,14,46089.686981321385,17910.313018678615,0.0,64000.0,0.7201513590831466,0.27984864091685335,0.0,0.27984864091685335,-3138.468234449516,3138.468234449523,0.0,True,True
4,layer_once_ttl_5ms,Layer once: TTL 5 ms,15,51720.95491666607,12279.045083333922,7.275957614183426e-12,64000.0,0.8081399205729074,0.19186007942709252,1.1368683772161603e-16,0.19186007942709263,2307.749362158822,-2307.74936215882,7.275957614183426e-12,True,True
4,layer_once_ttl_5ms,Layer once: TTL 5 ms,16,49881.51283265837,14118.487167341618,7.275957614183426e-12,64000.0,0.7793986380102871,0.22060136198971278,1.1368683772161603e-16,0.2206013619897129,-223.06466017110506,223.06466017110324,7.275957614183426e-12,True,True
4,layer_once_ttl_5ms,Layer once: TTL 5 ms,17,47984.03015510629,16015.969844893712,0.0,64000.0,0.7497504711735358,0.25024952882646423,0.0,0.25024952882646423,2446.422318861187,-2446.4223188611795,0.0,True,True
4,layer_once_ttl_5ms,Layer once: TTL 5 ms,18,48104.25949979084,15895.740500209158,0.0,64000.0,0.7516290546842318,0.2483709453157681,0.0,0.2483709453157681,-1088.9933687428202,1088.993368742822,0.0,True,True
4,layer_once_ttl_5ms,Layer once: TTL 5 ms,19,48896.737873638034,15103.262126361962,0.0,64000.0,0.7640115292755942,0.23598847072440565,0.0,0.23598847072440565,-1446.8261242540684,1446.826124254072,0.0,True,True
4,layer_once_ttl_5ms,Layer once: TTL 5 ms,20,48067.53774662275,15932.462253377247,0.0,64000.0,0.7510552772909805,0.2489447227090195,0.0,0.2489447227090195,199.33537540748512,-199.33537540747966,0.0,True,True
4,layer_once_ttl_5ms,Layer once: TTL 5 ms,21,48473.93998382728,15526.06001617272,0.0,64000.0,0.7574053122473012,0.24259468775269874,0.0,0.24259468775269874,309.4434080529463,-309.44340805294087,0.0,True,True
4,layer_once_ttl_5ms,Layer once: TTL 5 ms,22,48759.36561530164,15240.634384698353,7.275957614183426e-12,64000.0,0.7618650877390881,0.23813491226091177,1.1368683772161603e-16,0.23813491226091188,968.0074024771311,-968.0074024771293,7.275957614183426e-12,True,True
4,layer_once_ttl_5ms,Layer once: TTL 5 ms,23,48914.90801833112,15085.091981668871,7.275957614183426e-12,64000.0,0.7642954377864238,0.2357045622135761,1.1368683772161603e-16,0.23570456221357622,1322.7729990860244,-1322.7729990860225,7.275957614183426e-12,True,True
4,layer_once_ttl_5ms,Layer once: TTL 5 ms,24,50435.50219383121,13564.497806168787,0.0,64000.0,0.7880547217786127,0.21194527822138728,0.0,0.21194527822138728,1879.9151693221575,-1879.9151693221502,0.0,True,True
4,layer_once_ttl_5ms,Layer once: TTL 5 ms,25,50722.97128060568,13277.028719394317,7.275957614183426e-12,64000.0,0.7925464262594637,0.2074535737405362,1.1368683772161603e-16,0.2074535737405363,-199.7058831935501,199.70588319355193,7.275957614183426e-12,True,True
4,layer_once_ttl_5ms,Layer once: TTL 5 ms,26,45455.14224857346,18544.85775142654,0.0,64000.0,0.7102365976339603,0.2897634023660397,0.0,0.2897634023660397,-1380.0522659052513,1380.0522659052585,0.0,True,True
4,layer_once_ttl_5ms,Layer once: TTL 5 ms,27,51185.76027684845,12814.23972315155,0.0,64000.0,0.799777504325757,0.20022249567424297,0.0,0.20022249567424297,266.10182465932303,-266.1018246593194,0.0,True,True
4,layer_once_ttl_5ms,Layer once: TTL 5 ms,28,46334.77450333682,17665.225496663174,7.275957614183426e-12,64000.0,0.7239808516146378,0.27601914838536207,1.1368683772161603e-16,0.2760191483853622,-3243.750390841298,3243.750390841298,7.275957614183426e-12,True,True
4,layer_once_ttl_5ms,Layer once: TTL 5 ms,29,48631.58871042548,15368.411289574518,0.0,64000.0,0.7598685736003982,0.24013142639960186,0.0,0.24013142639960186,-6131.512709314287,6131.512709314293,0.0,True,True
4,layer_once_ttl_5ms,Layer once: TTL 5 ms,30,51698.35192771311,12301.648072286884,0.0,64000.0,0.8077867488705174,0.19221325112948257,0.0,0.19221325112948257,3470.9058989424593,-3470.9058989424557,0.0,True,True
4,layer_once_ttl_5ms,Layer once: TTL 5 ms,31,50044.77492986105,13955.225070138946,0.0,64000.0,0.7819496082790789,0.21805039172092103,0.0,0.21805039172092103,1090.427373015562,-1090.4273730155583,0.0,True,True
4,adaptive_t0_i100ms,"Adaptive: event-driven, min 100 ms",0,49624.66279525577,14375.337204744237,0.0,64000.0,0.7753853561758713,0.2246146438241287,0.0,0.2246146438241287,-1424.4089184117183,1424.4089184117274,0.0,True,True
4,adaptive_t0_i100ms,"Adaptive: event-driven, min 100 ms",1,47123.43086559727,16876.569134402733,0.0,64000.0,0.7363036072749574,0.2636963927250427,0.0,0.2636963927250427,2731.8008741160957,-2731.8008741160847,0.0,True,True
4,adaptive_t0_i100ms,"Adaptive: event-driven, min 100 ms",2,47002.01233946159,16997.987660538416,0.0,64000.0,0.7344064428040873,0.26559355719591277,0.0,0.26559355719591277,1258.3178140687523,-1258.3178140687414,0.0,True,True
4,adaptive_t0_i100ms,"Adaptive: event-driven, min 100 ms",3,48519.97924508735,15480.020754912655,0.0,64000.0,0.7581246757044898,0.24187532429551023,0.0,0.24187532429551023,-1346.9346981768103,1346.9346981768213,0.0,True,True
4,adaptive_t0_i100ms,"Adaptive: event-driven, min 100 ms",4,49544.73850289552,14455.261497104482,0.0,64000.0,0.7741365391077425,0.22586346089225753,0.0,0.22586346089225753,621.1854885833527,-621.1854885833491,0.0,True,True
4,adaptive_t0_i100ms,"Adaptive: event-driven, min 100 ms",5,48810.42844119229,15189.571558807707,0.0,64000.0,0.7626629443936296,0.23733705560637042,0.0,0.23733705560637042,-4839.086903950898,4839.0869039509,0.0,True,True
4,adaptive_t0_i100ms,"Adaptive: event-driven, min 100 ms",6,49488.854266120055,14511.14573387995,0.0,64000.0,0.7732633479081259,0.2267366520918742,0.0,0.2267366520918742,1080.5249336173438,-1080.524933617331,0.0,True,True
4,adaptive_t0_i100ms,"Adaptive: event-driven, min 100 ms",7,48810.61351072293,15189.386489277076,0.0,64000.0,0.7626658361050458,0.23733416389495432,0.0,0.23733416389495432,-629.9125221516952,629.9125221517061,0.0,True,True
4,adaptive_t0_i100ms,"Adaptive: event-driven, min 100 ms",8,48638.8198581882,15361.180141811805,0.0,64000.0,0.7599815602841906,0.24001843971580944,0.0,0.24001843971580944,2328.9877698339915,-2328.987769833977,0.0,True,True
4,adaptive_t0_i100ms,"Adaptive: event-driven, min 100 ms",9,49129.843072390766,14870.156927609234,0.0,64000.0,0.7676537980061057,0.23234620199389427,0.0,0.23234620199389427,870.017459351111,-870.0174593511001,-7.275957614183426e-12,True,True
4,adaptive_t0_i100ms,"Adaptive: event-driven, min 100 ms",10,48008.554959559224,15991.44504044078,0.0,64000.0,0.7501336712431129,0.2498663287568872,0.0,0.2498663287568872,-1038.064043212973,1038.064043212984,0.0,True,True
4,adaptive_t0_i100ms,"Adaptive: event-driven, min 100 ms",11,48084.28222455241,15915.717775447596,0.0,64000.0,0.7513169097586314,0.2486830902413687,0.0,0.2486830902413687,-40.916336962473,40.91633696248391,0.0,True,True
4,adaptive_t0_i100ms,"Adaptive: event-driven, min 100 ms",12,49260.815062607966,14739.184937392041,0.0,64000.0,0.7697002353532495,0.23029976464675064,0.0,0.23029976464675064,725.3587528532589,-725.3587528532444,0.0,True,True
4,adaptive_t0_i100ms,"Adaptive: event-driven, min 100 ms",13,49327.12998564731,14672.870014352695,0.0,64000.0,0.7707364060257392,0.22926359397426085,0.0,0.22926359397426085,-1088.1831597303026,1088.1831597303171,0.0,True,True
4,adaptive_t0_i100ms,"Adaptive: event-driven, min 100 ms",14,49029.43062761883,14970.569372381173,0.0,64000.0,0.7660848535565442,0.23391514644345582,0.0,0.23391514644345582,-198.7245881520721,198.7245881520812,0.0,True,True
4,adaptive_t0_i100ms,"Adaptive: event-driven, min 100 ms",15,47747.1308805131,16252.869119486902,0.0,64000.0,0.7460489200080171,0.25395107999198285,0.0,0.25395107999198285,-1666.0746739941533,1666.0746739941605,0.0,True,True
4,adaptive_t0_i100ms,"Adaptive: event-driven, min 100 ms",16,50338.54360731301,13661.456392686994,0.0,64000.0,0.7865397438642658,0.21346025613573427,0.0,0.21346025613573427,233.9661144835336,-233.96611448352087,0.0,True,True
4,adaptive_t0_i100ms,"Adaptive: event-driven, min 100 ms",17,48900.9575963744,15099.042403625608,0.0,64000.0,0.76407746244335,0.23592253755665013,0.0,0.23592253755665013,3363.3497601292984,-3363.349760129284,0.0,True,True
4,adaptive_t0_i100ms,"Adaptive: event-driven, min 100 ms",18,48123.67423507688,15876.32576492312,0.0,64000.0,0.7519324099230763,0.24806759007692375,0.0,0.24806759007692375,-1069.5786334567747,1069.5786334567838,0.0,True,True
4,adaptive_t0_i100ms,"Adaptive: event-driven, min 100 ms",19,48704.793125405144,15295.206874594856,0.0,64000.0,0.7610123925844554,0.23898760741554462,0.0,0.23898760741554462,-1638.770872486959,1638.7708724869663,0.0,True,True
4,adaptive_t0_i100ms,"Adaptive: event-driven, min 100 ms",20,47604.00747221251,16395.9925277875,0.0,64000.0,0.7438126167533204,0.2561873832466797,0.0,0.2561873832466797,-264.1948990027595,264.19489900277404,0.0,True,True
4,adaptive_t0_i100ms,"Adaptive: event-driven, min 100 ms",21,47758.3251998472,16241.674800152807,0.0,64000.0,0.7462238312476125,0.2537761687523876,0.0,0.2537761687523876,-406.171375927137,406.1713759271461,0.0,True,True
4,adaptive_t0_i100ms,"Adaptive: event-driven, min 100 ms",22,48947.03901772788,15052.960982272121,0.0,64000.0,0.7647974846519981,0.2352025153480019,0.0,0.2352025153480019,1155.6808049033716,-1155.6808049033607,0.0,True,True
4,adaptive_t0_i100ms,"Adaptive: event-driven, min 100 ms",23,49987.44615220635,14012.553847793653,0.0,64000.0,0.7810538461282243,0.21894615387177582,0.0,0.21894615387177582,2395.311132961251,-2395.31113296124,0.0,True,True
4,adaptive_t0_i100ms,"Adaptive: event-driven, min 100 ms",24,48880.66006513404,15119.339934865966,0.0,64000.0,0.7637603135177194,0.23623968648228072,0.0,0.23623968648228072,325.0730406249859,-325.0730406249713,0.0,True,True
4,adaptive_t0_i100ms,"Adaptive: event-driven, min 100 ms",25,48956.78364387739,15043.216356122617,0.0,64000.0,0.7649497444355842,0.2350502555644159,0.0,0.2350502555644159,-1965.8935199218395,1965.8935199218522,0.0,True,True
4,adaptive_t0_i100ms,"Adaptive: event-driven, min 100 ms",26,46656.07000915124,17343.929990848766,0.0,64000.0,0.7290010938929882,0.270998906107012,0.0,0.270998906107012,-179.1245053274688,179.12450532748335,0.0,True,True
4,adaptive_t0_i100ms,"Adaptive: event-driven, min 100 ms",27,50123.31697248323,13876.683027516774,0.0,64000.0,0.7831768276950505,0.2168231723049496,0.0,0.2168231723049496,-796.341479705894,796.3414797059049,0.0,True,True
4,adaptive_t0_i100ms,"Adaptive: event-driven, min 100 ms",28,46845.66823305188,17154.331766948126,0.0,64000.0,0.7319635661414357,0.26803643385856446,0.0,0.26803643385856446,-2732.856661126236,2732.8566611262504,0.0,True,True
4,adaptive_t0_i100ms,"Adaptive: event-driven, min 100 ms",29,49474.78072475369,14525.219275246314,0.0,64000.0,0.7730434488242764,0.22695655117572366,0.0,0.22695655117572366,-5288.320694986076,5288.320694986089,0.0,True,True
4,adaptive_t0_i100ms,"Adaptive: event-driven, min 100 ms",30,49827.07764045237,14172.92235954763,0.0,64000.0,0.7785480881320683,0.22145191186793173,0.0,0.22145191186793173,1599.631611681718,-1599.6316116817088,0.0,True,True
4,adaptive_t0_i100ms,"Adaptive: event-driven, min 100 ms",31,48646.38384136325,15353.616158636758,0.0,64000.0,0.7600997475213007,0.23990025247869934,0.0,0.23990025247869934,-307.96371548224124,307.963715482254,0.0,True,True
5,baseline,Baseline,0,57700.700871364716,6299.299128635277,0.0,63999.99999999999,0.9015734511150738,0.09842654888492622,0.0,0.09842654888492622,0.0,0.0,0.0,True,True
5,baseline,Baseline,1,55611.36727328111,8388.632726718883,0.0,63999.99999999999,0.8689276136450175,0.13107238635498256,0.0,0.13107238635498256,0.0,0.0,0.0,True,True
5,baseline,Baseline,2,56023.39407620195,7976.605923798041,7.275957614183426e-12,63999.99999999999,0.8753655324406555,0.1246344675593444,1.1368683772161603e-16,0.12463446755934451,0.0,0.0,0.0,True,True
5,baseline,Baseline,3,57847.27401365859,6152.725986341398,0.0,63999.99999999999,0.9038636564634156,0.09613634353658436,0.0,0.09613634353658436,0.0,0.0,0.0,True,True
5,baseline,Baseline,4,56683.56400097552,7316.435999024467,7.275957614183426e-12,63999.99999999999,0.8856806875152426,0.11431931248475731,1.1368683772161603e-16,0.11431931248475742,0.0,0.0,0.0,True,True
5,baseline,Baseline,5,59464.76441674213,4535.235583257863,0.0,63999.99999999999,0.9291369440115959,0.07086305598840412,0.0,0.07086305598840412,0.0,0.0,0.0,True,True
5,baseline,Baseline,6,59466.203424159685,4533.796575840312,0.0,63999.99999999999,0.9291594285024952,0.07084057149750488,0.0,0.07084057149750488,0.0,0.0,0.0,True,True
5,baseline,Baseline,7,58771.05452291086,5228.945477089133,0.0,63999.99999999999,0.9182977269204823,0.08170227307951772,0.0,0.08170227307951772,0.0,0.0,0.0,True,True
5,baseline,Baseline,8,56805.80359100094,7194.196408999051,0.0,63999.99999999999,0.8875906811093898,0.11240931889061018,0.0,0.11240931889061018,0.0,0.0,0.0,True,True
5,baseline,Baseline,9,56751.26282259789,7248.737177402099,0.0,63999.99999999999,0.8867384816030922,0.11326151839690782,0.0,0.11326151839690782,0.0,0.0,0.0,True,True
5,baseline,Baseline,10,57429.81419160586,6570.18580839413,7.275957614183426e-12,63999.99999999999,0.8973408467438416,0.10265915325615829,1.1368683772161603e-16,0.1026591532561584,0.0,0.0,0.0,True,True
5,baseline,Baseline,11,57720.73000946367,6279.2699905363315,0.0,63999.99999999999,0.9018864063978699,0.09811359360213019,0.0,0.09811359360213019,0.0,0.0,0.0,True,True
5,baseline,Baseline,12,57332.34616613294,6667.653833867047,7.275957614183426e-12,63999.99999999999,0.8958179088458273,0.10418209115417262,1.1368683772161603e-16,0.10418209115417273,0.0,0.0,0.0,True,True
5,baseline,Baseline,13,57357.847398948164,6642.152601051823,7.275957614183426e-12,63999.99999999999,0.8962163656085652,0.10378363439143475,1.1368683772161603e-16,0.10378363439143486,0.0,0.0,0.0,True,True
5,baseline,Baseline,14,56790.535293021596,7209.464706978399,0.0,63999.99999999999,0.8873521139534626,0.1126478860465375,0.0,0.1126478860465375,0.0,0.0,0.0,True,True
5,baseline,Baseline,15,58029.4272013737,5970.572798626294,0.0,63999.99999999999,0.9067098000214642,0.09329019997853585,0.0,0.09329019997853585,0.0,0.0,0.0,True,True
5,baseline,Baseline,16,57399.27731106207,6600.7226889379235,0.0,63999.99999999999,0.896863707985345,0.10313629201465507,0.0,0.10313629201465507,0.0,0.0,0.0,True,True
5,baseline,Baseline,17,56495.832871606144,7504.167128393847,0.0,63999.99999999999,0.882747388618846,0.11725261138115387,0.0,0.11725261138115387,0.0,0.0,0.0,True,True
5,baseline,Baseline,18,57689.33070224548,6310.6692977545135,0.0,63999.99999999999,0.9013957922225858,0.09860420777741428,0.0,0.09860420777741428,0.0,0.0,0.0,True,True
5,baseline,Baseline,19,58252.91369068601,5747.0863093139815,7.275957614183426e-12,63999.99999999999,0.910201776416969,0.08979822358303097,1.1368683772161603e-16,0.08979822358303108,0.0,0.0,0.0,True,True
5,baseline,Baseline,20,56690.82576239195,7309.174237608044,0.0,63999.99999999999,0.8857941525373743,0.1142058474626257,0.0,0.1142058474626257,0.0,0.0,0.0,True,True
5,baseline,Baseline,21,57922.17145133019,6077.828548669799,0.0,63999.99999999999,0.9050339289270344,0.09496607107296562,0.0,0.09496607107296562,0.0,0.0,0.0,True,True
5,baseline,Baseline,22,56022.91434856043,7977.0856514395655,0.0,63999.99999999999,0.8753580366962568,0.12464196330374322,0.0,0.12464196330374322,0.0,0.0,0.0,True,True
5,baseline,Baseline,23,57458.2584563175,6541.741543682496,0.0,63999.99999999999,0.897785288379961,0.102214711620039,0.0,0.102214711620039,0.0,0.0,0.0,True,True
5,baseline,Baseline,24,56948.18360650531,7051.816393494682,7.275957614183426e-12,63999.99999999999,0.8898153688516455,0.11018463114835443,1.1368683772161603e-16,0.11018463114835454,0.0,0.0,0.0,True,True
5,baseline,Baseline,25,57568.45596722142,6431.544032778565,7.275957614183426e-12,63999.99999999999,0.8995071244878349,0.1004928755121651,1.1368683772161603e-16,0.10049287551216521,0.0,0.0,0.0,True,True
5,baseline,Baseline,26,57620.203424811676,6379.796575188313,7.275957614183426e-12,63999.99999999999,0.9003156785126826,0.0996843214873174,1.1368683772161603e-16,0.09968432148731751,0.0,0.0,0.0,True,True
5,baseline,Baseline,27,58958.55373201798,5041.4462679820135,0.0,63999.99999999999,0.921227402062781,0.07877259793721897,0.0,0.07877259793721897,0.0,0.0,0.0,True,True
5,baseline,Baseline,28,57815.69180088677,6184.3081991132185,0.0,63999.99999999999,0.903370184388856,0.09662981561114405,0.0,0.09662981561114405,0.0,0.0,0.0,True,True
5,baseline,Baseline,29,59550.01538834054,4449.984611659453,7.275957614183426e-12,63999.99999999999,0.9304689904428209,0.06953100955717896,1.1368683772161603e-16,0.06953100955717907,0.0,0.0,0.0,True,True
5,baseline,Baseline,30,57045.44466219634,6954.555337803649,0.0,63999.99999999999,0.891335072846818,0.10866492715318203,0.0,0.10866492715318203,0.0,0.0,0.0,True,True
5,baseline,Baseline,31,58391.03254266284,5608.967457337152,0.0,63999.99999999999,0.912359883479107,0.08764011652089301,0.0,0.08764011652089301,0.0,0.0,0.0,True,True
5,layer_once_ttl_5ms,Layer once: TTL 5 ms,0,57005.914087793615,6994.0859122063885,7.275957614183426e-12,64000.00000000001,0.8907174076217751,0.10928259237822481,1.13686837721616e-16,0.10928259237822492,-694.7867835711004,694.7867835711113,7.275957614183426e-12,True,True
5,layer_once_ttl_5ms,Layer once: TTL 5 ms,1,54689.51670024708,9310.483299752927,7.275957614183426e-12,64000.00000000001,0.8545236984413604,0.14547630155863947,1.13686837721616e-16,0.14547630155863958,-921.850573034033,921.8505730340439,7.275957614183426e-12,True,True
5,layer_once_ttl_5ms,Layer once: TTL 5 ms,2,55529.84904435442,8470.150955645582,7.275957614183426e-12,64000.00000000001,0.8676538913180377,0.1323461086819622,1.13686837721616e-16,0.1323461086819623,-493.54503184752684,493.5450318475414,0.0,True,True
5,layer_once_ttl_5ms,Layer once: TTL 5 ms,3,56402.63942929272,7597.360570707284,0.0,64000.00000000001,0.8812912410826986,0.1187087589173013,0.0,0.1187087589173013,-1444.634584365871,1444.6345843658855,0.0,True,True
5,layer_once_ttl_5ms,Layer once: TTL 5 ms,4,57924.84752128816,6075.152478711847,0.0,64000.00000000001,0.9050757425201275,0.0949242574798726,0.0,0.0949242574798726,1241.2835203126378,-1241.2835203126197,-7.275957614183426e-12,True,True
5,layer_once_ttl_5ms,Layer once: TTL 5 ms,5,57792.7000554789,6207.299944521108,0.0,64000.00000000001,0.9030109383668576,0.0969890616331423,0.0,0.0969890616331423,-1672.0643612632339,1672.0643612632448,0.0,True,True
5,layer_once_ttl_5ms,Layer once: TTL 5 ms,6,57292.75138068831,6707.248619311704,0.0,64000.00000000001,0.8951992403232547,0.10480075967674536,0.0,0.10480075967674536,-2173.4520434713777,2173.4520434713922,0.0,True,True
5,layer_once_ttl_5ms,Layer once: TTL 5 ms,7,56876.781194855095,7123.21880514491,0.0,64000.00000000001,0.8886997061696108,0.11130029383038921,0.0,0.11130029383038921,-1894.273328055766,1894.2733280557768,0.0,True,True
5,layer_once_ttl_5ms,Layer once: TTL 5 ms,8,57067.78262446628,6932.217375533728,0.0,64000.00000000001,0.8916841035072856,0.10831589649271449,0.0,0.10831589649271449,261.9790334653371,-261.9790334653226,0.0,True,True
5,layer_once_ttl_5ms,Layer once: TTL 5 ms,9,57269.25219141883,6730.747808581173,0.0,64000.00000000001,0.8948320654909192,0.10516793450908081,0.0,0.10516793450908081,517.9893688209413,-517.9893688209268,0.0,True,True
5,layer_once_ttl_5ms,Layer once: TTL 5 ms,10,56225.05860604694,7774.941393953059,7.275957614183426e-12,64000.00000000001,0.8785165407194834,0.12148345928051653,1.13686837721616e-16,0.12148345928051664,-1204.7555855589162,1204.755585558929,0.0,True,True
5,layer_once_ttl_5ms,Layer once: TTL 5 ms,11,57933.90593592264,6066.0940640773715,0.0,64000.00000000001,0.9052172802487911,0.09478271975120892,0.0,0.09478271975120892,213.17592645897093,-213.17592645896002,0.0,True,True
5,layer_once_ttl_5ms,Layer once: TTL 5 ms,12,58503.70217191886,5496.297828081144,0.0,64000.00000000001,0.9141203464362322,0.08587965356376787,0.0,0.08587965356376787,1171.3560057859213,-1171.356005785903,-7.275957614183426e-12,True,True
5,layer_once_ttl_5ms,Layer once: TTL 5 ms,13,58169.44341570075,5830.556584299258,0.0,64000.00000000001,0.9088975533703241,0.0911024466296759,0.0,0.0911024466296759,811.5960167525845,-811.5960167525645,-7.275957614183426e-12,True,True
5,layer_once_ttl_5ms,Layer once: TTL 5 ms,14,55699.9115862013,8300.088413798709,0.0,64000.00000000001,0.8703111185343952,0.1296888814656048,0.0,0.1296888814656048,-1090.6237068202972,1090.62370682031,0.0,True,True
5,layer_once_ttl_5ms,Layer once: TTL 5 ms,15,57901.700740440814,6098.299259559191,0.0,64000.00000000001,0.9047140740693876,0.09528592593061236,0.0,0.09528592593061236,-127.72646093288495,127.72646093289768,0.0,True,True
5,layer_once_ttl_5ms,Layer once: TTL 5 ms,16,57548.91808522814,6451.081914771863,0.0,64000.00000000001,0.8992018450816897,0.10079815491831035,0.0,0.10079815491831035,149.64077416607324,-149.6407741660605,0.0,True,True
5,layer_once_ttl_5ms,Layer once: TTL 5 ms,17,57094.89176336742,6905.1082366325845,0.0,64000.00000000001,0.8921076838026158,0.10789231619738412,0.0,0.10789231619738412,599.0588917612768,-599.0588917612622,0.0,True,True
5,layer_once_ttl_5ms,Layer once: TTL 5 ms,18,56197.12254944016,7802.8774505598485,0.0,64000.00000000001,0.8780800398350024,0.12191996016499762,0.0,0.12191996016499762,-1492.208152805324,1492.208152805335,0.0,True,True
5,layer_once_ttl_5ms,Layer once: TTL 5 ms,19,58594.38536747615,5405.614632523857,0.0,64000.00000000001,0.9155372713668147,0.08446272863318526,0.0,0.08446272863318526,341.4716767901409,-341.47167679012455,-7.275957614183426e-12,True,True
5,layer_once_ttl_5ms,Layer once: TTL 5 ms,20,55695.15820897768,8304.841791022332,0.0,64000.00000000001,0.8702368470152761,0.12976315298472393,0.0,0.12976315298472393,-995.6675534142705,995.6675534142887,0.0,True,True
5,layer_once_ttl_5ms,Layer once: TTL 5 ms,21,56160.28334728449,7839.716652715524,0.0,64000.00000000001,0.8775044273013201,0.12249557269868006,0.0,0.12249557269868006,-1761.8881040457054,1761.8881040457254,0.0,True,True
5,layer_once_ttl_5ms,Layer once: TTL 5 ms,22,56841.86959938803,7158.130400611975,0.0,64000.00000000001,0.8881542124904379,0.1118457875095621,0.0,0.1118457875095621,818.9552508276029,-818.9552508275901,0.0,True,True
5,layer_once_ttl_5ms,Layer once: TTL 5 ms,23,57454.518417712265,6545.4815822877445,0.0,64000.00000000001,0.897726850276754,0.102273149723246,0.0,0.102273149723246,-3.7400386052322574,3.7400386052486283,0.0,True,True
5,layer_once_ttl_5ms,Layer once: TTL 5 ms,24,56779.54476092591,7220.455239074092,0.0,64000.00000000001,0.8871803868894673,0.11281961311053268,0.0,0.11281961311053268,-168.6388455793931,168.63884557940946,-7.275957614183426e-12,True,True
5,layer_once_ttl_5ms,Layer once: TTL 5 ms,25,58502.626509003334,5497.3734909966715,0.0,64000.00000000001,0.914103539203177,0.08589646079682298,0.0,0.08589646079682298,934.1705417819103,-934.1705417818939,-7.275957614183426e-12,True,True
5,layer_once_ttl_5ms,Layer once: TTL 5 ms,26,55222.3337355034,8777.666264496604,0.0,64000.00000000001,0.8628489646172406,0.1371510353827594,0.0,0.1371510353827594,-2397.8696893082742,2397.8696893082906,-7.275957614183426e-12,True,True
5,layer_once_ttl_5ms,Layer once: TTL 5 ms,27,58820.68533357668,5179.314666423326,0.0,64000.00000000001,0.9190732083371355,0.08092679166286447,0.0,0.08092679166286447,-137.8683984413001,137.86839844131282,0.0,True,True
5,layer_once_ttl_5ms,Layer once: TTL 5 ms,28,55183.61874187988,8816.381258120125,0.0,64000.00000000001,0.8622440428418731,0.13775595715812694,0.0,0.13775595715812694,-2632.0730590068924,2632.073059006907,0.0,True,True
5,layer_once_ttl_5ms,Layer once: TTL 5 ms,29,57372.76733435229,6627.232665647714,0.0,64000.00000000001,0.8964494895992544,0.10355051040074553,0.0,0.10355051040074553,-2177.2480539882454,2177.2480539882617,-7.275957614183426e-12,True,True
5,layer_once_ttl_5ms,Layer once: TTL 5 ms,30,58247.104242850495,5752.89575714951,0.0,64000.00000000001,0.9101110037945389,0.08988899620546109,0.0,0.08988899620546109,1201.6595806541518,-1201.659580654139,0.0,True,True
5,layer_once_ttl_5ms,Layer once: TTL 5 ms,31,58849.31682802967,5150.683171970342,0.0,64000.00000000001,0.9195205754379634,0.08047942456203659,0.0,0.08047942456203659,458.2842853668262,-458.28428536680985,0.0,True,True
5,adaptive_t0_i100ms,"Adaptive: event-driven, min 100 ms",0,57602.77882744803,6397.221172551961,7.275957614183426e-12,64000.0,0.9000434191788755,0.0999565808211244,1.1368683772161603e-16,0.0999565808211245,-97.92204391668201,97.92204391668383,7.275957614183426e-12,True,True
5,adaptive_t0_i100ms,"Adaptive: event-driven, min 100 ms",1,56135.562444500974,7864.437555499022,0.0,64000.0,0.8771181631953278,0.12288183680467221,0.0,0.12288183680467221,524.1951712198643,-524.1951712198606,0.0,True,True
5,adaptive_t0_i100ms,"Adaptive: event-driven, min 100 ms",2,56055.27164290551,7944.728357094489,0.0,64000.0,0.8758636194203986,0.1241363805796014,0.0,0.1241363805796014,31.87756670355884,-31.877566703551565,-7.275957614183426e-12,True,True
5,adaptive_t0_i100ms,"Adaptive: event-driven, min 100 ms",3,56950.11379077053,7049.886209229471,0.0,64000.0,0.8898455279807895,0.11015447201921048,0.0,0.11015447201921048,-897.1602228880656,897.1602228880729,0.0,True,True
5,adaptive_t0_i100ms,"Adaptive: event-driven, min 100 ms",4,57733.46171986591,6266.538280134089,0.0,64000.0,0.9020853393729048,0.09791466062709514,0.0,0.09791466062709514,1049.8977188903882,-1049.8977188903773,-7.275957614183426e-12,True,True
5,adaptive_t0_i100ms,"Adaptive: event-driven, min 100 ms",5,57880.45301303872,6119.546986961279,0.0,64000.0,0.90438207832873,0.09561792167126998,0.0,0.09561792167126998,-1584.3114037034102,1584.3114037034156,0.0,True,True
5,adaptive_t0_i100ms,"Adaptive: event-driven, min 100 ms",6,58431.158660170026,5568.841339829973,0.0,64000.0,0.9129868540651567,0.08701314593484333,0.0,0.08701314593484333,-1035.0447639896593,1035.044763989661,0.0,True,True
5,adaptive_t0_i100ms,"Adaptive: event-driven, min 100 ms",7,57668.24099205672,6331.759007943283,0.0,64000.0,0.9010662655008863,0.0989337344991138,0.0,0.0989337344991138,-1102.8135308541387,1102.8135308541496,0.0,True,True
5,adaptive_t0_i100ms,"Adaptive: event-driven, min 100 ms",8,57297.24722259512,6702.752777404881,0.0,64000.0,0.8952694878530487,0.10473051214695127,0.0,0.10473051214695127,491.44363159417844,-491.44363159416935,0.0,True,True
5,adaptive_t0_i100ms,"Adaptive: event-driven, min 100 ms",9,57523.361262137885,6476.638737862109,7.275957614183426e-12,64000.0,0.8988025197209044,0.10119748027909546,1.1368683772161603e-16,0.10119748027909557,772.0984395399937,-772.0984395399901,7.275957614183426e-12,True,True
5,adaptive_t0_i100ms,"Adaptive: event-driven, min 100 ms",10,56863.37210611777,7136.627893882231,0.0,64000.0,0.8884901891580902,0.11150981084190985,0.0,0.11150981084190985,-566.4420854880882,566.4420854881009,-7.275957614183426e-12,True,True
5,adaptive_t0_i100ms,"Adaptive: event-driven, min 100 ms",11,58246.23645173084,5753.763548269164,0.0,64000.0,0.9100974445582943,0.08990255544170568,0.0,0.08990255544170568,525.5064422671712,-525.5064422671676,0.0,True,True
5,adaptive_t0_i100ms,"Adaptive: event-driven, min 100 ms",12,57480.67160402803,6519.328395971976,0.0,64000.0,0.898135493812938,0.10186450618706212,0.0,0.10186450618706212,148.32543789508782,-148.32543789507145,-7.275957614183426e-12,True,True
5,adaptive_t0_i100ms,"Adaptive: event-driven, min 100 ms",13,57489.955351311924,6510.044648688077,0.0,64000.0,0.8982805523642489,0.1017194476357512,0.0,0.1017194476357512,132.10795236375998,-132.10795236374543,-7.275957614183426e-12,True,True
5,adaptive_t0_i100ms,"Adaptive: event-driven, min 100 ms",14,57506.13175144493,6493.868248555067,0.0,64000.0,0.8985333086163271,0.10146669138367292,0.0,0.10146669138367292,715.596458423337,-715.5964584233316,0.0,True,True
5,adaptive_t0_i100ms,"Adaptive: event-driven, min 100 ms",15,57701.45617112474,6298.543828875259,0.0,64000.0,0.9015852526738241,0.09841474732617593,0.0,0.09841474732617593,-327.97103024896205,327.9710302489657,0.0,True,True
5,adaptive_t0_i100ms,"Adaptive: event-driven, min 100 ms",16,58098.56500009606,5901.434999903942,0.0,64000.0,0.9077900781265009,0.09220992187349909,0.0,0.09220992187349909,699.2876890339903,-699.2876890339812,0.0,True,True
5,adaptive_t0_i100ms,"Adaptive: event-driven, min 100 ms",17,56479.61210995272,7520.387890047281,0.0,64000.0,0.8824939392180113,0.11750606078198876,0.0,0.11750606078198876,-16.220761653421505,16.220761653434238,0.0,True,True
5,adaptive_t0_i100ms,"Adaptive: event-driven, min 100 ms",18,57360.95895409081,6639.041045909191,0.0,64000.0,0.8962649836576689,0.10373501634233111,0.0,0.10373501634233111,-328.37174815467006,328.37174815467733,0.0,True,True
5,adaptive_t0_i100ms,"Adaptive: event-driven, min 100 ms",19,57722.602872952724,6277.39712704727,7.275957614183426e-12,64000.0,0.9019156698898864,0.0980843301101136,1.1368683772161603e-16,0.09808433011011371,-530.3108177332833,530.3108177332888,0.0,True,True
5,adaptive_t0_i100ms,"Adaptive: event-driven, min 100 ms",20,56411.5344633621,7588.465536637896,7.275957614183426e-12,64000.0,0.8814302259900328,0.11856977400996711,1.1368683772161603e-16,0.11856977400996722,-279.29129902985005,279.29129902985187,7.275957614183426e-12,True,True
5,adaptive_t0_i100ms,"Adaptive: event-driven, min 100 ms",21,57429.9236741156,6570.076325884404,0.0,64000.0,0.8973425574080562,0.1026574425919438,0.0,0.1026574425919438,-492.24777721459395,492.24777721460487,0.0,True,True
5,adaptive_t0_i100ms,"Adaptive: event-driven, min 100 ms",22,56657.37968330654,7342.620316693456,0.0,64000.0,0.8852715575516648,0.11472844244833524,0.0,0.11472844244833524,634.4653347461135,-634.4653347461099,0.0,True,True
5,adaptive_t0_i100ms,"Adaptive: event-driven, min 100 ms",23,57062.311015091844,6937.688984908151,7.275957614183426e-12,64000.0,0.8915986096108101,0.10840139038918986,1.1368683772161603e-16,0.10840139038918997,-395.94744122565317,395.947441225655,7.275957614183426e-12,True,True
5,adaptive_t0_i100ms,"Adaptive: event-driven, min 100 ms",24,57471.15770351608,6528.842296483914,7.275957614183426e-12,64000.0,0.8979868391174388,0.10201316088256115,1.1368683772161603e-16,0.10201316088256127,522.9740970107741,-522.9740970107687,0.0,True,True
5,adaptive_t0_i100ms,"Adaptive: event-driven, min 100 ms",25,57136.76414553822,6863.23585446178,0.0,64000.0,0.8927619397740346,0.10723806022596531,0.0,0.10723806022596531,-431.6918216832055,431.6918216832146,-7.275957614183426e-12,True,True
5,adaptive_t0_i100ms,"Adaptive: event-driven, min 100 ms",26,56514.26008676677,7485.739913233228,0.0,64000.0,0.8830353138557308,0.11696468614426919,0.0,0.11696468614426919,-1105.9433380449045,1105.9433380449154,-7.275957614183426e-12,True,True
5,adaptive_t0_i100ms,"Adaptive: event-driven, min 100 ms",27,58507.1472549524,5492.8527450475995,0.0,64000.0,0.9141741758586313,0.08582582414136875,0.0,0.08582582414136875,-451.4064770655823,451.40647706558593,0.0,True,True
5,adaptive_t0_i100ms,"Adaptive: event-driven, min 100 ms",28,57520.90411934006,6479.095880659934,0.0,64000.0,0.8987641268646884,0.10123587313531146,0.0,0.10123587313531146,-294.7876815467098,294.78768154671525,0.0,True,True
5,adaptive_t0_i100ms,"Adaptive: event-driven, min 100 ms",29,57899.28595155572,6100.7140484442825,0.0,64000.0,0.9046763429930581,0.09532365700694191,0.0,0.09532365700694191,-1650.7294367848153,1650.7294367848299,-7.275957614183426e-12,True,True
5,adaptive_t0_i100ms,"Adaptive: event-driven, min 100 ms",30,57371.28881373035,6628.711186269651,0.0,64000.0,0.8964263877145368,0.1035736122854633,0.0,0.1035736122854633,325.84415153400914,-325.84415153399823,0.0,True,True
5,adaptive_t0_i100ms,"Adaptive: event-driven, min 100 ms",31,57040.602294970035,6959.397705029965,0.0,64000.0,0.8912594108589068,0.1087405891410932,0.0,0.1087405891410932,-1350.430247692806,1350.4302476928133,0.0,True,True
