case,family,kind,tuning_slo_alpha,num_ssu,pressure_ttl_ms,cir_write_threshold_gbps,min_interval_ms,explicit_spill_threshold,target_ratio,required_ratio,background_reserve_fraction,mean_npu_utilization_pct,primary_slo_alpha,sensitivity_slo_alpha,alpha_1p5_equal_npu_slo_pct,alpha_1p5_request_weighted_slo_pct,alpha_2_equal_npu_slo_pct,alpha_2_request_weighted_slo_pct,measurement_request_count,measurement_requests_per_npu_min,measurement_requests_per_npu_median,measurement_requests_per_npu_max,measurement_cohort_fingerprint,input_simulator_fingerprint,source_fingerprint,config_fingerprint,definition_fingerprint,campaign_spec_sha256,all_invariants_passed,source_artifact
baseline,baseline,baseline,,8,0.0,0.0,0.0,,,,,35.172385559006685,2.0,1.5,18.497989640567766,18.19663226507333,24.57639365842491,24.2802824551874,1841,12,14.0,16,45ba2555e3f6be712b2bbf4a1cc14ccbab739aee68718b0c0a50b6efb021dbfd,4fbf085191ee07617ee53eec64ecfac899d84ec78b608ed4e23c7edc6a3240da,6c9cfe0b06839feba3da38c44199fdf539736232357b59602297cf8d7b8948dc,adab67e8cdd1d60634f3eeeeeb7652de5a2f1e6e41ab34a2484c425260960dbd,d2535e6b4860ed6e1a574236ae3caa85476d6ee9f35350dd9668ed2cd0525266,1069ea307a9680e1ff236314577a84d7d8004a1f5794ad274bfb5345afcd8d28,True,results/ms_scale_control/selected128_alpha_tuned_v2_public_raw/selected128_seed42_ssu8.json
layer_once_ttl_0ms,ttl,layer_once,,8,0.0,0.0,0.0,,,,,35.67819166043239,2.0,1.5,48.12757660702581,50.51546391752577,58.5599350538601,61.25881714595768,1843,7,13.0,28,9b8c9b72fe8bc29db6ee1803bd3c4f56da85b425f62f10409f5e15299a4c95af,4fbf085191ee07617ee53eec64ecfac899d84ec78b608ed4e23c7edc6a3240da,6c9cfe0b06839feba3da38c44199fdf539736232357b59602297cf8d7b8948dc,adab67e8cdd1d60634f3eeeeeb7652de5a2f1e6e41ab34a2484c425260960dbd,d2535e6b4860ed6e1a574236ae3caa85476d6ee9f35350dd9668ed2cd0525266,1069ea307a9680e1ff236314577a84d7d8004a1f5794ad274bfb5345afcd8d28,True,results/ms_scale_control/selected128_alpha_tuned_v2_public_raw/selected128_seed42_ssu8.json
layer_once_ttl_2ms,ttl,layer_once,,8,2.0,0.0,0.0,,,,,35.56956194300464,2.0,1.5,48.80134040295812,51.4054054054054,58.62130885463092,61.4054054054054,1850,7,13.0,28,e5f4741fe03d122e4889c2dd06472af853d0385e185f80c18bd1e3edd5b95140,4fbf085191ee07617ee53eec64ecfac899d84ec78b608ed4e23c7edc6a3240da,6c9cfe0b06839feba3da38c44199fdf539736232357b59602297cf8d7b8948dc,adab67e8cdd1d60634f3eeeeeb7652de5a2f1e6e41ab34a2484c425260960dbd,d2535e6b4860ed6e1a574236ae3caa85476d6ee9f35350dd9668ed2cd0525266,1069ea307a9680e1ff236314577a84d7d8004a1f5794ad274bfb5345afcd8d28,True,results/ms_scale_control/selected128_alpha_tuned_v2_public_raw/selected128_seed42_ssu8.json
layer_once_ttl_5ms,ttl,layer_once,,8,5.0,0.0,0.0,,,,,35.67626575157756,2.0,1.5,46.66821626972119,48.974082073434126,57.598801838439684,59.98920086393088,1852,7,13.5,28,7b889b9b9395b948124d07455c44c40c0301ad7b1ee33fad2ceb80677d8ae43c,4fbf085191ee07617ee53eec64ecfac899d84ec78b608ed4e23c7edc6a3240da,6c9cfe0b06839feba3da38c44199fdf539736232357b59602297cf8d7b8948dc,adab67e8cdd1d60634f3eeeeeb7652de5a2f1e6e41ab34a2484c425260960dbd,d2535e6b4860ed6e1a574236ae3caa85476d6ee9f35350dd9668ed2cd0525266,1069ea307a9680e1ff236314577a84d7d8004a1f5794ad274bfb5345afcd8d28,True,results/ms_scale_control/selected128_alpha_tuned_v2_public_raw/selected128_seed42_ssu8.json
adaptive_a1p5_t0_i25ms,adaptive_alpha_a1p5,adaptive,1.5,8,0.0,0.0,25.0,0.75,0.6866666666666666,0.6666666666666666,0.05,34.21962386558297,2.0,1.5,72.91227108222608,77.76572668112797,79.92385148143094,84.32754880694144,1844,2,14.0,36,55ad54238c6b3cbd13499aeeb1736528327689cc68e13765e3ccbd80018c8af8,4fbf085191ee07617ee53eec64ecfac899d84ec78b608ed4e23c7edc6a3240da,6c9cfe0b06839feba3da38c44199fdf539736232357b59602297cf8d7b8948dc,adab67e8cdd1d60634f3eeeeeb7652de5a2f1e6e41ab34a2484c425260960dbd,d2535e6b4860ed6e1a574236ae3caa85476d6ee9f35350dd9668ed2cd0525266,1069ea307a9680e1ff236314577a84d7d8004a1f5794ad274bfb5345afcd8d28,True,results/ms_scale_control/selected128_alpha_tuned_v2_public_raw/selected128_seed42_ssu8.json
adaptive_a1p5_t0_i100ms,adaptive_alpha_a1p5,adaptive,1.5,8,0.0,0.0,100.0,0.75,0.6866666666666666,0.6666666666666666,0.05,35.50715213181056,2.0,1.5,61.13311704583298,65.08972267536704,73.48687583418602,78.5753126699293,1839,2,14.0,34,ef923fbd7bfcc3b988139983b59cecb4a8dd129e24842940aaa877c57e2e8fa0,4fbf085191ee07617ee53eec64ecfac899d84ec78b608ed4e23c7edc6a3240da,6c9cfe0b06839feba3da38c44199fdf539736232357b59602297cf8d7b8948dc,adab67e8cdd1d60634f3eeeeeb7652de5a2f1e6e41ab34a2484c425260960dbd,d2535e6b4860ed6e1a574236ae3caa85476d6ee9f35350dd9668ed2cd0525266,1069ea307a9680e1ff236314577a84d7d8004a1f5794ad274bfb5345afcd8d28,True,results/ms_scale_control/selected128_alpha_tuned_v2_public_raw/selected128_seed42_ssu8.json
adaptive_a1p5_t0_i200ms,adaptive_alpha_a1p5,adaptive,1.5,8,0.0,0.0,200.0,0.75,0.6866666666666666,0.6666666666666666,0.05,36.320185397691226,2.0,1.5,55.48719575486514,58.69918699186992,68.5020451722984,71.92411924119241,1845,3,14.0,31,f8e411bcbfcf86bfdaad732e6d213a0f33b223e6a20f1406fea8e99158214f3d,4fbf085191ee07617ee53eec64ecfac899d84ec78b608ed4e23c7edc6a3240da,6c9cfe0b06839feba3da38c44199fdf539736232357b59602297cf8d7b8948dc,adab67e8cdd1d60634f3eeeeeb7652de5a2f1e6e41ab34a2484c425260960dbd,d2535e6b4860ed6e1a574236ae3caa85476d6ee9f35350dd9668ed2cd0525266,1069ea307a9680e1ff236314577a84d7d8004a1f5794ad274bfb5345afcd8d28,True,results/ms_scale_control/selected128_alpha_tuned_v2_public_raw/selected128_seed42_ssu8.json
adaptive_a2_t0_i25ms,adaptive_alpha_a2,adaptive,2.0,8,0.0,0.0,25.0,0.75,0.52,0.5,0.05,35.179275153959736,2.0,1.5,28.07175891274628,29.446534121440088,76.69571144436146,79.31219774314884,1861,2,14.0,35,cab12ef78bf3df6a86f347bbd854af3f410e521d71e0ffbf63159a1cbf793e32,4fbf085191ee07617ee53eec64ecfac899d84ec78b608ed4e23c7edc6a3240da,6c9cfe0b06839feba3da38c44199fdf539736232357b59602297cf8d7b8948dc,adab67e8cdd1d60634f3eeeeeb7652de5a2f1e6e41ab34a2484c425260960dbd,d2535e6b4860ed6e1a574236ae3caa85476d6ee9f35350dd9668ed2cd0525266,1069ea307a9680e1ff236314577a84d7d8004a1f5794ad274bfb5345afcd8d28,True,results/ms_scale_control/selected128_alpha_tuned_v2_public_raw/selected128_seed42_ssu8.json
adaptive_a2_t0_i100ms,adaptive_alpha_a2,adaptive,2.0,8,0.0,0.0,100.0,0.75,0.52,0.5,0.05,34.84910615030577,2.0,1.5,28.23862596704997,29.354313619099294,68.4858490085827,71.67661421595226,1843,3,14.0,35,1baa44d5b106b7b655071b00028288804185ee24a11e05bc63afd200f7401347,4fbf085191ee07617ee53eec64ecfac899d84ec78b608ed4e23c7edc6a3240da,6c9cfe0b06839feba3da38c44199fdf539736232357b59602297cf8d7b8948dc,adab67e8cdd1d60634f3eeeeeb7652de5a2f1e6e41ab34a2484c425260960dbd,d2535e6b4860ed6e1a574236ae3caa85476d6ee9f35350dd9668ed2cd0525266,1069ea307a9680e1ff236314577a84d7d8004a1f5794ad274bfb5345afcd8d28,True,results/ms_scale_control/selected128_alpha_tuned_v2_public_raw/selected128_seed42_ssu8.json
adaptive_a2_t0_i200ms,adaptive_alpha_a2,adaptive,2.0,8,0.0,0.0,200.0,0.75,0.52,0.5,0.05,35.23616543690774,2.0,1.5,28.67916372656538,30.184581976112923,60.00728087962683,61.997828447339856,1842,2,15.0,29,3dce9d9e98c2eb0bfe120b78c1da8caff77f3f647114874ecc127397e2f0c322,4fbf085191ee07617ee53eec64ecfac899d84ec78b608ed4e23c7edc6a3240da,6c9cfe0b06839feba3da38c44199fdf539736232357b59602297cf8d7b8948dc,adab67e8cdd1d60634f3eeeeeb7652de5a2f1e6e41ab34a2484c425260960dbd,d2535e6b4860ed6e1a574236ae3caa85476d6ee9f35350dd9668ed2cd0525266,1069ea307a9680e1ff236314577a84d7d8004a1f5794ad274bfb5345afcd8d28,True,results/ms_scale_control/selected128_alpha_tuned_v2_public_raw/selected128_seed42_ssu8.json
baseline,baseline,baseline,,12,0.0,0.0,0.0,,,,,55.24740081613619,2.0,1.5,32.78747938248081,32.22497347010966,37.33275910199011,36.78811460912628,2827,17,22.0,27,d685173b1ebe0d6a7e24a0e6ad0ed4e3315d2fd4605b2cc4a38f4fa1ece6e7ca,2da309ca63efdfa2fb2dead0faac6ade3eea618eb098be1004a7dfac5328e787,6c9cfe0b06839feba3da38c44199fdf539736232357b59602297cf8d7b8948dc,adab67e8cdd1d60634f3eeeeeb7652de5a2f1e6e41ab34a2484c425260960dbd,d2535e6b4860ed6e1a574236ae3caa85476d6ee9f35350dd9668ed2cd0525266,1069ea307a9680e1ff236314577a84d7d8004a1f5794ad274bfb5345afcd8d28,True,results/ms_scale_control/selected128_alpha_tuned_v2_public_raw/selected128_seed42_ssu12.json
layer_once_ttl_0ms,ttl,layer_once,,12,0.0,0.0,0.0,,,,,55.436654982901764,2.0,1.5,58.54258059338919,59.64298214910746,69.87783297355051,71.08855442772139,2857,12,22.0,34,f657566cf2aeb33dbbf6139710b077c6148e1bf28b8147777c75889c37afdc86,2da309ca63efdfa2fb2dead0faac6ade3eea618eb098be1004a7dfac5328e787,6c9cfe0b06839feba3da38c44199fdf539736232357b59602297cf8d7b8948dc,adab67e8cdd1d60634f3eeeeeb7652de5a2f1e6e41ab34a2484c425260960dbd,d2535e6b4860ed6e1a574236ae3caa85476d6ee9f35350dd9668ed2cd0525266,1069ea307a9680e1ff236314577a84d7d8004a1f5794ad274bfb5345afcd8d28,True,results/ms_scale_control/selected128_alpha_tuned_v2_public_raw/selected128_seed42_ssu12.json
layer_once_ttl_2ms,ttl,layer_once,,12,2.0,0.0,0.0,,,,,55.52089789476867,2.0,1.5,58.59851838037494,59.67798389919496,68.45959872587872,69.54847742387119,2857,12,22.0,36,f2c033e836f702b28098934fc9b438da8192b17f66ce5c12fca0ae4271227118,2da309ca63efdfa2fb2dead0faac6ade3eea618eb098be1004a7dfac5328e787,6c9cfe0b06839feba3da38c44199fdf539736232357b59602297cf8d7b8948dc,adab67e8cdd1d60634f3eeeeeb7652de5a2f1e6e41ab34a2484c425260960dbd,d2535e6b4860ed6e1a574236ae3caa85476d6ee9f35350dd9668ed2cd0525266,1069ea307a9680e1ff236314577a84d7d8004a1f5794ad274bfb5345afcd8d28,True,results/ms_scale_control/selected128_alpha_tuned_v2_public_raw/selected128_seed42_ssu12.json
layer_once_ttl_5ms,ttl,layer_once,,12,5.0,0.0,0.0,,,,,55.54464554198218,2.0,1.5,55.423134498209606,56.49122807017544,66.34896015470036,67.26315789473685,2850,12,22.0,35,1fb1ce7d82885b8414a34290210f654e03dbef9076840929e98749f7d94645fd,2da309ca63efdfa2fb2dead0faac6ade3eea618eb098be1004a7dfac5328e787,6c9cfe0b06839feba3da38c44199fdf539736232357b59602297cf8d7b8948dc,adab67e8cdd1d60634f3eeeeeb7652de5a2f1e6e41ab34a2484c425260960dbd,d2535e6b4860ed6e1a574236ae3caa85476d6ee9f35350dd9668ed2cd0525266,1069ea307a9680e1ff236314577a84d7d8004a1f5794ad274bfb5345afcd8d28,True,results/ms_scale_control/selected128_alpha_tuned_v2_public_raw/selected128_seed42_ssu12.json
adaptive_a1p5_t0_i25ms,adaptive_alpha_a1p5,adaptive,1.5,12,0.0,0.0,25.0,0.75,0.6866666666666666,0.6666666666666666,0.05,55.47511852146331,2.0,1.5,82.75954588713893,84.60997891777934,84.4225803211156,86.19114546732256,2846,8,22.0,45,5ee24a34e27e331fc8e1d8e029840a279dedde1b0d3a1a2c133b64d50b8e1508,2da309ca63efdfa2fb2dead0faac6ade3eea618eb098be1004a7dfac5328e787,6c9cfe0b06839feba3da38c44199fdf539736232357b59602297cf8d7b8948dc,adab67e8cdd1d60634f3eeeeeb7652de5a2f1e6e41ab34a2484c425260960dbd,d2535e6b4860ed6e1a574236ae3caa85476d6ee9f35350dd9668ed2cd0525266,1069ea307a9680e1ff236314577a84d7d8004a1f5794ad274bfb5345afcd8d28,True,results/ms_scale_control/selected128_alpha_tuned_v2_public_raw/selected128_seed42_ssu12.json
adaptive_a1p5_t0_i100ms,adaptive_alpha_a1p5,adaptive,1.5,12,0.0,0.0,100.0,0.75,0.6866666666666666,0.6666666666666666,0.05,55.11020910921325,2.0,1.5,69.58918469180759,70.30367231638418,79.37819295297032,80.61440677966102,2832,8,22.0,38,795f4ceae77f86b3d32626f285239c69da95e9d047c963093c179ec04caae3a3,2da309ca63efdfa2fb2dead0faac6ade3eea618eb098be1004a7dfac5328e787,6c9cfe0b06839feba3da38c44199fdf539736232357b59602297cf8d7b8948dc,adab67e8cdd1d60634f3eeeeeb7652de5a2f1e6e41ab34a2484c425260960dbd,d2535e6b4860ed6e1a574236ae3caa85476d6ee9f35350dd9668ed2cd0525266,1069ea307a9680e1ff236314577a84d7d8004a1f5794ad274bfb5345afcd8d28,True,results/ms_scale_control/selected128_alpha_tuned_v2_public_raw/selected128_seed42_ssu12.json
adaptive_a1p5_t0_i200ms,adaptive_alpha_a1p5,adaptive,1.5,12,0.0,0.0,200.0,0.75,0.6866666666666666,0.6666666666666666,0.05,55.44838010305634,2.0,1.5,60.15740795450475,60.64814814814815,71.03706221912302,71.86609686609687,2808,11,22.0,37,965d9774694fbd79055c43925b4b6c3d5628168deae9b0fff8f8c7f20fe6b5e6,2da309ca63efdfa2fb2dead0faac6ade3eea618eb098be1004a7dfac5328e787,6c9cfe0b06839feba3da38c44199fdf539736232357b59602297cf8d7b8948dc,adab67e8cdd1d60634f3eeeeeb7652de5a2f1e6e41ab34a2484c425260960dbd,d2535e6b4860ed6e1a574236ae3caa85476d6ee9f35350dd9668ed2cd0525266,1069ea307a9680e1ff236314577a84d7d8004a1f5794ad274bfb5345afcd8d28,True,results/ms_scale_control/selected128_alpha_tuned_v2_public_raw/selected128_seed42_ssu12.json
adaptive_a2_t0_i25ms,adaptive_alpha_a2,adaptive,2.0,12,0.0,0.0,25.0,0.75,0.52,0.5,0.05,55.336203639051554,2.0,1.5,21.01817016969484,20.956399437412095,86.0045444978129,86.0056258790436,2844,10,22.0,36,1058ce4f0bf70c228715a1e72ebdb6e63f483055ff7ad3f60bbf215cb838859e,2da309ca63efdfa2fb2dead0faac6ade3eea618eb098be1004a7dfac5328e787,6c9cfe0b06839feba3da38c44199fdf539736232357b59602297cf8d7b8948dc,adab67e8cdd1d60634f3eeeeeb7652de5a2f1e6e41ab34a2484c425260960dbd,d2535e6b4860ed6e1a574236ae3caa85476d6ee9f35350dd9668ed2cd0525266,1069ea307a9680e1ff236314577a84d7d8004a1f5794ad274bfb5345afcd8d28,True,results/ms_scale_control/selected128_alpha_tuned_v2_public_raw/selected128_seed42_ssu12.json
adaptive_a2_t0_i100ms,adaptive_alpha_a2,adaptive,2.0,12,0.0,0.0,100.0,0.75,0.52,0.5,0.05,55.13872600780718,2.0,1.5,31.299686385879216,30.84541917226742,74.83334001376166,74.9557835160948,2827,11,22.0,35,2bab622ee95a4df97480244a3631443df6cb444077ba0548cf48eeff3b6a691c,2da309ca63efdfa2fb2dead0faac6ade3eea618eb098be1004a7dfac5328e787,6c9cfe0b06839feba3da38c44199fdf539736232357b59602297cf8d7b8948dc,adab67e8cdd1d60634f3eeeeeb7652de5a2f1e6e41ab34a2484c425260960dbd,d2535e6b4860ed6e1a574236ae3caa85476d6ee9f35350dd9668ed2cd0525266,1069ea307a9680e1ff236314577a84d7d8004a1f5794ad274bfb5345afcd8d28,True,results/ms_scale_control/selected128_alpha_tuned_v2_public_raw/selected128_seed42_ssu12.json
adaptive_a2_t0_i200ms,adaptive_alpha_a2,adaptive,2.0,12,0.0,0.0,200.0,0.75,0.52,0.5,0.05,55.18669592229462,2.0,1.5,39.572945779350746,39.41218130311614,65.3261757647838,65.40368271954674,2824,11,22.0,41,f7921144ff23d18c2378edf6f79227176c071042ce4fc0bc6f6697dba4fd06dc,2da309ca63efdfa2fb2dead0faac6ade3eea618eb098be1004a7dfac5328e787,6c9cfe0b06839feba3da38c44199fdf539736232357b59602297cf8d7b8948dc,adab67e8cdd1d60634f3eeeeeb7652de5a2f1e6e41ab34a2484c425260960dbd,d2535e6b4860ed6e1a574236ae3caa85476d6ee9f35350dd9668ed2cd0525266,1069ea307a9680e1ff236314577a84d7d8004a1f5794ad274bfb5345afcd8d28,True,results/ms_scale_control/selected128_alpha_tuned_v2_public_raw/selected128_seed42_ssu12.json
baseline,baseline,baseline,,16,0.0,0.0,0.0,,,,,73.75564199219782,2.0,1.5,45.21257544214225,44.44444444444444,50.99565187452749,50.291005291005284,3780,20,29.0,40,a7dd42ee95b491f6e41230cddd0209450b675bb29b2a8f11c589bcfd1e0d2816,46a00007ccbb57ac12218004fec0acf162d69f098b9a6d9502d952fa390cbb52,6c9cfe0b06839feba3da38c44199fdf539736232357b59602297cf8d7b8948dc,adab67e8cdd1d60634f3eeeeeb7652de5a2f1e6e41ab34a2484c425260960dbd,d2535e6b4860ed6e1a574236ae3caa85476d6ee9f35350dd9668ed2cd0525266,1069ea307a9680e1ff236314577a84d7d8004a1f5794ad274bfb5345afcd8d28,True,results/ms_scale_control/selected128_alpha_tuned_v2_public_raw/selected128_seed42_ssu16.json
layer_once_ttl_0ms,ttl,layer_once,,16,0.0,0.0,0.0,,,,,74.00637565495508,2.0,1.5,66.44683238993662,66.71945104249141,79.49885078144978,79.70440749538137,3789,17,30.0,46,2b0137af7707a500f9ad27b1aa922f440ba14c36ef684344d5910cf23a633711,46a00007ccbb57ac12218004fec0acf162d69f098b9a6d9502d952fa390cbb52,6c9cfe0b06839feba3da38c44199fdf539736232357b59602297cf8d7b8948dc,adab67e8cdd1d60634f3eeeeeb7652de5a2f1e6e41ab34a2484c425260960dbd,d2535e6b4860ed6e1a574236ae3caa85476d6ee9f35350dd9668ed2cd0525266,1069ea307a9680e1ff236314577a84d7d8004a1f5794ad274bfb5345afcd8d28,True,results/ms_scale_control/selected128_alpha_tuned_v2_public_raw/selected128_seed42_ssu16.json
layer_once_ttl_2ms,ttl,layer_once,,16,2.0,0.0,0.0,,,,,74.00752045171072,2.0,1.5,66.2868740680615,66.45519429024583,77.84163667913514,78.03330689928629,3783,17,29.0,46,a0ac010326d97f95b380c1603aabe059f14e2962f38e310dc45a1581a195b45e,46a00007ccbb57ac12218004fec0acf162d69f098b9a6d9502d952fa390cbb52,6c9cfe0b06839feba3da38c44199fdf539736232357b59602297cf8d7b8948dc,adab67e8cdd1d60634f3eeeeeb7652de5a2f1e6e41ab34a2484c425260960dbd,d2535e6b4860ed6e1a574236ae3caa85476d6ee9f35350dd9668ed2cd0525266,1069ea307a9680e1ff236314577a84d7d8004a1f5794ad274bfb5345afcd8d28,True,results/ms_scale_control/selected128_alpha_tuned_v2_public_raw/selected128_seed42_ssu16.json
layer_once_ttl_5ms,ttl,layer_once,,16,5.0,0.0,0.0,,,,,73.86216852126746,2.0,1.5,64.57984407646767,64.64059196617336,75.33954801849328,75.42283298097252,3784,17,29.0,46,efd056a7551da2b633013cbd44646685f2745b5844454add4d36a5603d275e7d,46a00007ccbb57ac12218004fec0acf162d69f098b9a6d9502d952fa390cbb52,6c9cfe0b06839feba3da38c44199fdf539736232357b59602297cf8d7b8948dc,adab67e8cdd1d60634f3eeeeeb7652de5a2f1e6e41ab34a2484c425260960dbd,d2535e6b4860ed6e1a574236ae3caa85476d6ee9f35350dd9668ed2cd0525266,1069ea307a9680e1ff236314577a84d7d8004a1f5794ad274bfb5345afcd8d28,True,results/ms_scale_control/selected128_alpha_tuned_v2_public_raw/selected128_seed42_ssu16.json
adaptive_a1p5_t0_i25ms,adaptive_alpha_a1p5,adaptive,1.5,16,0.0,0.0,25.0,0.75,0.6866666666666666,0.6666666666666666,0.05,74.2039208014523,2.0,1.5,83.32304359881888,83.0378406985975,85.95071164881234,85.8163535326806,3779,16,29.0,50,40c1f324695d36c243cde96dbd7d8acc42a70fb4c7d2d499664f887d142f5496,46a00007ccbb57ac12218004fec0acf162d69f098b9a6d9502d952fa390cbb52,6c9cfe0b06839feba3da38c44199fdf539736232357b59602297cf8d7b8948dc,adab67e8cdd1d60634f3eeeeeb7652de5a2f1e6e41ab34a2484c425260960dbd,d2535e6b4860ed6e1a574236ae3caa85476d6ee9f35350dd9668ed2cd0525266,1069ea307a9680e1ff236314577a84d7d8004a1f5794ad274bfb5345afcd8d28,True,results/ms_scale_control/selected128_alpha_tuned_v2_public_raw/selected128_seed42_ssu16.json
adaptive_a1p5_t0_i100ms,adaptive_alpha_a1p5,adaptive,1.5,16,0.0,0.0,100.0,0.75,0.6866666666666666,0.6666666666666666,0.05,74.36813740405985,2.0,1.5,71.2451033069114,70.69742773800053,80.96846140370107,80.80084858127817,3771,16,29.0,45,d6ab131a456353eceee6b275420a9d3a16004ea5a31fa43613ee9535e88a3988,46a00007ccbb57ac12218004fec0acf162d69f098b9a6d9502d952fa390cbb52,6c9cfe0b06839feba3da38c44199fdf539736232357b59602297cf8d7b8948dc,adab67e8cdd1d60634f3eeeeeb7652de5a2f1e6e41ab34a2484c425260960dbd,d2535e6b4860ed6e1a574236ae3caa85476d6ee9f35350dd9668ed2cd0525266,1069ea307a9680e1ff236314577a84d7d8004a1f5794ad274bfb5345afcd8d28,True,results/ms_scale_control/selected128_alpha_tuned_v2_public_raw/selected128_seed42_ssu16.json
adaptive_a1p5_t0_i200ms,adaptive_alpha_a1p5,adaptive,1.5,16,0.0,0.0,200.0,0.75,0.6866666666666666,0.6666666666666666,0.05,73.99934641732693,2.0,1.5,65.84260665338216,65.64156945917286,74.70098387834679,74.5493107104984,3772,17,29.0,42,b0085df5ae20f40b13f35ec6aeb84f7aeb788afec69fe2db1c91901bc2545dcd,46a00007ccbb57ac12218004fec0acf162d69f098b9a6d9502d952fa390cbb52,6c9cfe0b06839feba3da38c44199fdf539736232357b59602297cf8d7b8948dc,adab67e8cdd1d60634f3eeeeeb7652de5a2f1e6e41ab34a2484c425260960dbd,d2535e6b4860ed6e1a574236ae3caa85476d6ee9f35350dd9668ed2cd0525266,1069ea307a9680e1ff236314577a84d7d8004a1f5794ad274bfb5345afcd8d28,True,results/ms_scale_control/selected128_alpha_tuned_v2_public_raw/selected128_seed42_ssu16.json
adaptive_a2_t0_i25ms,adaptive_alpha_a2,adaptive,2.0,16,0.0,0.0,25.0,0.75,0.52,0.5,0.05,74.3089816828288,2.0,1.5,53.69398761919294,53.01587301587302,91.3781702151409,91.19047619047619,3780,15,29.5,50,2dab8b442f64697e3c974e19c14a3641da09d0fd8acb7fa5a8de3ecebdb767c2,46a00007ccbb57ac12218004fec0acf162d69f098b9a6d9502d952fa390cbb52,6c9cfe0b06839feba3da38c44199fdf539736232357b59602297cf8d7b8948dc,adab67e8cdd1d60634f3eeeeeb7652de5a2f1e6e41ab34a2484c425260960dbd,d2535e6b4860ed6e1a574236ae3caa85476d6ee9f35350dd9668ed2cd0525266,1069ea307a9680e1ff236314577a84d7d8004a1f5794ad274bfb5345afcd8d28,True,results/ms_scale_control/selected128_alpha_tuned_v2_public_raw/selected128_seed42_ssu16.json
adaptive_a2_t0_i100ms,adaptive_alpha_a2,adaptive,2.0,16,0.0,0.0,100.0,0.75,0.52,0.5,0.05,74.02047264473347,2.0,1.5,47.540073971838886,46.698237305972114,81.21606248003049,80.66298342541437,3801,16,30.0,48,d9fe03eb318b4ae47f790e53de6c9cd00aa3072dda5d6b170105e008cb361f64,46a00007ccbb57ac12218004fec0acf162d69f098b9a6d9502d952fa390cbb52,6c9cfe0b06839feba3da38c44199fdf539736232357b59602297cf8d7b8948dc,adab67e8cdd1d60634f3eeeeeb7652de5a2f1e6e41ab34a2484c425260960dbd,d2535e6b4860ed6e1a574236ae3caa85476d6ee9f35350dd9668ed2cd0525266,1069ea307a9680e1ff236314577a84d7d8004a1f5794ad274bfb5345afcd8d28,True,results/ms_scale_control/selected128_alpha_tuned_v2_public_raw/selected128_seed42_ssu16.json
adaptive_a2_t0_i200ms,adaptive_alpha_a2,adaptive,2.0,16,0.0,0.0,200.0,0.75,0.52,0.5,0.05,74.64913114231696,2.0,1.5,52.29552537445714,51.570335180786486,72.65046710960661,71.997888624967,3789,16,30.0,45,c01121fb9802ded21f8a4369aba3db4b8222a5d6abe52b5cfaae17d26c1e9568,46a00007ccbb57ac12218004fec0acf162d69f098b9a6d9502d952fa390cbb52,6c9cfe0b06839feba3da38c44199fdf539736232357b59602297cf8d7b8948dc,adab67e8cdd1d60634f3eeeeeb7652de5a2f1e6e41ab34a2484c425260960dbd,d2535e6b4860ed6e1a574236ae3caa85476d6ee9f35350dd9668ed2cd0525266,1069ea307a9680e1ff236314577a84d7d8004a1f5794ad274bfb5345afcd8d28,True,results/ms_scale_control/selected128_alpha_tuned_v2_public_raw/selected128_seed42_ssu16.json
baseline,baseline,baseline,,20,0.0,0.0,0.0,,,,,91.1857749332046,2.0,1.5,64.39335956593642,63.750813978728026,71.21766534613919,70.67505969177338,4607,22,35.0,53,d1e10cc104c7018566f8b7c6cf9090b0e1fc91f840078fe6658362cc62dfdc8c,28bfb20469a09403128584b308105099403b1e41f6bb51a2d7902a30cfb7396b,6c9cfe0b06839feba3da38c44199fdf539736232357b59602297cf8d7b8948dc,adab67e8cdd1d60634f3eeeeeb7652de5a2f1e6e41ab34a2484c425260960dbd,d2535e6b4860ed6e1a574236ae3caa85476d6ee9f35350dd9668ed2cd0525266,1069ea307a9680e1ff236314577a84d7d8004a1f5794ad274bfb5345afcd8d28,True,results/ms_scale_control/selected128_alpha_tuned_v2_public_raw/selected128_seed42_ssu20.json
layer_once_ttl_0ms,ttl,layer_once,,20,0.0,0.0,0.0,,,,,91.62751051553143,2.0,1.5,79.76725177361526,79.54397394136808,91.60782989420453,91.50922909880565,4605,21,36.0,54,5f346af9ab62c960cdefe222ea26214a8cf7a954c129f155f0e17fa3111c9704,28bfb20469a09403128584b308105099403b1e41f6bb51a2d7902a30cfb7396b,6c9cfe0b06839feba3da38c44199fdf539736232357b59602297cf8d7b8948dc,adab67e8cdd1d60634f3eeeeeb7652de5a2f1e6e41ab34a2484c425260960dbd,d2535e6b4860ed6e1a574236ae3caa85476d6ee9f35350dd9668ed2cd0525266,1069ea307a9680e1ff236314577a84d7d8004a1f5794ad274bfb5345afcd8d28,True,results/ms_scale_control/selected128_alpha_tuned_v2_public_raw/selected128_seed42_ssu20.json
layer_once_ttl_2ms,ttl,layer_once,,20,2.0,0.0,0.0,,,,,91.4704232518247,2.0,1.5,79.27562725809423,79.08695652173913,89.75105088653727,89.69565217391305,4600,21,35.0,54,1341c69aca5e9fb86a69e1cd61010f58b740d828eee3137ac1b8719749056001,28bfb20469a09403128584b308105099403b1e41f6bb51a2d7902a30cfb7396b,6c9cfe0b06839feba3da38c44199fdf539736232357b59602297cf8d7b8948dc,adab67e8cdd1d60634f3eeeeeb7652de5a2f1e6e41ab34a2484c425260960dbd,d2535e6b4860ed6e1a574236ae3caa85476d6ee9f35350dd9668ed2cd0525266,1069ea307a9680e1ff236314577a84d7d8004a1f5794ad274bfb5345afcd8d28,True,results/ms_scale_control/selected128_alpha_tuned_v2_public_raw/selected128_seed42_ssu20.json
layer_once_ttl_5ms,ttl,layer_once,,20,5.0,0.0,0.0,,,,,91.31032088328159,2.0,1.5,78.42638930872504,78.24003485079504,87.76099986826365,87.6933130037029,4591,20,35.0,54,698800b119cdfa830689c67d4f89b67a5696a2431a1ca30cff2f562a1e6a09bc,28bfb20469a09403128584b308105099403b1e41f6bb51a2d7902a30cfb7396b,6c9cfe0b06839feba3da38c44199fdf539736232357b59602297cf8d7b8948dc,adab67e8cdd1d60634f3eeeeeb7652de5a2f1e6e41ab34a2484c425260960dbd,d2535e6b4860ed6e1a574236ae3caa85476d6ee9f35350dd9668ed2cd0525266,1069ea307a9680e1ff236314577a84d7d8004a1f5794ad274bfb5345afcd8d28,True,results/ms_scale_control/selected128_alpha_tuned_v2_public_raw/selected128_seed42_ssu20.json
adaptive_a1p5_t0_i25ms,adaptive_alpha_a1p5,adaptive,1.5,20,0.0,0.0,25.0,0.75,0.6866666666666666,0.6666666666666666,0.05,91.31671236586548,2.0,1.5,87.00162376531775,86.78509532062392,89.05233508109822,88.84315424610053,4616,22,35.5,53,2745e70d3bc51ea66fab17b414b1e48d1609f06cb86280d1cf6da7a56716c77e,28bfb20469a09403128584b308105099403b1e41f6bb51a2d7902a30cfb7396b,6c9cfe0b06839feba3da38c44199fdf539736232357b59602297cf8d7b8948dc,adab67e8cdd1d60634f3eeeeeb7652de5a2f1e6e41ab34a2484c425260960dbd,d2535e6b4860ed6e1a574236ae3caa85476d6ee9f35350dd9668ed2cd0525266,1069ea307a9680e1ff236314577a84d7d8004a1f5794ad274bfb5345afcd8d28,True,results/ms_scale_control/selected128_alpha_tuned_v2_public_raw/selected128_seed42_ssu20.json
adaptive_a1p5_t0_i100ms,adaptive_alpha_a1p5,adaptive,1.5,20,0.0,0.0,100.0,0.75,0.6866666666666666,0.6666666666666666,0.05,91.37676250826793,2.0,1.5,78.42959660693403,78.05825242718447,85.18648231681426,84.91909385113269,4635,21,36.0,52,acc57ac2a4e80445b952dc5a9cece50e48659f86954f2c069eb701cc220bef62,28bfb20469a09403128584b308105099403b1e41f6bb51a2d7902a30cfb7396b,6c9cfe0b06839feba3da38c44199fdf539736232357b59602297cf8d7b8948dc,adab67e8cdd1d60634f3eeeeeb7652de5a2f1e6e41ab34a2484c425260960dbd,d2535e6b4860ed6e1a574236ae3caa85476d6ee9f35350dd9668ed2cd0525266,1069ea307a9680e1ff236314577a84d7d8004a1f5794ad274bfb5345afcd8d28,True,results/ms_scale_control/selected128_alpha_tuned_v2_public_raw/selected128_seed42_ssu20.json
adaptive_a1p5_t0_i200ms,adaptive_alpha_a1p5,adaptive,1.5,20,0.0,0.0,200.0,0.75,0.6866666666666666,0.6666666666666666,0.05,90.79854546075093,2.0,1.5,74.29002138407327,73.87230333405971,81.15110420197597,80.82370886903465,4589,21,35.0,51,b219185da60ef0a4a3026c7b3df5bc94505c061a327f73c6159079456095cbe2,28bfb20469a09403128584b308105099403b1e41f6bb51a2d7902a30cfb7396b,6c9cfe0b06839feba3da38c44199fdf539736232357b59602297cf8d7b8948dc,adab67e8cdd1d60634f3eeeeeb7652de5a2f1e6e41ab34a2484c425260960dbd,d2535e6b4860ed6e1a574236ae3caa85476d6ee9f35350dd9668ed2cd0525266,1069ea307a9680e1ff236314577a84d7d8004a1f5794ad274bfb5345afcd8d28,True,results/ms_scale_control/selected128_alpha_tuned_v2_public_raw/selected128_seed42_ssu20.json
adaptive_a2_t0_i25ms,adaptive_alpha_a2,adaptive,2.0,20,0.0,0.0,25.0,0.75,0.52,0.5,0.05,90.87800994383095,2.0,1.5,80.44892032022379,80.01735734432633,93.27795728238914,93.07875894988067,4609,20,35.5,52,2f68da6dfc70271d1bea6c0ed6eb0e34aa2d26dcf521bcfd9caf103ae19d6a66,28bfb20469a09403128584b308105099403b1e41f6bb51a2d7902a30cfb7396b,6c9cfe0b06839feba3da38c44199fdf539736232357b59602297cf8d7b8948dc,adab67e8cdd1d60634f3eeeeeb7652de5a2f1e6e41ab34a2484c425260960dbd,d2535e6b4860ed6e1a574236ae3caa85476d6ee9f35350dd9668ed2cd0525266,1069ea307a9680e1ff236314577a84d7d8004a1f5794ad274bfb5345afcd8d28,True,results/ms_scale_control/selected128_alpha_tuned_v2_public_raw/selected128_seed42_ssu20.json
adaptive_a2_t0_i100ms,adaptive_alpha_a2,adaptive,2.0,20,0.0,0.0,100.0,0.75,0.52,0.5,0.05,91.36173586941639,2.0,1.5,73.66795485879571,73.20034692107545,86.79890970964748,86.44839549002602,4612,20,35.0,53,dd37338e7a6ce4be3d4eb248987d192bae07b8fd9907c493078c58789edf0f47,28bfb20469a09403128584b308105099403b1e41f6bb51a2d7902a30cfb7396b,6c9cfe0b06839feba3da38c44199fdf539736232357b59602297cf8d7b8948dc,adab67e8cdd1d60634f3eeeeeb7652de5a2f1e6e41ab34a2484c425260960dbd,d2535e6b4860ed6e1a574236ae3caa85476d6ee9f35350dd9668ed2cd0525266,1069ea307a9680e1ff236314577a84d7d8004a1f5794ad274bfb5345afcd8d28,True,results/ms_scale_control/selected128_alpha_tuned_v2_public_raw/selected128_seed42_ssu20.json
adaptive_a2_t0_i200ms,adaptive_alpha_a2,adaptive,2.0,20,0.0,0.0,200.0,0.75,0.52,0.5,0.05,91.3895190380875,2.0,1.5,71.7360459708849,71.2735951399436,81.69383915858641,81.38424821002387,4609,22,35.0,57,c495e905a7051f3bff3d7aaec37017c5f5afc995e9a8aaeda7ad8a898ef18665,28bfb20469a09403128584b308105099403b1e41f6bb51a2d7902a30cfb7396b,6c9cfe0b06839feba3da38c44199fdf539736232357b59602297cf8d7b8948dc,adab67e8cdd1d60634f3eeeeeb7652de5a2f1e6e41ab34a2484c425260960dbd,d2535e6b4860ed6e1a574236ae3caa85476d6ee9f35350dd9668ed2cd0525266,1069ea307a9680e1ff236314577a84d7d8004a1f5794ad274bfb5345afcd8d28,True,results/ms_scale_control/selected128_alpha_tuned_v2_public_raw/selected128_seed42_ssu20.json
baseline,baseline,baseline,,24,0.0,0.0,0.0,,,,,97.83069668764027,2.0,1.5,83.11077144829507,82.73833671399593,89.07776142008044,88.88438133874239,4930,22,38.0,54,12596eb6b8d4b3cf9af80910560f4f74b91ddf8901267f676f3a62528569db03,1e394114182565d8ce87684e4ff19e1ecafa9aacd77f23ccee342b8e3d9db70a,6c9cfe0b06839feba3da38c44199fdf539736232357b59602297cf8d7b8948dc,adab67e8cdd1d60634f3eeeeeb7652de5a2f1e6e41ab34a2484c425260960dbd,d2535e6b4860ed6e1a574236ae3caa85476d6ee9f35350dd9668ed2cd0525266,1069ea307a9680e1ff236314577a84d7d8004a1f5794ad274bfb5345afcd8d28,True,results/ms_scale_control/selected128_alpha_tuned_v2_public_raw/selected128_seed42_ssu24.json
layer_once_ttl_0ms,ttl,layer_once,,24,0.0,0.0,0.0,,,,,97.89645385518834,2.0,1.5,87.31014648506894,87.05475269692651,96.31453585120273,96.25483411357622,4913,22,38.0,54,e560474aecdb0c98a40f6cbfdeb1ceda2b48f7bfdb5e12f5473781283176a7aa,1e394114182565d8ce87684e4ff19e1ecafa9aacd77f23ccee342b8e3d9db70a,6c9cfe0b06839feba3da38c44199fdf539736232357b59602297cf8d7b8948dc,adab67e8cdd1d60634f3eeeeeb7652de5a2f1e6e41ab34a2484c425260960dbd,d2535e6b4860ed6e1a574236ae3caa85476d6ee9f35350dd9668ed2cd0525266,1069ea307a9680e1ff236314577a84d7d8004a1f5794ad274bfb5345afcd8d28,True,results/ms_scale_control/selected128_alpha_tuned_v2_public_raw/selected128_seed42_ssu24.json
layer_once_ttl_2ms,ttl,layer_once,,24,2.0,0.0,0.0,,,,,97.79652952543681,2.0,1.5,87.26448261746425,87.01404437207408,95.24740224518075,95.19641766741299,4913,22,38.0,55,a262bdc33da0494733d3455362a7036ece36ace24c1bb1d89d89276bfc526b08,1e394114182565d8ce87684e4ff19e1ecafa9aacd77f23ccee342b8e3d9db70a,6c9cfe0b06839feba3da38c44199fdf539736232357b59602297cf8d7b8948dc,adab67e8cdd1d60634f3eeeeeb7652de5a2f1e6e41ab34a2484c425260960dbd,d2535e6b4860ed6e1a574236ae3caa85476d6ee9f35350dd9668ed2cd0525266,1069ea307a9680e1ff236314577a84d7d8004a1f5794ad274bfb5345afcd8d28,True,results/ms_scale_control/selected128_alpha_tuned_v2_public_raw/selected128_seed42_ssu24.json
layer_once_ttl_5ms,ttl,layer_once,,24,5.0,0.0,0.0,,,,,97.75999431304784,2.0,1.5,86.57302059276063,86.30164868715651,94.20553853214707,94.07693873397109,4913,22,38.0,55,e60045a75a64fdbed1d47556a9099723fba2989fb66641bf81e966759b3e578b,1e394114182565d8ce87684e4ff19e1ecafa9aacd77f23ccee342b8e3d9db70a,6c9cfe0b06839feba3da38c44199fdf539736232357b59602297cf8d7b8948dc,adab67e8cdd1d60634f3eeeeeb7652de5a2f1e6e41ab34a2484c425260960dbd,d2535e6b4860ed6e1a574236ae3caa85476d6ee9f35350dd9668ed2cd0525266,1069ea307a9680e1ff236314577a84d7d8004a1f5794ad274bfb5345afcd8d28,True,results/ms_scale_control/selected128_alpha_tuned_v2_public_raw/selected128_seed42_ssu24.json
adaptive_a1p5_t0_i25ms,adaptive_alpha_a1p5,adaptive,1.5,24,0.0,0.0,25.0,0.75,0.6866666666666666,0.6666666666666666,0.05,97.96317674617654,2.0,1.5,88.24024592245352,88.02516744469251,94.20092040470365,94.11406535417089,4927,22,38.0,54,e2d84fbd1c066787436cbb8527d0951978823f3235a69b7d99f755e5da988466,1e394114182565d8ce87684e4ff19e1ecafa9aacd77f23ccee342b8e3d9db70a,6c9cfe0b06839feba3da38c44199fdf539736232357b59602297cf8d7b8948dc,adab67e8cdd1d60634f3eeeeeb7652de5a2f1e6e41ab34a2484c425260960dbd,d2535e6b4860ed6e1a574236ae3caa85476d6ee9f35350dd9668ed2cd0525266,1069ea307a9680e1ff236314577a84d7d8004a1f5794ad274bfb5345afcd8d28,True,results/ms_scale_control/selected128_alpha_tuned_v2_public_raw/selected128_seed42_ssu24.json
adaptive_a1p5_t0_i100ms,adaptive_alpha_a1p5,adaptive,1.5,24,0.0,0.0,100.0,0.75,0.6866666666666666,0.6666666666666666,0.05,97.85807989708631,2.0,1.5,86.2069389087817,85.89717537085959,92.98309934449222,92.88762446657184,4921,22,38.0,54,c5041411236466b13af5e8424bbfe7fa41e581d8de758495a8902b4501f4ad9f,1e394114182565d8ce87684e4ff19e1ecafa9aacd77f23ccee342b8e3d9db70a,6c9cfe0b06839feba3da38c44199fdf539736232357b59602297cf8d7b8948dc,adab67e8cdd1d60634f3eeeeeb7652de5a2f1e6e41ab34a2484c425260960dbd,d2535e6b4860ed6e1a574236ae3caa85476d6ee9f35350dd9668ed2cd0525266,1069ea307a9680e1ff236314577a84d7d8004a1f5794ad274bfb5345afcd8d28,True,results/ms_scale_control/selected128_alpha_tuned_v2_public_raw/selected128_seed42_ssu24.json
adaptive_a1p5_t0_i200ms,adaptive_alpha_a1p5,adaptive,1.5,24,0.0,0.0,200.0,0.75,0.6866666666666666,0.6666666666666666,0.05,97.83853376876476,2.0,1.5,85.34625140566571,85.05374163455689,92.26805956973587,92.13141350638816,4931,22,38.0,54,6de63cdc4fdafec30a677248cff50621bb56209c3d1a2808da8f1958848b613b,1e394114182565d8ce87684e4ff19e1ecafa9aacd77f23ccee342b8e3d9db70a,6c9cfe0b06839feba3da38c44199fdf539736232357b59602297cf8d7b8948dc,adab67e8cdd1d60634f3eeeeeb7652de5a2f1e6e41ab34a2484c425260960dbd,d2535e6b4860ed6e1a574236ae3caa85476d6ee9f35350dd9668ed2cd0525266,1069ea307a9680e1ff236314577a84d7d8004a1f5794ad274bfb5345afcd8d28,True,results/ms_scale_control/selected128_alpha_tuned_v2_public_raw/selected128_seed42_ssu24.json
adaptive_a2_t0_i25ms,adaptive_alpha_a2,adaptive,2.0,24,0.0,0.0,25.0,0.75,0.52,0.5,0.05,97.93672832260974,2.0,1.5,88.08666414110765,87.84933171324423,95.7487038633581,95.64601053057919,4938,22,38.0,54,f96aefd33063196c90dbaf8b03c9984eefaff6076e8440c05653be33bed7d9ce,1e394114182565d8ce87684e4ff19e1ecafa9aacd77f23ccee342b8e3d9db70a,6c9cfe0b06839feba3da38c44199fdf539736232357b59602297cf8d7b8948dc,adab67e8cdd1d60634f3eeeeeb7652de5a2f1e6e41ab34a2484c425260960dbd,d2535e6b4860ed6e1a574236ae3caa85476d6ee9f35350dd9668ed2cd0525266,1069ea307a9680e1ff236314577a84d7d8004a1f5794ad274bfb5345afcd8d28,True,results/ms_scale_control/selected128_alpha_tuned_v2_public_raw/selected128_seed42_ssu24.json
adaptive_a2_t0_i100ms,adaptive_alpha_a2,adaptive,2.0,24,0.0,0.0,100.0,0.75,0.52,0.5,0.05,97.75142934283498,2.0,1.5,85.3841780912536,85.0609756097561,93.39309383236609,93.2520325203252,4920,22,38.0,54,3775d92ff623d910ef67b990cbbab42e88ace68f5da5015169cde66a2f1fc82f,1e394114182565d8ce87684e4ff19e1ecafa9aacd77f23ccee342b8e3d9db70a,6c9cfe0b06839feba3da38c44199fdf539736232357b59602297cf8d7b8948dc,adab67e8cdd1d60634f3eeeeeb7652de5a2f1e6e41ab34a2484c425260960dbd,d2535e6b4860ed6e1a574236ae3caa85476d6ee9f35350dd9668ed2cd0525266,1069ea307a9680e1ff236314577a84d7d8004a1f5794ad274bfb5345afcd8d28,True,results/ms_scale_control/selected128_alpha_tuned_v2_public_raw/selected128_seed42_ssu24.json
adaptive_a2_t0_i200ms,adaptive_alpha_a2,adaptive,2.0,24,0.0,0.0,200.0,0.75,0.52,0.5,0.05,97.8935948492318,2.0,1.5,85.53986675368601,85.20470206728821,92.45994298420595,92.25780299959465,4934,22,38.0,55,cb5e46016e09b6c9485498e6a893bef78aa920035fb00db84d2e8ac85e7c46bf,1e394114182565d8ce87684e4ff19e1ecafa9aacd77f23ccee342b8e3d9db70a,6c9cfe0b06839feba3da38c44199fdf539736232357b59602297cf8d7b8948dc,adab67e8cdd1d60634f3eeeeeb7652de5a2f1e6e41ab34a2484c425260960dbd,d2535e6b4860ed6e1a574236ae3caa85476d6ee9f35350dd9668ed2cd0525266,1069ea307a9680e1ff236314577a84d7d8004a1f5794ad274bfb5345afcd8d28,True,results/ms_scale_control/selected128_alpha_tuned_v2_public_raw/selected128_seed42_ssu24.json
baseline,baseline,baseline,,40,0.0,0.0,0.0,,,,,98.95662478680633,2.0,1.5,88.36029046195762,88.09285571342805,96.6024288123856,96.49789873924355,4997,22,38.0,56,b6e355c1c86b087cd5f91984b566a43f781247a5a051b978031ca3833543ca8b,9c53bdc9a6a543c9447819f0ce4c6c514f0f8a642fc7723e4ba1d7ce6a7331cb,6c9cfe0b06839feba3da38c44199fdf539736232357b59602297cf8d7b8948dc,adab67e8cdd1d60634f3eeeeeb7652de5a2f1e6e41ab34a2484c425260960dbd,d2535e6b4860ed6e1a574236ae3caa85476d6ee9f35350dd9668ed2cd0525266,1069ea307a9680e1ff236314577a84d7d8004a1f5794ad274bfb5345afcd8d28,True,results/ms_scale_control/selected128_alpha_tuned_v2_public_raw/selected128_seed42_ssu40.json
layer_once_ttl_0ms,ttl,layer_once,,40,0.0,0.0,0.0,,,,,98.96954107523507,2.0,1.5,88.36804092431775,88.09857743939091,96.79533017122597,96.6940492887197,4991,22,38.0,56,254c879be5bf0dfb538a7b80b0f684a1e6cc2e0a52a3d195885d79e2100199d8,9c53bdc9a6a543c9447819f0ce4c6c514f0f8a642fc7723e4ba1d7ce6a7331cb,6c9cfe0b06839feba3da38c44199fdf539736232357b59602297cf8d7b8948dc,adab67e8cdd1d60634f3eeeeeb7652de5a2f1e6e41ab34a2484c425260960dbd,d2535e6b4860ed6e1a574236ae3caa85476d6ee9f35350dd9668ed2cd0525266,1069ea307a9680e1ff236314577a84d7d8004a1f5794ad274bfb5345afcd8d28,True,results/ms_scale_control/selected128_alpha_tuned_v2_public_raw/selected128_seed42_ssu40.json
layer_once_ttl_2ms,ttl,layer_once,,40,2.0,0.0,0.0,,,,,98.96953875896519,2.0,1.5,88.3635949077999,88.09857743939091,96.79248366323682,96.6940492887197,4991,22,38.0,56,3423a2ac955878f6561cc0cfa9bedec725962d10354fc24d71803239b0774a51,9c53bdc9a6a543c9447819f0ce4c6c514f0f8a642fc7723e4ba1d7ce6a7331cb,6c9cfe0b06839feba3da38c44199fdf539736232357b59602297cf8d7b8948dc,adab67e8cdd1d60634f3eeeeeb7652de5a2f1e6e41ab34a2484c425260960dbd,d2535e6b4860ed6e1a574236ae3caa85476d6ee9f35350dd9668ed2cd0525266,1069ea307a9680e1ff236314577a84d7d8004a1f5794ad274bfb5345afcd8d28,True,results/ms_scale_control/selected128_alpha_tuned_v2_public_raw/selected128_seed42_ssu40.json
layer_once_ttl_5ms,ttl,layer_once,,40,5.0,0.0,0.0,,,,,98.96884129726891,2.0,1.5,88.38989307440576,88.12099358974359,96.81683616598711,96.71474358974359,4992,22,38.0,56,40c3fcf88cee6fbcba20d33251562850b8556cdc79dc435c04abda69934e892c,9c53bdc9a6a543c9447819f0ce4c6c514f0f8a642fc7723e4ba1d7ce6a7331cb,6c9cfe0b06839feba3da38c44199fdf539736232357b59602297cf8d7b8948dc,adab67e8cdd1d60634f3eeeeeb7652de5a2f1e6e41ab34a2484c425260960dbd,d2535e6b4860ed6e1a574236ae3caa85476d6ee9f35350dd9668ed2cd0525266,1069ea307a9680e1ff236314577a84d7d8004a1f5794ad274bfb5345afcd8d28,True,results/ms_scale_control/selected128_alpha_tuned_v2_public_raw/selected128_seed42_ssu40.json
adaptive_a1p5_t0_i25ms,adaptive_alpha_a1p5,adaptive,1.5,40,0.0,0.0,25.0,0.75,0.6866666666666666,0.6666666666666666,0.05,98.9659743059242,2.0,1.5,88.34275203126609,88.08092948717949,96.79134417947131,96.69471153846155,4992,22,38.0,56,94461194643a696eda2ced4efc2cec164fc66aa4b7a27ac5e345c6d6c18eab5b,9c53bdc9a6a543c9447819f0ce4c6c514f0f8a642fc7723e4ba1d7ce6a7331cb,6c9cfe0b06839feba3da38c44199fdf539736232357b59602297cf8d7b8948dc,adab67e8cdd1d60634f3eeeeeb7652de5a2f1e6e41ab34a2484c425260960dbd,d2535e6b4860ed6e1a574236ae3caa85476d6ee9f35350dd9668ed2cd0525266,1069ea307a9680e1ff236314577a84d7d8004a1f5794ad274bfb5345afcd8d28,True,results/ms_scale_control/selected128_alpha_tuned_v2_public_raw/selected128_seed42_ssu40.json
adaptive_a1p5_t0_i100ms,adaptive_alpha_a1p5,adaptive,1.5,40,0.0,0.0,100.0,0.75,0.6866666666666666,0.6666666666666666,0.05,98.96559801784596,2.0,1.5,88.32479574373477,88.0585053095572,96.7766278206432,96.67401322380285,4991,22,38.0,56,911b81fb3eaac00ff17c533a5c3b18ba7204c88dd95b51305c17eb4fed7e63df,9c53bdc9a6a543c9447819f0ce4c6c514f0f8a642fc7723e4ba1d7ce6a7331cb,6c9cfe0b06839feba3da38c44199fdf539736232357b59602297cf8d7b8948dc,adab67e8cdd1d60634f3eeeeeb7652de5a2f1e6e41ab34a2484c425260960dbd,d2535e6b4860ed6e1a574236ae3caa85476d6ee9f35350dd9668ed2cd0525266,1069ea307a9680e1ff236314577a84d7d8004a1f5794ad274bfb5345afcd8d28,True,results/ms_scale_control/selected128_alpha_tuned_v2_public_raw/selected128_seed42_ssu40.json
adaptive_a1p5_t0_i200ms,adaptive_alpha_a1p5,adaptive,1.5,40,0.0,0.0,200.0,0.75,0.6866666666666666,0.6666666666666666,0.05,98.96733726870845,2.0,1.5,88.3514133653395,88.0857028434121,96.79879104199235,96.69603524229075,4994,22,38.0,56,ecd50f072472eb247b06ac5effe535b3e70e7791123b93ccd7a3d9b303dab127,9c53bdc9a6a543c9447819f0ce4c6c514f0f8a642fc7723e4ba1d7ce6a7331cb,6c9cfe0b06839feba3da38c44199fdf539736232357b59602297cf8d7b8948dc,adab67e8cdd1d60634f3eeeeeb7652de5a2f1e6e41ab34a2484c425260960dbd,d2535e6b4860ed6e1a574236ae3caa85476d6ee9f35350dd9668ed2cd0525266,1069ea307a9680e1ff236314577a84d7d8004a1f5794ad274bfb5345afcd8d28,True,results/ms_scale_control/selected128_alpha_tuned_v2_public_raw/selected128_seed42_ssu40.json
adaptive_a2_t0_i25ms,adaptive_alpha_a2,adaptive,2.0,40,0.0,0.0,25.0,0.75,0.52,0.5,0.05,98.96716777584037,2.0,1.5,88.3379881169997,88.07615230460922,96.79160262400104,96.69338677354709,4990,22,38.0,56,2897846888e4754541b945feeeb31ffef3b7cd7c971eec1eb4bf1b6330ce461b,9c53bdc9a6a543c9447819f0ce4c6c514f0f8a642fc7723e4ba1d7ce6a7331cb,6c9cfe0b06839feba3da38c44199fdf539736232357b59602297cf8d7b8948dc,adab67e8cdd1d60634f3eeeeeb7652de5a2f1e6e41ab34a2484c425260960dbd,d2535e6b4860ed6e1a574236ae3caa85476d6ee9f35350dd9668ed2cd0525266,1069ea307a9680e1ff236314577a84d7d8004a1f5794ad274bfb5345afcd8d28,True,results/ms_scale_control/selected128_alpha_tuned_v2_public_raw/selected128_seed42_ssu40.json
adaptive_a2_t0_i100ms,adaptive_alpha_a2,adaptive,2.0,40,0.0,0.0,100.0,0.75,0.52,0.5,0.05,98.9674992909549,2.0,1.5,88.33484092974429,88.06806806806807,96.77755788016701,96.67667667667668,4995,22,38.0,56,51c95966dfdefc406c0a441cfa804a11618cdab8277d2463eca7d71bd7babd72,9c53bdc9a6a543c9447819f0ce4c6c514f0f8a642fc7723e4ba1d7ce6a7331cb,6c9cfe0b06839feba3da38c44199fdf539736232357b59602297cf8d7b8948dc,adab67e8cdd1d60634f3eeeeeb7652de5a2f1e6e41ab34a2484c425260960dbd,d2535e6b4860ed6e1a574236ae3caa85476d6ee9f35350dd9668ed2cd0525266,1069ea307a9680e1ff236314577a84d7d8004a1f5794ad274bfb5345afcd8d28,True,results/ms_scale_control/selected128_alpha_tuned_v2_public_raw/selected128_seed42_ssu40.json
adaptive_a2_t0_i200ms,adaptive_alpha_a2,adaptive,2.0,40,0.0,0.0,200.0,0.75,0.52,0.5,0.05,98.96722586214496,2.0,1.5,88.3506313654766,88.0857028434121,96.79720293953108,96.69603524229075,4994,22,38.0,56,0135f0207a9ea8dc072aa0208cf8d1a45187d83d03eae9f6b296bce4b39f712e,9c53bdc9a6a543c9447819f0ce4c6c514f0f8a642fc7723e4ba1d7ce6a7331cb,6c9cfe0b06839feba3da38c44199fdf539736232357b59602297cf8d7b8948dc,adab67e8cdd1d60634f3eeeeeb7652de5a2f1e6e41ab34a2484c425260960dbd,d2535e6b4860ed6e1a574236ae3caa85476d6ee9f35350dd9668ed2cd0525266,1069ea307a9680e1ff236314577a84d7d8004a1f5794ad274bfb5345afcd8d28,True,results/ms_scale_control/selected128_alpha_tuned_v2_public_raw/selected128_seed42_ssu40.json
baseline,baseline,baseline,,72,0.0,0.0,0.0,,,,,98.9670754551072,2.0,1.5,88.33510218083853,88.07045636509207,96.77891914649148,96.6773418734988,4996,22,38.0,56,c20c81419d96943dd39f50d395d18b78b53cea2f72a2ea423d2f54073fd4927f,9163195346a4c92c59331e99e4c2d1817b789b7cecddeab2ecd3128434b1bb84,6c9cfe0b06839feba3da38c44199fdf539736232357b59602297cf8d7b8948dc,adab67e8cdd1d60634f3eeeeeb7652de5a2f1e6e41ab34a2484c425260960dbd,d2535e6b4860ed6e1a574236ae3caa85476d6ee9f35350dd9668ed2cd0525266,1069ea307a9680e1ff236314577a84d7d8004a1f5794ad274bfb5345afcd8d28,True,results/ms_scale_control/selected128_alpha_tuned_v2_public_raw/selected128_seed42_ssu72.json
layer_once_ttl_0ms,ttl,layer_once,,72,0.0,0.0,0.0,,,,,98.9678471470289,2.0,1.5,88.33355872726277,88.06806806806807,96.77896301234993,96.67667667667668,4995,22,38.0,56,e4fee9ae4db62a953debd5446ba5a691c1f3ee8adba9de1320c3f8557d97ce26,9163195346a4c92c59331e99e4c2d1817b789b7cecddeab2ecd3128434b1bb84,6c9cfe0b06839feba3da38c44199fdf539736232357b59602297cf8d7b8948dc,adab67e8cdd1d60634f3eeeeeb7652de5a2f1e6e41ab34a2484c425260960dbd,d2535e6b4860ed6e1a574236ae3caa85476d6ee9f35350dd9668ed2cd0525266,1069ea307a9680e1ff236314577a84d7d8004a1f5794ad274bfb5345afcd8d28,True,results/ms_scale_control/selected128_alpha_tuned_v2_public_raw/selected128_seed42_ssu72.json
layer_once_ttl_2ms,ttl,layer_once,,72,2.0,0.0,0.0,,,,,98.96716211813317,2.0,1.5,88.33425409493151,88.06806806806807,96.77870533352083,96.67667667667668,4995,22,38.0,56,940a71b441da4e0d709cc75d4b919ece5007985cc134b319a09cd811479992e1,9163195346a4c92c59331e99e4c2d1817b789b7cecddeab2ecd3128434b1bb84,6c9cfe0b06839feba3da38c44199fdf539736232357b59602297cf8d7b8948dc,adab67e8cdd1d60634f3eeeeeb7652de5a2f1e6e41ab34a2484c425260960dbd,d2535e6b4860ed6e1a574236ae3caa85476d6ee9f35350dd9668ed2cd0525266,1069ea307a9680e1ff236314577a84d7d8004a1f5794ad274bfb5345afcd8d28,True,results/ms_scale_control/selected128_alpha_tuned_v2_public_raw/selected128_seed42_ssu72.json
layer_once_ttl_5ms,ttl,layer_once,,72,5.0,0.0,0.0,,,,,98.96734601213898,2.0,1.5,88.3319263678304,88.0656788145775,96.7775580837737,96.67601121345615,4994,22,38.0,56,0ddacfc4d38d636196748533aded1c95bb81181e44571d5c26a3b372799f4991,9163195346a4c92c59331e99e4c2d1817b789b7cecddeab2ecd3128434b1bb84,6c9cfe0b06839feba3da38c44199fdf539736232357b59602297cf8d7b8948dc,adab67e8cdd1d60634f3eeeeeb7652de5a2f1e6e41ab34a2484c425260960dbd,d2535e6b4860ed6e1a574236ae3caa85476d6ee9f35350dd9668ed2cd0525266,1069ea307a9680e1ff236314577a84d7d8004a1f5794ad274bfb5345afcd8d28,True,results/ms_scale_control/selected128_alpha_tuned_v2_public_raw/selected128_seed42_ssu72.json
adaptive_a1p5_t0_i25ms,adaptive_alpha_a1p5,adaptive,1.5,72,0.0,0.0,25.0,0.75,0.6866666666666666,0.6666666666666666,0.05,98.96701994356417,2.0,1.5,88.33718949536824,88.07045636509207,96.7794182028213,96.6773418734988,4996,22,38.0,56,d0100d3d13d7a16d9887b5a94d879033902e1d96546f3fd2700d8ff44533b5fc,9163195346a4c92c59331e99e4c2d1817b789b7cecddeab2ecd3128434b1bb84,6c9cfe0b06839feba3da38c44199fdf539736232357b59602297cf8d7b8948dc,adab67e8cdd1d60634f3eeeeeb7652de5a2f1e6e41ab34a2484c425260960dbd,d2535e6b4860ed6e1a574236ae3caa85476d6ee9f35350dd9668ed2cd0525266,1069ea307a9680e1ff236314577a84d7d8004a1f5794ad274bfb5345afcd8d28,True,results/ms_scale_control/selected128_alpha_tuned_v2_public_raw/selected128_seed42_ssu72.json
adaptive_a1p5_t0_i100ms,adaptive_alpha_a1p5,adaptive,1.5,72,0.0,0.0,100.0,0.75,0.6866666666666666,0.6666666666666666,0.05,98.96696679104355,2.0,1.5,88.31796826520952,88.0528316990194,96.78003824250385,96.67800680408246,4997,22,38.0,56,782f19342765c209a2a8fa297a027de7dde866abc885e617982d4613d3c597d3,9163195346a4c92c59331e99e4c2d1817b789b7cecddeab2ecd3128434b1bb84,6c9cfe0b06839feba3da38c44199fdf539736232357b59602297cf8d7b8948dc,adab67e8cdd1d60634f3eeeeeb7652de5a2f1e6e41ab34a2484c425260960dbd,d2535e6b4860ed6e1a574236ae3caa85476d6ee9f35350dd9668ed2cd0525266,1069ea307a9680e1ff236314577a84d7d8004a1f5794ad274bfb5345afcd8d28,True,results/ms_scale_control/selected128_alpha_tuned_v2_public_raw/selected128_seed42_ssu72.json
adaptive_a1p5_t0_i200ms,adaptive_alpha_a1p5,adaptive,1.5,72,0.0,0.0,200.0,0.75,0.6866666666666666,0.6666666666666666,0.05,98.96693930413566,2.0,1.5,88.31796826520952,88.0528316990194,96.78003824250385,96.67800680408246,4997,22,38.0,56,782f19342765c209a2a8fa297a027de7dde866abc885e617982d4613d3c597d3,9163195346a4c92c59331e99e4c2d1817b789b7cecddeab2ecd3128434b1bb84,6c9cfe0b06839feba3da38c44199fdf539736232357b59602297cf8d7b8948dc,adab67e8cdd1d60634f3eeeeeb7652de5a2f1e6e41ab34a2484c425260960dbd,d2535e6b4860ed6e1a574236ae3caa85476d6ee9f35350dd9668ed2cd0525266,1069ea307a9680e1ff236314577a84d7d8004a1f5794ad274bfb5345afcd8d28,True,results/ms_scale_control/selected128_alpha_tuned_v2_public_raw/selected128_seed42_ssu72.json
adaptive_a2_t0_i25ms,adaptive_alpha_a2,adaptive,2.0,72,0.0,0.0,25.0,0.75,0.52,0.5,0.05,98.96702583308056,2.0,1.5,88.33718949536824,88.07045636509207,96.7794182028213,96.6773418734988,4996,22,38.0,56,d0100d3d13d7a16d9887b5a94d879033902e1d96546f3fd2700d8ff44533b5fc,9163195346a4c92c59331e99e4c2d1817b789b7cecddeab2ecd3128434b1bb84,6c9cfe0b06839feba3da38c44199fdf539736232357b59602297cf8d7b8948dc,adab67e8cdd1d60634f3eeeeeb7652de5a2f1e6e41ab34a2484c425260960dbd,d2535e6b4860ed6e1a574236ae3caa85476d6ee9f35350dd9668ed2cd0525266,1069ea307a9680e1ff236314577a84d7d8004a1f5794ad274bfb5345afcd8d28,True,results/ms_scale_control/selected128_alpha_tuned_v2_public_raw/selected128_seed42_ssu72.json
adaptive_a2_t0_i100ms,adaptive_alpha_a2,adaptive,2.0,72,0.0,0.0,100.0,0.75,0.52,0.5,0.05,98.96696679592637,2.0,1.5,88.31796826520952,88.0528316990194,96.78003824250385,96.67800680408246,4997,22,38.0,56,782f19342765c209a2a8fa297a027de7dde866abc885e617982d4613d3c597d3,9163195346a4c92c59331e99e4c2d1817b789b7cecddeab2ecd3128434b1bb84,6c9cfe0b06839feba3da38c44199fdf539736232357b59602297cf8d7b8948dc,adab67e8cdd1d60634f3eeeeeb7652de5a2f1e6e41ab34a2484c425260960dbd,d2535e6b4860ed6e1a574236ae3caa85476d6ee9f35350dd9668ed2cd0525266,1069ea307a9680e1ff236314577a84d7d8004a1f5794ad274bfb5345afcd8d28,True,results/ms_scale_control/selected128_alpha_tuned_v2_public_raw/selected128_seed42_ssu72.json
adaptive_a2_t0_i200ms,adaptive_alpha_a2,adaptive,2.0,72,0.0,0.0,200.0,0.75,0.52,0.5,0.05,98.96693023692191,2.0,1.5,88.31796826520952,88.0528316990194,96.78003824250385,96.67800680408246,4997,22,38.0,56,782f19342765c209a2a8fa297a027de7dde866abc885e617982d4613d3c597d3,9163195346a4c92c59331e99e4c2d1817b789b7cecddeab2ecd3128434b1bb84,6c9cfe0b06839feba3da38c44199fdf539736232357b59602297cf8d7b8948dc,adab67e8cdd1d60634f3eeeeeb7652de5a2f1e6e41ab34a2484c425260960dbd,d2535e6b4860ed6e1a574236ae3caa85476d6ee9f35350dd9668ed2cd0525266,1069ea307a9680e1ff236314577a84d7d8004a1f5794ad274bfb5345afcd8d28,True,results/ms_scale_control/selected128_alpha_tuned_v2_public_raw/selected128_seed42_ssu72.json
