case,family,kind,num_ssu,pressure_ttl_ms,cir_write_threshold_gbps,min_interval_ms,family_anchor_case,mean_npu_utilization_pct,primary_slo_alpha,sensitivity_slo_alpha,equal_npu_slo_pct,request_weighted_slo_pct,alpha_1p5_equal_npu_slo_pct,alpha_1p5_request_weighted_slo_pct,alpha_1p5_equal_npu_change_vs_alpha_2_pp,alpha_1p5_request_weighted_change_vs_alpha_2_pp,slo_delta_vs_family_anchor_pp,alpha_1p5_equal_npu_delta_vs_family_anchor_pp,alpha_1p5_request_weighted_delta_vs_family_anchor_pp,util_delta_vs_family_anchor_pp,control_rate_reduction_vs_family_anchor_pct,static_baseline_equal_npu_slo_pct,static_baseline_alpha_1p5_equal_npu_slo_pct,static_baseline_alpha_1p5_request_weighted_slo_pct,static_baseline_mean_npu_utilization_pct,slo_delta_vs_static_baseline_pp,alpha_1p5_equal_npu_delta_vs_static_baseline_pp,alpha_1p5_request_weighted_delta_vs_static_baseline_pp,util_delta_vs_static_baseline_pp,measurement_request_count,measurement_requests_per_npu_min,measurement_requests_per_npu_median,measurement_requests_per_npu_max,single_outcome_weight_at_min_sample_pp,measurement_cohort_fingerprint,realized_cohort_fleet_raw_demand_gbps,realized_cohort_per_npu_demand_min_gbps,realized_cohort_per_npu_demand_max_gbps,realized_cohort_per_npu_demand_mean_gbps,realized_cohort_per_npu_demand_cv,realized_cohort_per_npu_ms_per_gb_min,realized_cohort_per_npu_ms_per_gb_max,common_with_anchor_request_count,common_with_anchor_npu_count,common_coverage_current_pct,common_coverage_anchor_pct,common_request_slo_pct,anchor_common_request_slo_pct,common_request_slo_delta_pp,common_equal_npu_slo_pct,anchor_common_equal_npu_slo_pct,common_equal_npu_slo_delta_pp,true_pressure_read_rate_hz_per_ssu,true_pressure_read_rate_hz_max_ssu,true_pressure_read_interval_ms_busiest_ssu,pressure_cache_hit_fraction_pct,cir_entry_write_rate_hz_per_ssu,cir_entry_write_rate_hz_max_ssu,cir_write_transaction_rate_hz_per_ssu,cir_write_transaction_rate_hz_max_ssu,cir_entries_per_transaction,control_evaluation_rate_hz,warmup_reached_ms,measurement_start_ms,tail_drain_ms,fleet_queue_start_blocks,fleet_queue_end_blocks,fleet_queue_drift_blocks,queue_start_by_ssu_json,queue_end_by_ssu_json,queue_drift_by_ssu_json,max_abs_queue_drift_blocks,block_utilization_range_pp,block_first_last_utilization_delta_pp,prefix_margin_at_fastest_npu,fleet_raw_demand_gbps,raw_capacity_knee_ssu,global_raw_load_fraction,max_ssu_raw_demand_gbps,ssu_over_40_count,max_actual_ssu_cir_gbps,backing_prefix_requests_per_npu,backing_fleet_raw_demand_gbps,backing_raw_capacity_knee_ssu,max_actual_npu_cir_gbps,all_invariants_passed,wall_time_s,category_SS_count,category_SS_passed,category_SS_slo_pct,category_SL_count,category_SL_passed,category_SL_slo_pct,category_LS_count,category_LS_passed,category_LS_slo_pct,category_LL_count,category_LL_passed,category_LL_slo_pct,raw_demand_bins_le_10_count,raw_demand_bins_le_10_passed,raw_demand_bins_le_10_slo_pct,raw_demand_bins_gt_10_le_20_count,raw_demand_bins_gt_10_le_20_passed,raw_demand_bins_gt_10_le_20_slo_pct,raw_demand_bins_gt_20_le_40_count,raw_demand_bins_gt_20_le_40_passed,raw_demand_bins_gt_20_le_40_slo_pct,raw_demand_bins_gt_40_le_50_count,raw_demand_bins_gt_40_le_50_passed,raw_demand_bins_gt_40_le_50_slo_pct,raw_demand_bins_gt_50_le_80_count,raw_demand_bins_gt_50_le_80_passed,raw_demand_bins_gt_50_le_80_slo_pct,raw_demand_bins_gt_80_count,raw_demand_bins_gt_80_passed,raw_demand_bins_gt_80_slo_pct
baseline,baseline,baseline,6,0.0,0.0,0.0,baseline,97.11210077113167,2.0,1.5,87.73418504963905,86.86868686868688,83.42779702515725,81.98653198653199,-4.306388024481805,-4.882154882154893,0.0,0.0,0.0,0.0,0.0,87.73418504963905,83.42779702515725,81.98653198653199,97.11210077113167,0.0,0.0,0.0,0.0,594,8,17.0,30,0.390625,60e27ca6bb3d042e1f95b8b52225fe5a3d891d71aaea2a9cc0c3acca3652d7dd,202.45234223917558,2.723650916257914,11.912171215325603,6.326635694974237,0.3354594748255874,83.9477524226188,367.15424654122813,594,32,100.0,100.0,86.86868686868688,86.86868686868688,0.0,87.73418504963905,87.73418504963905,0.0,0.0,0.0,,0.0,0.0,0.0,0.0,0.0,0.0,0.0,8985.418338878699,9485.418338878699,1758.9126213345044,1530,430,-1100,"[396,209,243,223,266,193]","[91,64,68,72,71,64]","[-305,-145,-175,-151,-195,-129]",305,9.491766986713046,-1.035014244059107,65,209.7682928244016,5.24420732061004,0.8740345534350067,38.33101506501016,0,40.00000000000002,128,199.55308290660187,4.988827072665047,,True,464.67159365699627,81,55,67.90123456790124,106,106,100.0,169,117,69.23076923076923,238,238,100.0,264,264,100.0,80,80,100.0,106,102,96.22641509433963,11,8,72.72727272727273,71,59,83.09859154929578,62,3,4.838709677419355
layer_once_ttl_0ms,ttl,layer_once,6,0.0,0.0,0.0,layer_once_ttl_0ms,96.91402539529199,2.0,1.5,92.79869746407525,92.29480737018424,86.32513790018861,85.09212730318258,-6.473559563886639,-7.2026800670016655,0.0,0.0,0.0,0.0,0.0,87.73418504963905,83.42779702515725,81.98653198653199,97.11210077113167,5.064512414436194,2.897340875031361,3.105595316650593,-0.1980753758396787,597,8,17.0,30,0.390625,8e9d15de6f77600dced5e5e295ed6b9676c3bfdcabab063fc2ab2bfe50f364d4,203.29224012105493,2.9990899497087495,11.842477435529807,6.352882503782967,0.32508550919602747,84.44179061720645,333.43448071542934,597,32,100.0,100.0,92.29480737018424,92.29480737018424,0.0,92.79869746407525,92.79869746407525,0.0,1191.5,1191.5,0.839278220730172,0.0,0.0,0.0,0.0,0.0,0.0,0.0,9063.671208145599,9563.671208145599,1788.700687281449,122,2053,1931,"[24,12,25,14,29,18]","[310,128,145,144,1214,112]","[286,116,120,130,1185,94]",1185,6.4449687991026465,-3.4569390695831204,65,209.7682928244016,5.24420732061004,0.8740345534350067,38.33101506501016,0,40.0,128,199.55308290660196,4.988827072665049,,True,1859.4345442680642,82,82,100.0,106,106,100.0,171,126,73.68421052631578,238,237,99.57983193277312,265,265,100.0,79,78,98.73417721518987,106,106,100.0,12,12,100.0,73,68,93.15068493150685,62,22,35.483870967741936
layer_once_ttl_0p25ms,ttl,layer_once,6,0.25,0.0,0.0,layer_once_ttl_0ms,96.72385458516932,2.0,1.5,93.07022988547223,92.48747913188647,86.51937281333366,85.30884808013356,-6.5508570721385695,-7.178631051752916,0.27153242139698364,0.1942349131450527,0.2167207769509787,-0.190170810122666,21.76877885018884,87.73418504963905,83.42779702515725,81.98653198653199,97.11210077113167,5.336044835833178,3.0915757881764137,3.3223160936015717,-0.3882461859623447,599,8,17.5,30,0.390625,a2d6ba6740dbca15f3116f91dcf6466a3d457f463b583178e98cf8f5d9922412,202.4315745617445,2.9990899497087495,11.842477435529807,6.325986705054516,0.326197376243379,84.44179061720645,333.43448071542934,596,32,99.49916527545909,99.83249581239531,92.4496644295302,92.28187919463086,0.1677852348993314,93.02111352840308,92.79348913074192,0.2276243976611525,932.125,932.125,1.0728174869250369,21.439106616097767,0.0,0.0,0.0,0.0,0.0,0.0,9057.829584328856,9557.829584328856,1975.6046786056868,506,3809,3303,"[90,79,88,84,103,62]","[1552,10,22,25,2200,0]","[1462,-69,-66,-59,2097,-62]",2097,7.575137393521459,-5.617492508427291,63,209.7682928244016,5.24420732061004,0.8740345534350067,38.33101506501016,0,40.00000000000002,128,199.55308290660187,4.988827072665047,,True,1415.0456367230508,82,82,100.0,106,106,100.0,171,127,74.26900584795322,240,239,99.58333333333333,266,266,100.0,80,79,98.75,107,107,100.0,12,12,100.0,73,71,97.26027397260275,61,19,31.147540983606557
layer_once_ttl_1ms,ttl,layer_once,6,1.0,0.0,0.0,layer_once_ttl_0ms,96.8918149128185,2.0,1.5,92.78650718315482,92.15358931552588,86.15497087568005,85.14190317195326,-6.631536307474775,-7.011686143572618,-0.012190280920421515,-0.17016702450855803,0.04977586877068063,-0.022210482473482784,52.9374737725556,87.73418504963905,83.42779702515725,81.98653198653199,97.11210077113167,5.052322133515773,2.727173850522803,3.1553711854212736,-0.2202858583131615,599,8,17.0,30,0.390625,30ac9e58d4a26533034f1063c825745cc2acfc0c8e8fd96460bdf7367df415e5,203.55307642588386,2.9990899497087495,11.74941209605982,6.3610336383088715,0.3120331551723352,85.11064143671932,333.43448071542934,594,32,99.1652754590985,99.49748743718592,92.08754208754209,92.42424242424242,-0.33670033670033517,92.74104597404231,92.90124775143157,-0.16020177738926833,560.75,560.75,1.7833259028087383,52.92759706190976,0.0,0.0,0.0,0.0,0.0,0.0,9039.360492283638,9539.360492283638,1831.8892181464544,630,2377,1747,"[117,108,91,98,125,91]","[1095,0,0,0,1282,0]","[978,-108,-91,-98,1157,-91]",1157,6.953231284803896,-5.161042114945847,65,209.7682928244016,5.24420732061004,0.8740345534350067,38.33101506501016,0,40.00000000000002,128,199.55308290660187,4.988827072665047,,True,1406.2916933759116,82,82,100.0,106,106,100.0,171,129,75.43859649122807,240,235,97.91666666666666,265,265,100.0,81,76,93.82716049382715,108,108,100.0,12,12,100.0,73,72,98.63013698630137,60,19,31.666666666666664
layer_once_ttl_2ms,ttl,layer_once,6,2.0,0.0,0.0,layer_once_ttl_0ms,96.91153378809543,2.0,1.5,93.43676512558041,92.79731993299832,86.75043288033439,85.42713567839196,-6.686332245246021,-7.370184254606357,0.6380676615051613,0.4252949801457788,0.33500837520938376,-0.002491607196560608,69.92236676458245,87.73418504963905,83.42779702515725,81.98653198653199,97.11210077113167,5.702580075941356,3.3226358551771398,3.4406036918599767,-0.20056698303623932,597,8,17.0,30,0.390625,0f5a9b4a5381a4abca66cd8e7a916b744cac1430d526c9b8873a0a6a17d12aa4,201.3103366524517,2.9990899497087495,11.842477435529807,6.290948020389116,0.3255232904020949,84.44179061720645,333.43448071542934,594,32,99.49748743718592,99.49748743718592,92.76094276094277,92.42424242424242,0.33670033670034627,93.3538038160566,92.92369746407525,0.43010635198135194,358.375,358.375,2.790373212417161,69.80198019801979,0.0,0.0,0.0,0.0,0.0,0.0,9017.70168398345,9517.70168398345,1854.2891988907431,257,5536,5279,"[43,43,43,43,43,42]","[1946,328,512,376,2108,266]","[1903,285,469,333,2065,224]",2065,8.204290194908426,-5.068597710931655,66,209.7682928244016,5.24420732061004,0.8740345534350067,38.33101506501016,0,40.00000000000002,128,199.55308290660187,4.988827072665047,,True,1430.5730108569842,82,82,100.0,107,107,100.0,170,127,74.70588235294117,238,238,100.0,266,266,100.0,79,79,100.0,107,107,100.0,12,12,100.0,72,70,97.22222222222221,61,20,32.78688524590164
layer_once_ttl_5ms,ttl,layer_once,6,5.0,0.0,0.0,layer_once_ttl_0ms,96.74926946778646,2.0,1.5,92.13473584185385,91.47157190635451,86.55371005579332,85.61872909698997,-5.581025786060536,-5.852842809364546,-0.6639616222213931,0.22857215560470934,0.5266017938073873,-0.16475592750552437,85.15526647083507,87.73418504963905,83.42779702515725,81.98653198653199,97.11210077113167,4.400550792214801,3.1259130306360703,3.63219711045798,-0.3628313033452031,598,8,17.5,30,0.390625,0264131b93fb759d7e56f85162c8c965cb59ef9c2bc76813763e4060c5383a6b,202.1772930271192,2.9990899497087495,11.749412096059821,6.318040407097475,0.31874864096914396,85.1106414367193,333.43448071542934,591,32,98.82943143812709,98.99497487437186,91.37055837563452,92.55499153976311,-1.1844331641285955,92.03369790093377,93.00377177539522,-0.9700738744614523,176.875,176.875,5.6537102473498235,85.09585001053297,0.0,0.0,0.0,0.0,0.0,0.0,9013.57223881561,9513.57223881561,1980.674227887579,2164,1825,-339,"[403,337,345,362,399,318]","[275,229,249,220,647,205]","[-128,-108,-96,-142,248,-113]",248,7.1184080826108165,-5.114992739885704,63,209.7682928244016,5.24420732061004,0.8740345534350067,38.33101506501016,0,40.0,128,199.55308290660196,4.988827072665049,,True,2109.331980152987,84,82,97.61904761904762,106,106,100.0,169,122,72.18934911242604,239,237,99.16317991631799,265,265,100.0,80,78,97.5,107,107,100.0,13,13,100.0,72,68,94.44444444444444,61,16,26.229508196721312
adaptive_t0_i25ms,threshold_interval,adaptive,6,0.0,0.0,25.0,adaptive_t0_i25ms,97.15814659078426,2.0,1.5,94.99040588700515,94.7107438016529,88.04885356677636,86.94214876033057,-6.941552320228794,-7.768595041322328,0.0,0.0,0.0,0.0,0.0,87.73418504963905,83.42779702515725,81.98653198653199,97.11210077113167,7.256220837366101,4.621056541619112,4.955616773798582,0.04604581965259058,605,8,18.0,33,0.390625,a47e5cad2c430539e104bb48f73a81a4b024a6c38300ef94a869b6eceb55ed5b,199.47934991658525,2.9990899497087495,11.74941209605982,6.233729684893291,0.31981803307443807,85.11064143671932,333.43448071542934,605,32,100.0,100.0,94.7107438016529,94.7107438016529,0.0,94.99040588700515,94.99040588700515,0.0,0.0,0.0,,0.0,500.4166666666667,528.75,37.5,37.5,13.344444444444445,39.375,9321.547865069257,9821.547865069257,1900.5415760004616,1789,1883,94,"[964,155,156,133,229,152]","[400,251,317,303,416,196]","[-564,96,161,170,187,44]",564,7.7818519515069795,2.00664596963529,62,209.7682928244016,5.24420732061004,0.8740345534350067,38.33101506501016,0,40.00000000000002,128,199.55308290660187,4.988827072665047,50.000000000000014,True,490.2452811289113,84,80,95.23809523809523,107,107,100.0,173,145,83.8150289017341,241,241,100.0,267,267,100.0,81,81,100.0,110,110,100.0,12,12,100.0,74,71,95.94594594594594,61,32,52.459016393442624
adaptive_t0p005_i25ms,threshold,adaptive,6,0.0,0.005,25.0,adaptive_t0_i25ms,97.08819015421686,2.0,1.5,95.92709611832096,95.54455445544554,88.38488244104536,87.29372937293729,-7.542213677275598,-8.250825082508243,0.9366902313158079,0.3360288742690045,0.3515806126067247,-0.06995643656739503,0.6619483763530387,87.73418504963905,83.42779702515725,81.98653198653199,97.11210077113167,8.192911068681909,4.957085415888116,5.307197386405306,-0.02391061691480445,606,8,18.5,33,0.390625,9869f8d4b42d9f89fec49a7659661ec0953d3401a6296e99afc223b154a4a31e,199.38089435349843,2.9990899497087495,11.74941209605982,6.230652948546828,0.3202870663163033,85.11064143671932,333.43448071542934,605,32,99.83498349834983,100.0,95.53719008264463,94.7107438016529,0.8264462809917328,95.9088212645198,94.99040588700515,0.9184153775146475,0.0,0.0,,0.0,497.1041666666667,531.0,38.25,38.25,12.996187363834423,39.5,9315.91806022308,9815.91806022308,1919.0393928406775,346,0,-346,"[193,11,43,0,92,7]","[0,0,0,0,0,0]","[-193,-11,-43,0,-92,-7]",193,7.843307772784547,1.8453405491856145,62,209.7682928244016,5.24420732061004,0.8740345534350067,38.33101506501016,0,40.00000000000002,128,199.55308290660187,4.988827072665047,50.000000000000014,True,492.2776752600912,84,83,98.80952380952381,107,107,100.0,173,147,84.97109826589595,242,242,100.0,268,268,100.0,81,81,100.0,110,110,100.0,12,12,100.0,74,73,98.64864864864865,61,35,57.377049180327866
adaptive_t0p01_i25ms,threshold,adaptive,6,0.0,0.01,25.0,adaptive_t0_i25ms,96.85354690174914,2.0,1.5,95.16113052066379,94.69320066334991,87.56296149514344,86.7330016583748,-7.598169025520349,-7.9601990049751095,0.17072463365863655,-0.48589207163291803,-0.20914710195576447,-0.3045996890351148,12.489592006661109,87.73418504963905,83.42779702515725,81.98653198653199,97.11210077113167,7.426945471024737,4.135164469986194,4.746469671842817,-0.2585538693825242,603,7,18.5,32,0.44642857142857145,51b2bd459ce10d799fd07ae5500fc456105e00a43e4c3c3405d84fc943838594,201.14398261081544,2.9923386095330424,12.456269877935103,6.285749456587983,0.33897262201669937,80.28085532823826,334.1867784662415,600,32,99.50248756218906,99.17355371900827,94.66666666666667,94.66666666666667,0.0,95.13667977753457,94.98744660670212,0.14923317083244125,0.0,0.0,,0.0,437.9166666666667,496.25,37.875,37.875,11.562156215621561,39.625,9290.410157703473,9790.410157703473,1952.8460963778052,416,120,-296,"[73,61,74,63,78,67]","[116,0,0,0,4,0]","[43,-61,-74,-63,-74,-67]",74,8.895495760904504,1.3757028721839815,62,209.7682928244016,5.24420732061004,0.8740345534350067,38.33101506501016,0,40.00000000000003,128,199.55308290660187,4.988827072665047,50.000000000000014,True,484.44558608694933,83,82,98.79518072289156,105,105,100.0,174,143,82.18390804597702,241,241,100.0,266,266,100.0,80,80,100.0,111,111,100.0,12,12,100.0,73,72,98.63013698630137,61,30,49.18032786885246
adaptive_t0p02_i25ms,threshold,adaptive,6,0.0,0.02,25.0,adaptive_t0_i25ms,97.1100298267369,2.0,1.5,95.54639572603591,95.22240527182866,87.06444110106384,85.83196046128501,-8.481954624972076,-9.390444810543656,0.555989839030758,-0.9844124657125235,-1.1101882990455607,-0.0481167640473501,22.47710241465446,87.73418504963905,83.42779702515725,81.98653198653199,97.11210077113167,7.812210676396859,3.636644075906588,3.845428474753021,-0.002070944394759522,607,8,18.5,33,0.390625,670de5a70353b629b99849b10e199ae3b9c45e574e15ded1ddeb15b81cf63ccb,199.49406327201098,2.9990899497087495,11.74941209605982,6.234189477250345,0.3181039434425631,85.11064143671932,333.43448071542934,604,32,99.50576606260296,99.83471074380165,95.19867549668875,94.70198675496688,0.4966887417218624,95.53108240980725,94.9739585185841,0.5571238912231546,0.0,0.0,,0.0,387.9375,443.625,37.4375,37.5,10.362270450751252,39.5,9274.576610667084,9774.576610667084,1887.8920516426006,5669,38,-5631,"[1697,642,818,845,1104,563]","[38,0,0,0,0,0]","[-1659,-642,-818,-845,-1104,-563]",1659,7.439876232211063,1.8083645424925465,62,209.7682928244016,5.24420732061004,0.8740345534350067,38.33101506501016,0,40.00000000000002,128,199.55308290660187,4.988827072665047,50.000000000000014,True,478.8184699951671,84,82,97.61904761904762,107,107,100.0,173,146,84.39306358381504,243,243,100.0,269,269,100.0,81,81,100.0,110,110,100.0,12,12,100.0,74,72,97.2972972972973,61,34,55.73770491803278
adaptive_t0p05_i25ms,threshold,adaptive,6,0.0,0.05,25.0,adaptive_t0_i25ms,97.09605597784883,2.0,1.5,95.92115428055347,95.54455445544554,88.13209050259167,86.79867986798679,-7.7890637779618,-8.745874587458744,0.9307483935483134,0.08323693581530733,-0.14346889234377613,-0.06209061293542106,31.028309741881777,87.73418504963905,83.42779702515725,81.98653198653199,97.11210077113167,8.186969230914414,4.704293477434419,4.8121478814548055,-0.016044793282830483,606,8,18.5,33,0.390625,9869f8d4b42d9f89fec49a7659661ec0953d3401a6296e99afc223b154a4a31e,199.38089435349843,2.9990899497087495,11.74941209605982,6.230652948546828,0.3202870663163033,85.11064143671932,333.43448071542934,605,32,99.83498349834983,100.0,95.53719008264463,94.7107438016529,0.8264462809917328,95.91201685365289,94.99040588700515,0.9216109666477346,0.0,0.0,,0.0,345.1458333333333,400.75,37.3125,37.375,9.250139586823003,39.25,9320.285365636253,9820.285365636253,1900.3141294468041,3067,0,-3067,"[697,454,499,429,579,409]","[0,0,0,0,0,0]","[-697,-454,-499,-429,-579,-409]",697,6.32581945054167,4.051695223420193,62,209.7682928244016,5.24420732061004,0.8740345534350067,38.33101506501016,0,40.00000000000002,128,199.55308290660187,4.988827072665047,50.000000000000014,True,477.49008694896474,84,82,97.61904761904762,107,107,100.0,173,148,85.54913294797689,242,242,100.0,268,268,100.0,81,81,100.0,110,110,100.0,12,12,100.0,74,72,97.2972972972973,61,36,59.01639344262295
adaptive_t0_i50ms,interval,adaptive,6,0.0,0.0,50.0,adaptive_t0_i25ms,96.70435167000265,2.0,1.5,93.63073710517841,93.47826086956522,86.10933695403314,85.11705685618729,-7.521400151145272,-8.361204013377929,-1.3596687818267412,-1.939516612743219,-1.825091904143278,-0.4537949207816041,34.159034138218146,87.73418504963905,83.42779702515725,81.98653198653199,97.11210077113167,5.89655205553936,2.6815399288758925,3.1305248696553036,-0.4077491011290135,598,9,17.0,31,0.3472222222222222,3acba4ea923e44d45a0c33d4120afb2eb49cfc7f23356db5f1fc5abc3c6c318e,202.52776341888833,3.227780142915435,12.136767651602621,6.328992606840263,0.33542266767314827,82.39426086961079,309.810444244436,587,32,98.16053511705685,97.02479338842976,93.69676320272572,94.54855195911414,-0.8517887563884163,94.04844023715584,94.84234379071013,-0.7939035535542982,0.0,0.0,,0.0,329.4791666666667,340.375,20.0,20.0,16.473958333333332,20.0,9089.285492716468,9589.285492716468,1751.1751981271882,333,92,-241,"[66,45,53,36,67,66]","[48,0,5,0,39,0]","[-18,-45,-48,-36,-28,-66]",66,10.000306483286447,-3.1234978802667346,63,209.7682928244016,5.24420732061004,0.8740345534350067,38.33101506501016,0,40.00000000000002,128,199.55308290660187,4.988827072665047,50.000000000000014,True,478.3729512258433,82,78,95.1219512195122,105,105,100.0,171,136,79.53216374269006,240,240,100.0,266,266,100.0,79,79,100.0,107,107,100.0,12,12,100.0,71,68,95.77464788732394,63,27,42.857142857142854
adaptive_t0_i100ms,interval,adaptive,6,0.0,0.0,100.0,adaptive_t0_i25ms,97.12659929792676,2.0,1.5,91.67756012841572,91.19601328903654,85.087155304799,84.0531561461794,-6.590404823616723,-7.142857142857139,-3.3128457585894324,-2.961698261977361,-2.8889926141511637,-0.031547292857496245,61.74854288093257,87.73418504963905,83.42779702515725,81.98653198653199,97.11210077113167,3.9433750787766684,1.6593582796417508,2.066624159647418,0.014498526795094335,602,9,17.0,30,0.3472222222222222,28a73c41fba5f5b82ecc54a6a458f79f3cf8fa18f8797b1ae0778e19874ab55e,203.10843238051677,3.227780142915435,11.912171215325603,6.347138511891151,0.3342350909341861,83.9477524226188,309.810444244436,588,32,97.67441860465117,97.1900826446281,91.49659863945578,94.5578231292517,-3.0612244897959218,92.12803973148884,94.87078656798568,-2.7427468364968344,0.0,0.0,,0.0,191.41666666666666,197.75,10.0,10.0,19.141666666666666,10.0,9058.780717310701,9558.780717310701,1746.794258240654,0,2813,2813,"[0,0,0,0,0,0]","[572,424,447,429,515,426]","[572,424,447,429,515,426]",572,6.149435565912387,-3.278537147362226,63,209.7682928244016,5.24420732061004,0.8740345534350067,38.33101506501016,0,40.00000000000003,128,199.55308290660187,4.988827072665047,50.000000000000014,True,471.99683422409,83,73,87.95180722891565,106,106,100.0,172,129,75.0,241,241,100.0,267,267,100.0,80,80,100.0,106,105,99.05660377358491,13,12,92.3076923076923,72,63,87.5,64,22,34.375
adaptive_t0_i200ms,interval,adaptive,6,0.0,0.0,200.0,adaptive_t0_i25ms,97.2345588515895,2.0,1.5,91.12945999323372,90.13377926421404,85.08933792743828,83.61204013377926,-6.040122065795444,-6.521739130434781,-3.8609458937714294,-2.959515639338079,-3.330108626551308,0.07641226080524177,77.53955037468776,87.73418504963905,83.42779702515725,81.98653198653199,97.11210077113167,3.3952749435946714,1.6615409022810326,1.6255081472472739,0.12245808045783235,598,9,18.0,31,0.3472222222222222,14fe4ea89287f0b91f16a47d5ab9988051a085fb8cafba63f0cd1288655940e2,201.1510960947665,2.739195467578436,12.136767651602623,6.285971752961453,0.33443615445290087,82.39426086961078,365.0706975227445,590,32,98.66220735785953,97.52066115702479,90.16949152542372,94.57627118644068,-4.406779661016946,91.17386140827932,94.88889026055865,-3.715028852279334,0.0,0.0,,0.0,112.39583333333333,114.25,5.0,5.0,22.479166666666668,5.0,9147.61278848901,9647.61278848901,1978.888657159121,3512,6602,3090,"[844,521,503,527,686,431]","[1488,687,889,835,2246,457]","[644,166,386,308,1560,26]",1560,5.388026056682849,-3.732974971742087,65,209.7682928244016,5.24420732061004,0.8740345534350067,38.33101506501016,0,40.000000000000014,128,199.55308290660196,4.988827072665049,50.00000000000001,True,791.9409553939477,82,74,90.2439024390244,106,106,100.0,169,118,69.8224852071006,241,241,100.0,266,266,100.0,81,81,100.0,106,106,100.0,12,11,91.66666666666666,72,58,80.55555555555556,61,17,27.86885245901639
baseline,baseline,baseline,10,0.0,0.0,0.0,baseline,98.86865465632174,2.0,1.5,95.52086225826145,95.03205128205127,89.22763569908375,88.14102564102564,-6.293226559177697,-6.891025641025635,0.0,0.0,0.0,0.0,0.0,95.52086225826145,89.22763569908375,88.14102564102564,98.86865465632174,0.0,0.0,0.0,0.0,624,8,19.0,33,0.390625,1008191b63c52fc62e3c7530e3ff591132f8fb1ba943826207e528ac0786a967,203.1279766422097,2.9990899497087495,12.252172387568116,6.347749270069053,0.3169573153018509,81.61817907611777,333.43448071542934,624,32,100.0,100.0,95.03205128205127,95.03205128205127,0.0,95.52086225826145,95.52086225826145,0.0,0.0,0.0,,0.0,0.0,0.0,0.0,0.0,0.0,0.0,8965.003882675088,9465.003882675088,1942.7850920719502,0,35,35,"[0,0,0,0,0,0,0,0,0,0]","[0,8,16,0,11,0,0,0,0,0]","[0,8,16,0,11,0,0,0,0,0]",16,1.3055709184580988,0.31115612272991644,62,209.7682928244016,5.24420732061004,0.524420732061004,22.108302697739013,0,40.0,128,199.55308290660196,4.988827072665049,,True,1012.2247532671317,85,85,100.0,109,109,100.0,183,152,83.06010928961749,247,247,100.0,272,272,100.0,84,84,100.0,113,113,100.0,12,12,100.0,78,78,100.0,65,34,52.307692307692314
layer_once_ttl_0ms,ttl,layer_once,10,0.0,0.0,0.0,layer_once_ttl_0ms,98.97279963755526,2.0,1.5,97.23437152638151,96.8,89.2156051571619,88.16000000000001,-8.018766369219605,-8.639999999999986,0.0,0.0,0.0,0.0,0.0,95.52086225826145,89.22763569908375,88.14102564102564,98.86865465632174,1.7135092681200632,-0.012030541921845384,0.018974358974375605,0.10414498123351734,625,8,19.0,33,0.390625,1ff5e22dd11324312a897020da8e7005231c327e75f3bc44770156d8c24311ce,203.39993521016902,2.9990899497087495,12.252172387568116,6.356247975317782,0.3164996714978271,81.61817907611777,333.43448071542934,625,32,100.0,100.0,96.8,96.8,0.0,97.23437152638152,97.23437152638152,0.0,1243.5,1243.5,0.8041817450743868,0.0,0.0,0.0,0.0,0.0,0.0,0.0,8970.718709516123,9470.718709516123,1899.7019264230112,0,1192,1192,"[0,0,0,0,0,0,0,0,0,0]","[103,109,122,74,143,113,118,138,151,121]","[103,109,122,74,143,113,118,138,151,121]",151,1.1430500976670643,0.06603098777637761,62,209.7682928244016,5.24420732061004,0.524420732061004,22.108302697739013,0,40.0,128,199.55308290660196,4.988827072665049,,True,2120.3592993610073,85,85,100.0,109,109,100.0,183,163,89.07103825136612,248,248,100.0,272,272,100.0,85,85,100.0,113,113,100.0,12,12,100.0,77,77,100.0,66,46,69.6969696969697
layer_once_ttl_0p25ms,ttl,layer_once,10,0.25,0.0,0.0,layer_once_ttl_0ms,98.97533219138272,2.0,1.5,97.09181141439205,96.63461538461539,89.3329470543951,88.30128205128204,-7.758864359996949,-8.333333333333343,-0.14256011198945373,0.11734189723320299,0.1412820512820332,0.0025325538274643122,23.130277442702052,95.52086225826145,89.22763569908375,88.14102564102564,98.86865465632174,1.5709491561306095,0.1053113553113576,0.1602564102564088,0.10667753506098165,624,8,19.0,33,0.390625,586e8421b9e8516ecfc7166ea3964cad212e0421814eedcccf275e0e62cf08a2,203.1617380512593,2.9990899497087495,12.252172387568116,6.348804314101853,0.3159640080121779,81.61817907611777,333.43448071542934,624,32,100.0,99.84,96.63461538461539,96.7948717948718,-0.1602564102564097,97.09181141439205,97.2220197477254,-0.13020833333333703,955.875,955.875,1.0461618935530272,23.083886541943272,0.0,0.0,0.0,0.0,0.0,0.0,8966.250723933412,9466.250723933412,1902.9182768689825,88,88,0,"[8,9,11,9,14,11,1,2,20,3]","[2,1,3,0,9,6,10,6,33,18]","[-6,-8,-8,-9,-5,-5,9,4,13,15]",15,1.1770386868473204,0.10875938401418983,62,209.7682928244016,5.24420732061004,0.524420732061004,22.108302697739013,0,40.0,128,199.55308290660196,4.988827072665049,,True,1942.2333077278454,85,85,100.0,109,109,100.0,182,161,88.46153846153845,248,248,100.0,272,272,100.0,85,85,100.0,113,113,100.0,12,12,100.0,77,77,100.0,65,44,67.6923076923077
layer_once_ttl_1ms,ttl,layer_once,10,1.0,0.0,0.0,layer_once_ttl_0ms,98.97754620618436,2.0,1.5,97.09181141439205,96.63461538461539,89.3329470543951,88.30128205128204,-7.758864359996949,-8.333333333333343,-0.14256011198945373,0.11734189723320299,0.1412820512820332,0.004746568629101944,54.252110977080825,95.52086225826145,89.22763569908375,88.14102564102564,98.86865465632174,1.5709491561306095,0.1053113553113576,0.1602564102564088,0.10889154986261929,624,8,19.0,33,0.390625,586e8421b9e8516ecfc7166ea3964cad212e0421814eedcccf275e0e62cf08a2,203.1617380512593,2.9990899497087495,12.252172387568116,6.348804314101853,0.3159640080121779,81.61817907611777,333.43448071542934,624,32,100.0,99.84,96.63461538461539,96.7948717948718,-0.1602564102564097,97.09181141439205,97.2220197477254,-0.13020833333333703,568.875,568.875,1.7578554163920017,54.21529175050301,0.0,0.0,0.0,0.0,0.0,0.0,8964.744837740267,9464.744837740267,1903.8993563196673,0,44,44,"[0,0,0,0,0,0,0,0,0,0]","[4,0,12,0,0,0,0,0,13,15]","[4,0,12,0,0,0,0,0,13,15]",15,1.1401473980304333,0.16036055988659648,62,209.7682928244016,5.24420732061004,0.524420732061004,22.108302697739013,0,40.0,128,199.55308290660196,4.988827072665049,,True,2060.941324881045,85,85,100.0,109,109,100.0,182,161,88.46153846153845,248,248,100.0,272,272,100.0,85,85,100.0,113,113,100.0,12,12,100.0,77,77,100.0,65,44,67.6923076923077
layer_once_ttl_2ms,ttl,layer_once,10,2.0,0.0,0.0,layer_once_ttl_0ms,98.98334000470686,2.0,1.5,97.22682744003308,96.7948717948718,89.34737013131819,88.30128205128204,-7.8794573087148905,-8.493589743589752,-0.007544086348431733,0.1317649741562832,0.1412820512820332,0.010540367151605778,70.6574185765983,95.52086225826145,89.22763569908375,88.14102564102564,98.86865465632174,1.7059651817716315,0.1197344322344378,0.1602564102564088,0.11468534838512312,624,8,19.0,33,0.390625,72acc55d3cc5f72eb12cd49ff8ef81006cb4e82d63301bcf06c166bd6ba6f797,203.03899699398235,2.9990899497087495,12.252172387568116,6.3449686560619485,0.31787588074978795,81.61817907611777,333.43448071542934,623,32,99.83974358974359,99.68,96.78972712680579,96.78972712680579,0.0,97.2220197477254,97.2220197477254,0.0,364.875,364.875,2.7406646111682083,70.63084817386056,0.0,0.0,0.0,0.0,0.0,0.0,8964.586693167907,9464.586693167907,1909.8325089087593,415,242,-173,"[53,25,49,33,22,27,68,46,59,33]","[1,17,58,7,52,17,6,48,36,0]","[-52,-8,9,-26,30,-10,-62,2,-23,-33]",62,1.0259581151406016,0.16187818940177623,62,209.7682928244016,5.24420732061004,0.524420732061004,22.108302697739013,0,40.0,128,199.55308290660196,4.988827072665049,,True,2191.8340170308948,86,86,100.0,109,109,100.0,182,162,89.01098901098901,247,247,100.0,272,272,100.0,84,84,100.0,114,114,100.0,12,12,100.0,77,77,100.0,65,45,69.23076923076923
layer_once_ttl_5ms,ttl,layer_once,10,5.0,0.0,0.0,layer_once_ttl_0ms,98.97863728299626,2.0,1.5,97.2220197477254,96.78972712680579,89.3329470543951,88.28250401284109,-7.8890726933302915,-8.507223113964699,-0.012351778656110923,0.11734189723320299,0.12250401284107681,0.005837645441005179,85.69561720948936,95.52086225826145,89.22763569908375,88.14102564102564,98.86865465632174,1.7011574894639523,0.1053113553113576,0.14147837181545242,0.10998262667452252,623,8,19.0,33,0.390625,43b51637d565f1e512e23982410886a3aae2b8b82a8f977558a84d027b65b8a6,202.8900187819186,2.9990899497087495,12.252172387568116,6.340313086934956,0.31770853595678156,81.61817907611777,333.43448071542934,623,32,100.0,99.68,96.78972712680579,96.78972712680579,0.0,97.2220197477254,97.2220197477254,0.0,177.875,177.875,5.621925509486999,85.69130216189039,0.0,0.0,0.0,0.0,0.0,0.0,8965.27481953156,9465.27481953156,1904.7873804441188,0,25,25,"[0,0,0,0,0,0,0,0,0,0]","[0,0,9,0,0,0,0,0,8,8]","[0,0,9,0,0,0,0,0,8,8]",9,1.1048899383409472,0.11126736063757914,62,209.7682928244016,5.24420732061004,0.524420732061004,22.108302697739013,0,40.0,128,199.55308290660196,4.988827072665049,,True,2026.929384579882,85,85,100.0,109,109,100.0,182,162,89.01098901098901,247,247,100.0,272,272,100.0,84,84,100.0,113,113,100.0,12,12,100.0,77,77,100.0,65,45,69.23076923076923
adaptive_t0_i25ms,threshold_interval,adaptive,10,0.0,0.0,25.0,adaptive_t0_i25ms,98.9854976102159,2.0,1.5,97.22415910808087,96.8,89.24259511981364,88.16000000000001,-7.981563988267226,-8.639999999999986,0.0,0.0,0.0,0.0,0.0,95.52086225826145,89.22763569908375,88.14102564102564,98.86865465632174,1.7032968498194236,0.014959420729894646,0.018974358974375605,0.11684295389416377,625,8,19.0,33,0.390625,91bbf61f487e89bc658a7144b8c3637bd23b5aaeef97113c9a6e7aca0d71d475,202.99302978400192,2.9990899497087495,12.252172387568116,6.34353218075006,0.3188203706422021,81.61817907611777,333.43448071542934,625,32,100.0,100.0,96.8,96.8,0.0,97.22415910808087,97.22415910808087,0.0,0.0,0.0,,0.0,123.1,123.125,37.75,37.75,3.2609271523178807,39.5,8973.793965695919,9473.793965695919,1898.3330561825278,0,1072,1072,"[0,0,0,0,0,0,0,0,0,0]","[101,108,129,122,106,85,117,103,103,98]","[101,108,129,122,106,85,117,103,103,98]",129,0.9776103465190533,0.11044555239105858,62,209.7682928244016,5.24420732061004,0.524420732061004,22.108302697739013,0,40.000000000000014,128,199.55308290660196,4.988827072665049,50.000000000000014,True,830.0752847578842,85,85,100.0,110,110,100.0,183,163,89.07103825136612,247,247,100.0,273,273,100.0,84,84,100.0,113,113,100.0,12,12,100.0,77,77,100.0,66,46,69.6969696969697
adaptive_t0p005_i25ms,threshold,adaptive,10,0.0,0.005,25.0,adaptive_t0_i25ms,98.98514715895061,2.0,1.5,97.22415910808087,96.8,89.24259511981364,88.16000000000001,-7.981563988267226,-8.639999999999986,0.0,0.0,0.0,-0.00035045126529098525,2.0511779041429645,95.52086225826145,89.22763569908375,88.14102564102564,98.86865465632174,1.7032968498194236,0.014959420729894646,0.018974358974375605,0.11649250262887278,625,8,19.0,33,0.390625,91bbf61f487e89bc658a7144b8c3637bd23b5aaeef97113c9a6e7aca0d71d475,202.99302978400192,2.9990899497087495,12.252172387568116,6.34353218075006,0.3188203706422021,81.61817907611777,333.43448071542934,625,32,100.0,100.0,96.8,96.8,0.0,97.22415910808087,97.22415910808087,0.0,0.0,0.0,,0.0,120.575,121.375,37.625,37.625,3.2046511627906975,39.375,8974.307370578535,9474.307370578535,1897.84681927961,155,182,27,"[26,0,3,0,0,21,34,13,33,25]","[21,15,44,35,11,13,17,10,7,9]","[-5,15,41,35,11,-8,-17,-3,-26,-16]",41,0.9838130204749995,0.10402657505300672,62,209.7682928244016,5.24420732061004,0.524420732061004,22.108302697739013,0,40.000000000000014,128,199.55308290660196,4.988827072665049,50.00000000000001,True,802.4333873591386,85,85,100.0,110,110,100.0,183,163,89.07103825136612,247,247,100.0,273,273,100.0,84,84,100.0,113,113,100.0,12,12,100.0,77,77,100.0,66,46,69.6969696969697
adaptive_t0p01_i25ms,threshold,adaptive,10,0.0,0.01,25.0,adaptive_t0_i25ms,98.98539670189341,2.0,1.5,97.22415910808087,96.8,89.24259511981364,88.16000000000001,-7.981563988267226,-8.639999999999986,0.0,0.0,0.0,-0.00010090832249431969,6.356620633631183,95.52086225826145,89.22763569908375,88.14102564102564,98.86865465632174,1.7032968498194236,0.014959420729894646,0.018974358974375605,0.11674204557166945,625,8,19.0,33,0.390625,91bbf61f487e89bc658a7144b8c3637bd23b5aaeef97113c9a6e7aca0d71d475,202.99302978400192,2.9990899497087495,12.252172387568116,6.34353218075006,0.3188203706422021,81.61817907611777,333.43448071542934,625,32,100.0,100.0,96.8,96.8,0.0,97.22415910808087,97.22415910808087,0.0,0.0,0.0,,0.0,115.275,115.625,37.725,37.75,3.055666003976143,39.375,8974.257614249971,9474.257614249971,1897.8727917120486,316,1112,796,"[44,15,39,23,12,17,58,36,49,23]","[121,109,147,79,72,111,150,88,133,102]","[77,94,108,56,60,94,92,52,84,79]",108,0.9837058445581248,0.10851129304266793,62,209.7682928244016,5.24420732061004,0.524420732061004,22.108302697739013,0,40.00000000000001,128,199.55308290660196,4.988827072665049,50.00000000000001,True,901.2393752159551,85,85,100.0,110,110,100.0,183,163,89.07103825136612,247,247,100.0,273,273,100.0,84,84,100.0,113,113,100.0,12,12,100.0,77,77,100.0,66,46,69.6969696969697
adaptive_t0p02_i25ms,threshold,adaptive,10,0.0,0.02,25.0,adaptive_t0_i25ms,98.9847797638497,2.0,1.5,97.22415910808087,96.8,89.24259511981364,88.16000000000001,-7.981563988267226,-8.639999999999986,0.0,0.0,0.0,-0.0007178463662000922,6.7323314378553984,95.52086225826145,89.22763569908375,88.14102564102564,98.86865465632174,1.7032968498194236,0.014959420729894646,0.018974358974375605,0.11612510752796368,625,8,19.0,33,0.390625,91bbf61f487e89bc658a7144b8c3637bd23b5aaeef97113c9a6e7aca0d71d475,202.99302978400192,2.9990899497087495,12.252172387568116,6.34353218075006,0.3188203706422021,81.61817907611777,333.43448071542934,625,32,100.0,100.0,96.8,96.8,0.0,97.22415910808087,97.22415910808087,0.0,0.0,0.0,,0.0,114.8125,115.125,37.475,37.5,3.063709139426284,39.375,8974.410148492,9474.410148492,1897.767428485542,42,161,119,"[7,0,2,0,0,0,21,0,12,0]","[22,10,38,29,14,17,16,4,8,3]","[15,10,36,29,14,17,-5,4,-4,3]",36,0.9804433025554893,0.09887736407223624,62,209.7682928244016,5.24420732061004,0.524420732061004,22.108302697739013,0,40.00000000000001,128,199.55308290660196,4.988827072665049,50.00000000000001,True,865.5550044190604,85,85,100.0,110,110,100.0,183,163,89.07103825136612,247,247,100.0,273,273,100.0,84,84,100.0,113,113,100.0,12,12,100.0,77,77,100.0,66,46,69.6969696969697
adaptive_t0p05_i25ms,threshold,adaptive,10,0.0,0.05,25.0,adaptive_t0_i25ms,98.98514637081145,2.0,1.5,97.22415910808087,96.8,89.24259511981364,88.16000000000001,-7.981563988267226,-8.639999999999986,0.0,0.0,0.0,-0.0003512394044520306,6.833874898456537,95.52086225826145,89.22763569908375,88.14102564102564,98.86865465632174,1.7032968498194236,0.014959420729894646,0.018974358974375605,0.11649171448971174,625,8,19.0,33,0.390625,91bbf61f487e89bc658a7144b8c3637bd23b5aaeef97113c9a6e7aca0d71d475,202.99302978400192,2.9990899497087495,12.252172387568116,6.34353218075006,0.3188203706422021,81.61817907611777,333.43448071542934,625,32,100.0,100.0,96.8,96.8,0.0,97.22415910808087,97.22415910808087,0.0,0.0,0.0,,0.0,114.6875,117.875,37.4375,37.5,3.0634390651085144,39.5,8974.073193974269,9474.073193974269,1898.0733934747986,276,663,387,"[44,0,21,0,0,38,51,30,50,42]","[52,76,102,63,61,52,74,64,50,69]","[8,76,81,63,61,14,23,34,0,27]",81,0.979758732638436,0.10514081437267286,62,209.7682928244016,5.24420732061004,0.524420732061004,22.108302697739013,0,40.00000000000001,128,199.55308290660196,4.988827072665049,50.000000000000014,True,818.5105638469104,85,85,100.0,110,110,100.0,183,163,89.07103825136612,247,247,100.0,273,273,100.0,84,84,100.0,113,113,100.0,12,12,100.0,77,77,100.0,66,46,69.6969696969697
adaptive_t0_i50ms,interval,adaptive,10,0.0,0.0,50.0,adaptive_t0_i25ms,98.98199418770147,2.0,1.5,97.22415910808087,96.80511182108627,89.07919642700318,88.01916932907349,-8.144962681077686,-8.78594249201278,0.0,-0.1633986928104605,-0.14083067092651902,-0.003503422514427257,14.612103980503655,95.52086225826145,89.22763569908375,88.14102564102564,98.86865465632174,1.7032968498194236,-0.14843927208056584,-0.12185631195214341,0.11333953137973651,626,8,19.0,33,0.390625,67ba1b287d411a7c4f7948e20331680334e763537800e0f21f2c0c9d5c92c265,203.40556565415565,2.9990899497087495,12.252172387568116,6.356423926692364,0.31853120887237957,81.61817907611777,333.43448071542934,625,32,99.84025559105432,100.0,96.8,96.8,0.0,97.22415910808087,97.22415910808087,0.0,0.0,0.0,,0.0,105.1125,105.25,19.875,19.875,5.288679245283019,20.0,8973.786129340904,9473.786129340904,1900.1133363024965,2486,1531,-955,"[257,227,241,213,238,254,267,252,294,243]","[131,151,156,164,156,136,139,157,156,185]","[-126,-76,-85,-49,-82,-118,-128,-95,-138,-58]",138,1.0189821462435966,0.05241549563200776,62,209.7682928244016,5.24420732061004,0.524420732061004,22.108302697739013,0,40.000000000000014,128,199.55308290660196,4.988827072665049,50.000000000000014,True,757.7075323830359,85,85,100.0,110,110,100.0,184,164,89.13043478260869,247,247,100.0,273,273,100.0,84,84,100.0,113,113,100.0,12,12,100.0,77,77,100.0,67,47,70.1492537313433
adaptive_t0_i100ms,interval,adaptive,10,0.0,0.0,100.0,adaptive_t0_i25ms,98.9768112341896,2.0,1.5,97.01582577474753,96.64536741214057,89.07919642700318,88.01916932907349,-7.9366293477443435,-8.62619808306708,-0.2083333333333428,-0.1633986928104605,-0.14083067092651902,-0.008686376026304288,29.660844841592194,95.52086225826145,89.22763569908375,88.14102564102564,98.86865465632174,1.4949635164860808,-0.14843927208056584,-0.12185631195214341,0.10815657786785948,626,8,19.0,33,0.390625,67ba1b287d411a7c4f7948e20331680334e763537800e0f21f2c0c9d5c92c265,203.40556565415565,2.9990899497087495,12.252172387568116,6.356423926692364,0.31853120887237957,81.61817907611777,333.43448071542934,625,32,99.84025559105432,100.0,96.64,96.8,-0.15999999999999348,97.01582577474753,97.22415910808087,-0.2083333333333326,0.0,0.0,,0.0,86.5875,86.625,10.0,10.0,8.65875,10.0,8973.78539129085,9473.78539129085,1902.9302776124678,4,2157,2153,"[0,0,0,0,0,0,0,0,4,0]","[234,201,218,231,203,231,233,193,203,210]","[234,201,218,231,203,231,233,193,199,210]",234,1.0190406517427308,-0.012021915592008714,62,209.7682928244016,5.24420732061004,0.524420732061004,22.108302697739013,0,40.00000000000001,128,199.55308290660196,4.988827072665049,50.00000000000001,True,831.7738300538622,85,85,100.0,110,110,100.0,184,163,88.58695652173914,247,247,100.0,273,273,100.0,84,84,100.0,113,113,100.0,12,12,100.0,77,77,100.0,67,46,68.65671641791045
adaptive_t0_i200ms,interval,adaptive,10,0.0,0.0,200.0,adaptive_t0_i25ms,98.97449927867923,2.0,1.5,97.23360971291956,96.80511182108627,89.26149632949105,88.17891373801918,-7.972113383428507,-8.626198083067095,0.009450604838690424,0.01890120967740927,0.018913738019165294,-0.01099833153666907,47.47156783103168,95.52086225826145,89.22763569908375,88.14102564102564,98.86865465632174,1.712747454658114,0.033860630407303915,0.0378880969935409,0.1058446223574947,626,8,19.0,33,0.390625,809897b00b21c05be5531edec8bf1febb6060776018113c4a075856c202c5c03,201.89100835747308,2.9990899497087495,11.338344989073693,6.309094011171034,0.3057101838295101,88.19629328298439,333.43448071542934,625,32,99.84025559105432,100.0,96.8,96.8,0.0,97.22415910808087,97.22415910808087,0.0,0.0,0.0,,0.0,64.6625,64.75,5.0,5.0,12.9325,5.0,8973.80287281993,9473.80287281993,1899.3387770315312,1128,352,-776,"[108,114,97,105,112,131,123,83,142,113]","[37,37,31,37,39,29,49,29,35,29]","[-71,-77,-66,-68,-73,-102,-74,-54,-107,-84]",107,1.1341031892432407,-0.0734660020728084,62,209.7682928244016,5.24420732061004,0.524420732061004,22.108302697739013,0,40.0,128,199.55308290660196,4.988827072665049,50.00000000000001,True,861.8604282119777,85,85,100.0,110,110,100.0,183,163,89.07103825136612,248,248,100.0,274,274,100.0,84,84,100.0,113,113,100.0,12,12,100.0,77,77,100.0,66,46,69.6969696969697
baseline,baseline,baseline,18,0.0,0.0,0.0,baseline,98.96155487857223,2.0,1.5,96.78506001759679,96.3258785942492,89.37883822672426,88.33865814696486,-7.406221790872536,-7.9872204472843435,0.0,0.0,0.0,0.0,0.0,96.78506001759679,89.37883822672426,88.33865814696486,98.96155487857223,0.0,0.0,0.0,0.0,626,8,19.0,33,0.390625,a4015c9b93c95ef74eb21341b6bc5989989b4ec365750adf83ebe92b32aa0abf,201.62540625937726,2.9990899497087495,11.338344989073693,6.300793945605539,0.30574645646449655,88.1962932829844,333.43448071542934,626,32,100.0,100.0,96.3258785942492,96.3258785942492,0.0,96.78506001759678,96.78506001759678,0.0,0.0,0.0,,0.0,0.0,0.0,0.0,0.0,0.0,0.0,8963.808794363516,9463.808794363516,1908.790621025557,0,0,0,"[0,0,0,0,0,0,0,0,0,0,0,0,0,0,0,0,0,0]","[0,0,0,0,0,0,0,0,0,0,0,0,0,0,0,0,0,0]","[0,0,0,0,0,0,0,0,0,0,0,0,0,0,0,0,0,0]",0,0.8182295908546577,-0.0038666976120538266,62,209.7682928244016,5.24420732061004,0.29134485114500225,12.323410684298143,0,40.00000000000002,128,199.55308290660187,4.988827072665047,,True,496.2534731628839,86,86,100.0,110,110,100.0,182,159,87.36263736263736,248,248,100.0,274,274,100.0,84,84,100.0,114,114,100.0,12,12,100.0,77,77,100.0,65,42,64.61538461538461
layer_once_ttl_0ms,ttl,layer_once,18,0.0,0.0,0.0,layer_once_ttl_0ms,98.97862623782846,2.0,1.5,97.23360971291956,96.80511182108627,89.23917490091962,88.17891373801918,-7.9944348119999376,-8.626198083067095,0.0,0.0,0.0,0.0,0.0,96.78506001759679,89.37883822672426,88.33865814696486,98.96155487857223,0.4485496953227681,-0.1396633258046336,-0.1597444089456843,0.01707135925623504,626,8,19.0,33,0.390625,8e2b7d88a3972d5121e1c307a1e56b400aca08864c0ba5ead4f030015aa796ec,201.85091041163787,2.9990899497087495,11.338344989073693,6.307840950363683,0.3063776113011833,88.19629328298439,333.43448071542934,626,32,100.0,100.0,96.80511182108627,96.80511182108627,0.0,97.23360971291957,97.23360971291957,0.0,1244.5,1244.5,0.8035355564483728,0.0,0.0,0.0,0.0,0.0,0.0,0.0,8963.071285394179,9463.071285394179,1904.808784774341,571,0,-571,"[35,18,25,40,22,26,45,39,34,15,31,49,26,25,42,31,32,36]","[0,0,0,0,0,0,0,0,0,0,0,0,0,0,0,0,0,0]","[-35,-18,-25,-40,-22,-26,-45,-39,-34,-15,-31,-49,-26,-25,-42,-31,-32,-36]",49,0.7828919502053888,-0.010975349792230471,62,209.7682928244016,5.24420732061004,0.29134485114500225,12.323410684298144,0,40.0,128,199.55308290660196,4.988827072665049,,True,2184.1766247039195,86,86,100.0,109,109,100.0,183,163,89.07103825136612,248,248,100.0,273,273,100.0,84,84,100.0,114,114,100.0,12,12,100.0,77,77,100.0,66,46,69.6969696969697
layer_once_ttl_0p25ms,ttl,layer_once,18,0.25,0.0,0.0,layer_once_ttl_0ms,98.97853356140341,2.0,1.5,97.23360971291956,96.80511182108627,89.23917490091962,88.17891373801918,-7.9944348119999376,-8.626198083067095,0.0,0.0,0.0,-9.267642505506046e-05,23.212133386902366,96.78506001759679,89.37883822672426,88.33865814696486,98.96155487857223,0.4485496953227681,-0.1396633258046336,-0.1597444089456843,0.01697868283117998,626,8,19.0,33,0.390625,8e2b7d88a3972d5121e1c307a1e56b400aca08864c0ba5ead4f030015aa796ec,201.85091041163787,2.9990899497087495,11.338344989073693,6.307840950363683,0.3063776113011833,88.1962932829844,333.43448071542934,626,32,100.0,100.0,96.80511182108627,96.80511182108627,0.0,97.23360971291957,97.23360971291957,0.0,955.625,955.625,1.0464355788096795,23.21213338690237,0.0,0.0,0.0,0.0,0.0,0.0,8962.954678868411,9462.954678868411,1904.847017567845,329,19,-310,"[18,18,18,18,18,18,18,18,19,19,19,19,19,18,18,18,18,18]","[0,0,0,3,0,8,0,0,0,0,0,8,0,0,0,0,0,0]","[-18,-18,-18,-15,-18,-10,-18,-18,-19,-19,-19,-11,-19,-18,-18,-18,-18,-18]",19,0.7914420058556915,-0.01048343759965098,62,209.7682928244016,5.24420732061004,0.29134485114500225,12.323410684298143,0,40.00000000000002,128,199.55308290660187,4.988827072665047,,True,1688.1633547178935,86,86,100.0,109,109,100.0,183,163,89.07103825136612,248,248,100.0,273,273,100.0,84,84,100.0,114,114,100.0,12,12,100.0,77,77,100.0,66,46,69.6969696969697
layer_once_ttl_1ms,ttl,layer_once,18,1.0,0.0,0.0,layer_once_ttl_0ms,98.97867418524487,2.0,1.5,97.23360971291956,96.80511182108627,89.23917490091962,88.17891373801918,-7.9944348119999376,-8.626198083067095,0.0,0.0,0.0,4.7947416405236254e-05,54.29891522699879,96.78506001759679,89.37883822672426,88.33865814696486,98.96155487857223,0.4485496953227681,-0.1396633258046336,-0.1597444089456843,0.017119306672640278,626,8,19.0,33,0.390625,8e2b7d88a3972d5121e1c307a1e56b400aca08864c0ba5ead4f030015aa796ec,201.85091041163787,2.9990899497087495,11.338344989073693,6.307840950363683,0.3063776113011833,88.1962932829844,333.43448071542934,626,32,100.0,100.0,96.80511182108627,96.80511182108627,0.0,97.23360971291957,97.23360971291957,0.0,568.75,568.75,1.7582417582417582,54.2851401587461,0.0,0.0,0.0,0.0,0.0,0.0,8962.974736450933,9462.974736450933,1906.6408460138482,753,0,-753,"[42,42,42,42,42,42,42,42,42,40,42,42,42,42,42,42,42,41]","[0,0,0,0,0,0,0,0,0,0,0,0,0,0,0,0,0,0]","[-42,-42,-42,-42,-42,-42,-42,-42,-42,-40,-42,-42,-42,-42,-42,-42,-42,-41]",42,0.7762254786104039,-0.004801701559309368,62,209.7682928244016,5.24420732061004,0.29134485114500225,12.323410684298143,0,40.00000000000002,128,199.55308290660187,4.988827072665047,,True,1686.9405938771088,86,86,100.0,109,109,100.0,183,163,89.07103825136612,248,248,100.0,273,273,100.0,84,84,100.0,114,114,100.0,12,12,100.0,77,77,100.0,66,46,69.6969696969697
layer_once_ttl_2ms,ttl,layer_once,18,2.0,0.0,0.0,layer_once_ttl_0ms,98.9784360161901,2.0,1.5,97.23360971291956,96.81020733652312,89.26149632949105,88.19776714513556,-7.972113383428507,-8.612440191387563,0.0,0.0223214285714306,0.018853407116381504,-0.00019022163836268646,70.72117316191242,96.78506001759679,89.37883822672426,88.33865814696486,98.96155487857223,0.4485496953227681,-0.11734189723320299,-0.1408910018293028,0.016881137617872355,627,8,19.0,33,0.390625,0668f324afc74e465b6096abcbd4900a3b3930125156838f2334c7158fe8c4d2,201.86360341828697,2.9990899497087495,11.338344989073693,6.308237606821468,0.30636513631869294,88.1962932829844,333.43448071542934,626,32,99.84051036682615,100.0,96.80511182108627,96.80511182108627,0.0,97.23360971291957,97.23360971291957,0.0,364.375,364.375,2.7444253859348198,70.70940514469454,0.0,0.0,0.0,0.0,0.0,0.0,8962.998524827535,9462.998524827535,1906.1090405272262,379,0,-379,"[22,21,21,21,21,21,21,21,21,21,21,21,21,21,21,21,21,21]","[0,0,0,0,0,0,0,0,0,0,0,0,0,0,0,0,0,0]","[-22,-21,-21,-21,-21,-21,-21,-21,-21,-21,-21,-21,-21,-21,-21,-21,-21,-21]",22,0.7538353233356387,-0.015384028106812941,62,209.7682928244016,5.24420732061004,0.29134485114500225,12.323410684298143,0,40.00000000000002,128,199.55308290660187,4.988827072665047,,True,1688.1346555089112,86,86,100.0,110,110,100.0,183,163,89.07103825136612,248,248,100.0,274,274,100.0,84,84,100.0,114,114,100.0,12,12,100.0,77,77,100.0,66,46,69.6969696969697
layer_once_ttl_5ms,ttl,layer_once,18,5.0,0.0,0.0,layer_once_ttl_0ms,98.97833738386642,2.0,1.5,97.22125793426343,96.8,89.35651679815282,88.32,-7.864741136110609,-8.480000000000004,-0.012351778656125134,0.11734189723320299,0.14108626198081708,-0.000288853962047142,85.72719967858578,96.78506001759679,89.37883822672426,88.33865814696486,98.96155487857223,0.436197916666643,-0.0223214285714306,-0.018658146964867228,0.0167825052941879,625,8,19.0,33,0.390625,fa4cfd9c0b988303338125762c9910955d01c7dc43d0648126339bb6dc5a4025,201.61271325272818,2.9990899497087495,11.338344989073693,6.300397289147756,0.3057586421621501,88.19629328298439,333.43448071542934,625,32,100.0,99.84025559105432,96.8,96.8,0.0,97.22125793426345,97.22125793426345,0.0,177.625,177.625,5.629838142153413,85.72146302250803,0.0,0.0,0.0,0.0,0.0,0.0,8962.956213125392,9462.956213125392,1904.8039366380071,658,0,-658,"[37,37,37,37,37,37,37,37,37,37,36,36,36,36,36,36,36,36]","[0,0,0,0,0,0,0,0,0,0,0,0,0,0,0,0,0,0]","[-37,-37,-37,-37,-37,-37,-37,-37,-37,-37,-36,-36,-36,-36,-36,-36,-36,-36]",37,0.7953773373816642,-0.006944797768182465,62,209.7682928244016,5.24420732061004,0.29134485114500225,12.323410684298144,0,40.0,128,199.55308290660196,4.988827072665049,,True,2183.398359189974,86,86,100.0,109,109,100.0,182,162,89.01098901098901,248,248,100.0,273,273,100.0,84,84,100.0,114,114,100.0,12,12,100.0,77,77,100.0,65,45,69.23076923076923
adaptive_t0_i25ms,threshold_interval,adaptive,18,0.0,0.0,25.0,adaptive_t0_i25ms,98.97893598497475,2.0,1.5,97.23360971291956,96.81020733652312,89.26149632949105,88.19776714513556,-7.972113383428507,-8.612440191387563,0.0,0.0,0.0,0.0,0.0,96.78506001759679,89.37883822672426,88.33865814696486,98.96155487857223,0.4485496953227681,-0.11734189723320299,-0.1408910018293028,0.017381106402524438,627,8,19.0,33,0.390625,0668f324afc74e465b6096abcbd4900a3b3930125156838f2334c7158fe8c4d2,201.86360341828697,2.9990899497087495,11.338344989073693,6.308237606821468,0.30636513631869294,88.1962932829844,333.43448071542934,627,32,100.0,100.0,96.81020733652312,96.81020733652312,0.0,97.23360971291957,97.23360971291957,0.0,0.0,0.0,,0.0,116.77777777777777,116.875,38.375,38.375,3.0430691277596815,39.5,8963.348897671973,9463.348897671973,1904.9112252551786,46,0,-46,"[1,0,0,5,0,0,10,5,0,0,0,15,0,0,8,0,0,2]","[0,0,0,0,0,0,0,0,0,0,0,0,0,0,0,0,0,0]","[-1,0,0,-5,0,0,-10,-5,0,0,0,-15,0,0,-8,0,0,-2]",15,0.7894467851364162,-0.021849143287611117,62,209.7682928244016,5.24420732061004,0.29134485114500225,12.323410684298143,0,40.0,128,199.55308290660187,4.988827072665047,50.00000000000002,True,505.94494708790444,86,86,100.0,110,110,100.0,183,163,89.07103825136612,248,248,100.0,274,274,100.0,84,84,100.0,114,114,100.0,12,12,100.0,77,77,100.0,66,46,69.6969696969697
adaptive_t0p005_i25ms,threshold,adaptive,18,0.0,0.005,25.0,adaptive_t0_i25ms,98.97893598497475,2.0,1.5,97.23360971291956,96.81020733652312,89.26149632949105,88.19776714513556,-7.972113383428507,-8.612440191387563,0.0,0.0,0.0,0.0,0.9752616555661286,96.78506001759679,89.37883822672426,88.33865814696486,98.96155487857223,0.4485496953227681,-0.11734189723320299,-0.1408910018293028,0.017381106402524438,627,8,19.0,33,0.390625,0668f324afc74e465b6096abcbd4900a3b3930125156838f2334c7158fe8c4d2,201.86360341828697,2.9990899497087495,11.338344989073693,6.308237606821468,0.30636513631869294,88.1962932829844,333.43448071542934,627,32,100.0,100.0,96.81020733652312,96.81020733652312,0.0,97.23360971291957,97.23360971291957,0.0,0.0,0.0,,0.0,115.63888888888889,116.25,38.375,38.375,3.0133912414042707,39.5,8963.348897671973,9463.348897671973,1904.9112252551786,46,0,-46,"[1,0,0,5,0,0,10,5,0,0,0,15,0,0,8,0,0,2]","[0,0,0,0,0,0,0,0,0,0,0,0,0,0,0,0,0,0]","[-1,0,0,-5,0,0,-10,-5,0,0,0,-15,0,0,-8,0,0,-2]",15,0.7894467851364162,-0.021849143287611117,62,209.7682928244016,5.24420732061004,0.29134485114500225,12.323410684298143,0,40.0,128,199.55308290660187,4.988827072665047,50.00000000000002,True,519.1716510108672,86,86,100.0,110,110,100.0,183,163,89.07103825136612,248,248,100.0,274,274,100.0,84,84,100.0,114,114,100.0,12,12,100.0,77,77,100.0,66,46,69.6969696969697
adaptive_t0p01_i25ms,threshold,adaptive,18,0.0,0.01,25.0,adaptive_t0_i25ms,98.97893598497475,2.0,1.5,97.23360971291956,96.81020733652312,89.26149632949105,88.19776714513556,-7.972113383428507,-8.612440191387563,0.0,0.0,0.0,0.0,1.7245480494766818,96.78506001759679,89.37883822672426,88.33865814696486,98.96155487857223,0.4485496953227681,-0.11734189723320299,-0.1408910018293028,0.017381106402524438,627,8,19.0,33,0.390625,0668f324afc74e465b6096abcbd4900a3b3930125156838f2334c7158fe8c4d2,201.86360341828697,2.9990899497087495,11.338344989073693,6.308237606821468,0.30636513631869294,88.1962932829844,333.43448071542934,627,32,100.0,100.0,96.81020733652312,96.81020733652312,0.0,97.23360971291957,97.23360971291957,0.0,0.0,0.0,,0.0,114.76388888888889,115.125,38.375,38.375,2.9905899384726746,39.5,8963.348897671973,9463.348897671973,1904.9112252551786,46,0,-46,"[1,0,0,5,0,0,10,5,0,0,0,15,0,0,8,0,0,2]","[0,0,0,0,0,0,0,0,0,0,0,0,0,0,0,0,0,0]","[-1,0,0,-5,0,0,-10,-5,0,0,0,-15,0,0,-8,0,0,-2]",15,0.7894467851364162,-0.021849143287611117,62,209.7682928244016,5.24420732061004,0.29134485114500225,12.323410684298143,0,40.0,128,199.55308290660187,4.988827072665047,50.00000000000002,True,522.7130681579001,86,86,100.0,110,110,100.0,183,163,89.07103825136612,248,248,100.0,274,274,100.0,84,84,100.0,114,114,100.0,12,12,100.0,77,77,100.0,66,46,69.6969696969697
adaptive_t0p02_i25ms,threshold,adaptive,18,0.0,0.02,25.0,adaptive_t0_i25ms,98.97893598497475,2.0,1.5,97.23360971291956,96.81020733652312,89.26149632949105,88.19776714513556,-7.972113383428507,-8.612440191387563,0.0,0.0,0.0,0.0,2.331113225499515,96.78506001759679,89.37883822672426,88.33865814696486,98.96155487857223,0.4485496953227681,-0.11734189723320299,-0.1408910018293028,0.017381106402524438,627,8,19.0,33,0.390625,0668f324afc74e465b6096abcbd4900a3b3930125156838f2334c7158fe8c4d2,201.86360341828697,2.9990899497087495,11.338344989073693,6.308237606821468,0.30636513631869294,88.1962932829844,333.43448071542934,627,32,100.0,100.0,96.81020733652312,96.81020733652312,0.0,97.23360971291957,97.23360971291957,0.0,0.0,0.0,,0.0,114.05555555555556,114.375,38.375,38.375,2.9721317408613825,39.5,8963.348897671973,9463.348897671973,1904.9112252551786,46,0,-46,"[1,0,0,5,0,0,10,5,0,0,0,15,0,0,8,0,0,2]","[0,0,0,0,0,0,0,0,0,0,0,0,0,0,0,0,0,0]","[-1,0,0,-5,0,0,-10,-5,0,0,0,-15,0,0,-8,0,0,-2]",15,0.7894467851364162,-0.021849143287611117,62,209.7682928244016,5.24420732061004,0.29134485114500225,12.323410684298143,0,40.0,128,199.55308290660187,4.988827072665047,50.00000000000002,True,519.971970431041,86,86,100.0,110,110,100.0,183,163,89.07103825136612,248,248,100.0,274,274,100.0,84,84,100.0,114,114,100.0,12,12,100.0,77,77,100.0,66,46,69.6969696969697
adaptive_t0p05_i25ms,threshold,adaptive,18,0.0,0.05,25.0,adaptive_t0_i25ms,98.97893598497475,2.0,1.5,97.23360971291956,96.81020733652312,89.26149632949105,88.19776714513556,-7.972113383428507,-8.612440191387563,0.0,0.0,0.0,0.0,3.6096574690770655,96.78506001759679,89.37883822672426,88.33865814696486,98.96155487857223,0.4485496953227681,-0.11734189723320299,-0.1408910018293028,0.017381106402524438,627,8,19.0,33,0.390625,0668f324afc74e465b6096abcbd4900a3b3930125156838f2334c7158fe8c4d2,201.86360341828697,2.9990899497087495,11.338344989073693,6.308237606821468,0.30636513631869294,88.1962932829844,333.43448071542934,627,32,100.0,100.0,96.81020733652312,96.81020733652312,0.0,97.23360971291957,97.23360971291957,0.0,0.0,0.0,,0.0,112.5625,113.125,38.375,38.375,2.933224755700326,39.5,8963.348897671973,9463.348897671973,1904.9112252551786,46,0,-46,"[1,0,0,5,0,0,10,5,0,0,0,15,0,0,8,0,0,2]","[0,0,0,0,0,0,0,0,0,0,0,0,0,0,0,0,0,0]","[-1,0,0,-5,0,0,-10,-5,0,0,0,-15,0,0,-8,0,0,-2]",15,0.7894467851364162,-0.021849143287611117,62,209.7682928244016,5.24420732061004,0.29134485114500225,12.323410684298143,0,40.0,128,199.55308290660187,4.988827072665047,50.00000000000002,True,527.5622143459041,86,86,100.0,110,110,100.0,183,163,89.07103825136612,248,248,100.0,274,274,100.0,84,84,100.0,114,114,100.0,12,12,100.0,77,77,100.0,66,46,69.6969696969697
adaptive_t0_i50ms,interval,adaptive,18,0.0,0.0,50.0,adaptive_t0_i25ms,98.97888335172313,2.0,1.5,97.23360971291956,96.81020733652312,89.26149632949105,88.19776714513556,-7.972113383428507,-8.612440191387563,0.0,0.0,0.0,-5.2633251627298705e-05,10.454329210275926,96.78506001759679,89.37883822672426,88.33865814696486,98.96155487857223,0.4485496953227681,-0.11734189723320299,-0.1408910018293028,0.01732847315089714,627,8,19.0,33,0.390625,0668f324afc74e465b6096abcbd4900a3b3930125156838f2334c7158fe8c4d2,201.86360341828697,2.9990899497087495,11.338344989073693,6.308237606821468,0.30636513631869294,88.1962932829844,333.43448071542934,627,32,100.0,100.0,96.81020733652312,96.81020733652312,0.0,97.23360971291957,97.23360971291957,0.0,0.0,0.0,,0.0,104.56944444444444,104.625,20.0,20.0,5.228472222222222,20.0,8963.354108440451,9463.354108440451,1904.9286253254686,35,0,-35,"[0,0,0,4,0,0,9,3,0,0,0,13,0,0,6,0,0,0]","[0,0,0,0,0,0,0,0,0,0,0,0,0,0,0,0,0,0]","[0,0,0,-4,0,0,-9,-3,0,0,0,-13,0,0,-6,0,0,0]",13,0.7895094537691327,-0.021850231226705485,62,209.7682928244016,5.24420732061004,0.29134485114500225,12.323410684298143,0,36.62562823272735,128,199.55308290660187,4.988827072665047,50.00000000000002,True,502.84292915300466,86,86,100.0,110,110,100.0,183,163,89.07103825136612,248,248,100.0,274,274,100.0,84,84,100.0,114,114,100.0,12,12,100.0,77,77,100.0,66,46,69.6969696969697
adaptive_t0_i100ms,interval,adaptive,18,0.0,0.0,100.0,adaptive_t0_i25ms,98.97884198734518,2.0,1.5,97.23360971291956,96.81020733652312,89.26149632949105,88.19776714513556,-7.972113383428507,-8.612440191387563,0.0,0.0,0.0,-9.399762957684743e-05,26.694814462416737,96.78506001759679,89.37883822672426,88.33865814696486,98.96155487857223,0.4485496953227681,-0.11734189723320299,-0.1408910018293028,0.01728710877294759,627,8,19.0,33,0.390625,0668f324afc74e465b6096abcbd4900a3b3930125156838f2334c7158fe8c4d2,201.86360341828697,2.9990899497087495,11.338344989073693,6.308237606821468,0.30636513631869294,88.1962932829844,333.43448071542934,627,32,100.0,100.0,96.81020733652312,96.81020733652312,0.0,97.23360971291957,97.23360971291957,0.0,0.0,0.0,,0.0,85.60416666666667,85.625,10.0,10.0,8.560416666666667,10.0,8963.355198065556,9463.355198065556,1904.931269391578,105,62,-43,"[8,0,0,12,0,0,17,11,6,0,3,21,0,0,14,3,2,8]","[5,3,8,0,0,4,2,12,0,0,0,8,10,0,0,2,2,6]","[-3,3,8,-12,0,4,-15,1,-6,0,-3,-13,10,0,-14,-1,0,-2]",15,0.7894800076510666,-0.02152835737231351,62,209.7682928244016,5.24420732061004,0.29134485114500225,12.323410684298143,0,25.217760801075674,128,199.55308290660187,4.988827072665047,50.00000000000002,True,510.3950618549716,86,86,100.0,110,110,100.0,183,163,89.07103825136612,248,248,100.0,274,274,100.0,84,84,100.0,114,114,100.0,12,12,100.0,77,77,100.0,66,46,69.6969696969697
adaptive_t0_i200ms,interval,adaptive,18,0.0,0.0,200.0,adaptive_t0_i25ms,98.97876946287688,2.0,1.5,97.23360971291956,96.81020733652312,89.26149632949105,88.19776714513556,-7.972113383428507,-8.612440191387563,0.0,0.0,0.0,-0.00016652209787082484,43.84514747859182,96.78506001759679,89.37883822672426,88.33865814696486,98.96155487857223,0.4485496953227681,-0.11734189723320299,-0.1408910018293028,0.017214584304653613,627,8,19.0,33,0.390625,0668f324afc74e465b6096abcbd4900a3b3930125156838f2334c7158fe8c4d2,201.86360341828697,2.9990899497087495,11.338344989073693,6.308237606821468,0.30636513631869294,88.19629328298439,333.43448071542934,627,32,100.0,100.0,96.81020733652312,96.81020733652312,0.0,97.23360971291957,97.23360971291957,0.0,0.0,0.0,,0.0,65.57638888888889,65.625,5.0,5.0,13.115277777777777,5.0,8963.364199813781,9463.364199813781,1904.9522410626814,151,47,-104,"[11,0,1,15,0,1,20,15,10,0,7,25,2,1,18,7,6,12]","[4,2,6,0,0,3,1,10,0,0,0,6,8,0,0,1,1,5]","[-7,2,5,-15,0,2,-19,-5,-10,0,-7,-19,6,-1,-18,-6,-5,-7]",19,0.7895324159875927,-0.02145239062476545,62,209.7682928244016,5.24420732061004,0.29134485114500225,12.323410684298144,0,24.727028762411987,128,199.55308290660196,4.988827072665049,50.000000000000014,True,877.3499926640652,86,86,100.0,110,110,100.0,183,163,89.07103825136612,248,248,100.0,274,274,100.0,84,84,100.0,114,114,100.0,12,12,100.0,77,77,100.0,66,46,69.6969696969697
